,AF3_max,AF4_max,AF3_peaks_diff,AF4_peaks_diff,label
0,7867.692383,6775.384765999999,140.59940645454662,78.12127672371298,none
1,7903.589844,6857.94873,178.81245177631763,93.41125331645617,none
2,5900.0,4894.3588869999985,126.9086189149175,103.0612568877541,none
3,4923.0771479999985,4674.3588869999985,66.59143556000072,53.827166506172944,none
4,8023.589844,5321.538574,210.91954105788227,133.88740912643607,none
5,8023.077148,5315.384765999999,176.8531572644756,127.52971604541744,none
6,8067.179687999998,5215.384765999999,218.1206434589776,127.40715240353438,none
7,7877.94873,5661.538574,67.79764878915557,40.23651904696908,none
8,7972.820312999998,5343.0771479999985,174.31465508642032,130.79305954651227,none
9,5043.0771479999985,4782.05127,83.68813878082074,67.53741807009465,none
10,7957.436035,5285.128418,205.04153531896327,137.5438556765621,none
11,5003.589844,4757.94873,66.88202209446172,61.71416219343428,none
12,4900.0,4680.0,35.74982415014438,27.50194442314387,none
13,7903.077148,5641.025879,74.1826840084891,39.32480597435824,none
14,7858.974120999998,6750.256348000001,210.256411571429,204.6524379277089,none
15,6317.94873,4929.743652,55.18403192250753,30.2378723734937,none
16,7887.179687999998,6187.692383,133.49578411655648,92.52149049567743,none
17,5284.615234000001,4839.487305,78.44594708422846,64.31468702631537,none
18,7856.922852,5475.384765999999,81.76690632030022,68.51874500756003,none
19,8043.589844,5101.538574,181.23175235854706,141.69238099834,none
20,5050.769043,4712.307617,92.52913037500548,77.38512114118475,none
21,4941.025879,4758.974121,65.11852763644583,62.87828563383937,none
22,5067.692383,4704.615234000001,35.175282246475035,24.24228145919642,none
23,7965.641113,5674.871582,175.13171113473254,130.42949521250193,none
24,5036.410156,4748.205078,82.15029543530818,74.07280951384291,none
25,5012.820313,4750.256348,95.15139586060559,76.47798771236376,none
26,7909.230956999999,5014.3588869999985,148.20812963483058,99.11636478909259,none
27,5790.256348,4605.128418,37.62210551645603,27.17922433770218,none
28,7869.743651999999,5886.666504,118.3727434199136,80.68867111843247,none
29,7883.077148,5119.487305,171.68727691357935,122.20996164459666,none
30,7862.05127,6178.461426,180.29970002597247,110.9248323147749,none
31,7980.0,4993.333496,164.1986969125005,110.73099320071742,none
32,7845.641113,6341.025879,230.3979924219957,222.51623730063966,none
33,7907.692383,6168.205078,88.26433506111016,48.47415875743627,none
34,7637.94873,4801.538574,69.45565509491644,27.51940058139462,none
35,7857.94873,5208.7177729999985,151.5749678385955,135.99345178989643,none
36,5139.487305,4799.487305,94.86190674312911,77.52642465882309,none
37,5363.0771479999985,5000.512695,76.2993057383419,61.15809650674146,none
38,7986.666504000002,4676.9228520000015,150.17439278053826,116.51657186585271,none
39,5129.743652,4777.436035,35.004726930004836,25.565272465776616,none
40,4944.615234000001,4649.230957,54.26690506410523,63.47446559175114,none
41,7830.769043000001,5804.615234000001,108.49869442429826,74.7198470617277,none
42,7941.025879000002,5600.512695,83.11794921333467,54.53275648915951,none
43,4946.153809,4722.563965,58.82495693115288,52.075709785715844,none
44,5013.846191,4732.820313,69.9722703345833,56.55112109667243,none
45,7872.820312999998,7058.461426000002,152.60757383273176,99.50758735381169,none
46,7908.717773,7472.307617,223.15613158159113,173.16534151506767,none
47,7927.692383,5364.615234000001,215.13669585237994,126.08584630120367,none
48,7883.077148,5963.589844,2.504745608553094,45.0926383267406,none
49,7975.384765999999,5270.769043,136.4254926663284,124.6852388145262,none
50,7876.410156,5161.025879,139.90295419963468,44.28164647601261,none
51,5010.256348,4735.897461,70.26643257057367,62.17697652982588,none
52,5029.743652,4727.179688,107.02437712508436,80.99747290334562,none
53,7877.436035,6248.7177729999985,138.30892920928682,104.32480294666948,none
54,5510.769043,4791.794922,39.0238186292172,26.648749755810968,none
55,5043.589844,4766.153809,116.54979256840579,101.21792856249704,none
56,5132.820313,4799.487305,87.98702405747281,66.2636490888708,none
57,5004.615234000001,4768.205078,69.95552442272128,65.9199316461054,none
58,5015.897461,4752.820313,87.91346460272234,66.41942409697822,none
59,5074.3588869999985,4778.461426,74.84797461203652,60.86688697221962,none
60,6171.2822270000015,4868.7177729999985,43.765862792507505,27.600759628355263,none
61,7852.307617,6192.820313,187.3963014085448,118.24809901677236,none
62,7782.563965,5238.461426,315.1880127000031,172.14452210483705,none
63,5125.6411130000015,4746.153809,74.22804706052739,53.09308104819138,none
64,6803.589844,5121.025879,119.74027559740352,90.11163262352875,none
65,5100.0,4796.410156,65.112640397434,46.367119861695755,none
66,5083.589844,4616.9228520000015,36.86723254303979,22.969533110123848,none
67,4866.153809,4626.153809,66.91953445489344,54.713111523812586,none
68,5221.025879,4801.538574,85.11278936303643,71.67820346520057,none
69,5054.3588869999985,4745.6411130000015,73.33951136144242,73.5628061985417,none
70,7966.153809,5364.102539,242.33009755584317,136.03063493506397,none
71,7909.230956999999,5292.307617,170.19418516131918,132.18391090805017,none
72,5046.666504,4763.0771479999985,75.5213355998576,60.759493620251305,none
73,4898.461426,4589.230957,42.90383917500094,16.15794269806156,none
74,5204.102539,4861.538574,68.23986169311411,67.47984099999758,none
75,5396.9228520000015,4773.333496,32.718200050141604,26.42604665266026,none
76,7851.282227,5977.94873,139.50015858363713,114.89102478750192,none
77,7894.358887,5064.615234000001,74.5720817013007,37.823009675319554,none
78,5989.743652,5118.974121,76.64207326975338,57.8831513532059,none
79,4953.333496,4674.871582,73.25855792604307,65.69350752942955,none
80,4908.7177729999985,4677.436035,56.76799991672851,53.531633287891964,none
81,7893.333495999998,6681.538574,163.3086457939653,76.77640688326392,none
82,6931.282227,4871.2822270000015,58.04611905429465,36.61171050882331,none
83,7854.358887,6605.128418,133.73089503840993,98.25643224000032,none
84,7874.358887,6996.410156,238.58313074570697,104.1752821503078,none
85,7853.846191,5397.94873,110.22868395946261,71.79768196917894,none
86,5040.0,4747.692383,35.66991730866994,25.045444039264112,none
87,7534.358887,4939.487305,66.99330661049135,37.07628413966904,none
88,5025.6411130000015,4739.487305,89.05068767113244,68.5826839797246,none
89,5565.6411130000015,4835.897461,119.9949606975224,95.07346149070327,none
90,7871.794922,7155.384765999999,111.81732352240806,89.11946793740935,none
91,4929.743652,4722.05127,63.37099224490521,61.32673974820682,none
92,4980.512695,4771.794922,77.4258965864201,71.7385520506923,none
93,5055.897461,4703.0771479999985,35.91569214284027,24.15289396921162,none
94,7870.769043000001,7171.282227,134.9390288053669,97.08947598750547,none
95,7862.05127,6016.410156,210.4274931823379,118.18395726198332,none
96,5048.205078,4786.153809,88.10534115153587,71.28207561842282,none
97,7982.563965,5521.025879,170.44504600000073,127.27622695636,none
98,7935.897461,5766.666504,84.88709261316308,40.61018470885847,none
99,7845.641113,5035.897461,91.07454741863512,30.88747647452874,none
100,4880.512695,4711.2822270000015,59.619805025530695,52.66795650528911,none
101,7883.589844,5094.3588869999985,84.29128222222062,44.01846745477451,none
102,7938.461426000002,5335.384765999999,39.10410387951788,48.17369617459008,none
103,7864.102539,5620.0,70.10017064310614,92.25149859526846,none
104,7894.358887,7277.436035,110.49300509684099,101.89962553731493,none
105,4995.384765999999,4662.563965,65.66569118678854,55.344773778947456,none
106,6989.743651999999,5262.563965,131.73219941651223,107.85790158742202,none
107,7854.871581999999,6615.897461,59.074614406153614,82.87308758974177,none
108,7852.820312999998,6281.538574,168.77712156410234,81.30239412284936,none
109,5100.512695,4794.3588869999985,62.60994162086263,52.265377339284896,none
110,7862.563965,5882.563965,194.42922597260304,99.49001411717882,none
111,5168.7177729999985,4802.05127,50.488798367564414,58.797110984133724,none
112,7877.436035,5914.3588869999985,71.84874544540753,42.7306759387352,none
113,7851.282227,5438.974121,110.80640164706756,78.29721945043639,none
114,7964.102539,6073.846191,210.50255686009223,55.257558774683275,none
115,4899.487305,4617.436035,43.47291825893717,26.083108793102838,none
116,5010.769043,4736.410156,73.87213832911493,65.3966405322526,none
117,8002.563965,5141.025879,304.58007890662657,115.43190144935579,none
118,7880.512695,5452.307617,179.9458475189458,116.87280399382871,none
119,5013.846191,4735.384765999999,63.29388888461472,52.42725739341131,none
120,7861.025879000002,4984.615234000001,101.30843826923319,38.523473043089325,none
121,7893.846191,5842.05127,151.77776354135358,120.74245613370749,none
122,7877.94873,5727.179688,150.07316803456752,71.10059739015105,none
123,7884.615234000001,5686.153809,114.05257579220779,86.34098866216209,none
124,7758.974120999998,6360.0,106.48040756280625,89.98947184931603,none
125,5035.897461,4702.563965,60.00129188656956,56.49183802272546,none
126,7882.05127,6350.256348,141.5530854719873,76.25587039717266,none
127,4991.794922,4777.436035,89.54458665671427,71.28206070513079,none
128,5323.0771479999985,4593.333496,30.459109267443637,23.01351201532907,none
129,7876.922852,5893.846191,141.9007480491191,106.721609952383,none
130,7895.384765999999,4984.102539,90.10838133634888,41.050366542169286,none
131,5014.871582,4717.94873,52.151105052632374,47.721402261366165,none
132,5007.179688,4780.0,72.20257189643326,55.71644925882447,none
133,5518.974121,4970.769043,82.02300934264986,59.16752479220759,none
134,7989.230956999999,5560.512695,206.84703307394693,129.16124200444028,none
135,7814.358887,4868.7177729999985,135.64814509737425,87.08907558921783,none
136,7975.897461,5330.256348,193.50156011080844,122.49164608695719,none
137,7933.333495999998,5222.563965,89.74673084408823,37.58089765258137,none
138,7823.589844,6580.0,92.00566940966655,76.79886089449974,none
139,4961.025879,4686.153809,63.67013535132901,58.881518312299704,none
140,4952.820313,4647.179688,35.602993475538824,28.471094962963434,none
141,4925.128418,4678.974121,51.29879620652264,48.34295452688093,none
142,7977.94873,5195.384765999999,151.59738940750822,121.14848457137487,none
143,7872.820312999998,5419.487305,51.34256062986924,47.24860568443182,none
144,7346.153809,4903.589844,73.0635117282045,36.935788430719185,none
145,7871.282227,6902.05127,259.2865726773098,107.16616790908938,none
146,5163.589844,4798.461426,72.88483226740118,68.30901098734103,none
147,7848.717773,6388.205078,55.70597329333714,77.4873419579626,none
148,7878.461426000002,5590.769043,219.8446868079668,119.5884446746586,none
149,5074.871582,4794.3588869999985,54.63655610571004,49.51161985714225,none
150,7888.205078,5247.179688,138.5221422382033,105.78415127906919,none
151,5102.563965,4778.974121,72.280879139651,58.88892764285902,none
152,7867.179687999998,6424.615234000001,122.19312451729684,107.2583084855114,none
153,7945.128418000001,5558.974121,174.19812092550546,126.08667285714273,none
154,5115.897461,4692.307617,64.75933024572441,54.40050257052371,none
155,5049.743652,4681.538574,35.923932728247564,25.665599980166007,none
156,4883.589844,4632.820313,54.31221063567136,50.91701284609735,none
157,4904.615234000001,4657.94873,57.258769700659286,55.76520695308591,none
158,5055.897461,4777.94873,49.05668085174784,49.03992269767332,none
159,7950.769043000001,5320.0,162.69050070219737,124.81742952246896,none
160,5954.3588869999985,4708.7177729999985,122.14199375872886,82.58933499121213,none
161,7994.871581999999,5047.692383,230.58138465611955,116.585356951221,none
162,7883.589844,5107.692383,161.01916963290932,91.61254878889213,none
163,7871.282227,6521.538574,135.58559106757002,119.40633974742104,none
164,7883.589844,6943.077148,142.74833021716404,125.30267382804868,none
165,5085.6411130000015,4795.897461,59.896713842639656,54.587584686747505,none
166,4996.9228520000015,4670.256348,60.64625039953626,58.60637535938167,none
167,4958.974121,4649.743652,60.66491698000664,55.11585602749801,none
168,7885.128418000001,5622.05127,128.03362836157203,40.01998146753249,none
169,7866.666504000002,6893.846191,235.85538146,122.46575680821661,none
170,5071.794922,4658.461426,45.74362930588268,26.650846765293863,none
171,4935.897461,4706.666504,74.67055404843813,63.2622718072289,none
172,7903.077148,5115.897461,165.0206043209887,128.15966801265768,none
173,7872.820312999998,7205.128418000001,186.2546356190187,108.90594363399305,none
174,5142.563965,4825.6411130000015,61.306820546913514,48.7438087682076,none
175,5030.769043,4671.794922,68.68418978414593,63.305761801494555,none
176,4975.897461,4678.461426,85.08310807938688,77.68205976084664,none
177,4799.487305,4617.436035,52.47589515042546,53.13434006525222,none
178,7963.589844,5294.871582,207.64465411990886,136.23678198960715,none
179,5015.384765999999,4732.820313,80.58775173541562,76.94714762799049,none
180,4949.743652,4658.461426,31.903469600004428,24.880444239533972,none
181,7945.641113,5171.794922,172.50218895402577,131.65178446511618,none
182,5068.205078,4791.794922,79.50884218912324,66.79110145936829,none
183,7893.846191,7329.230956999999,187.3868229827367,97.36780919557168,none
184,8098.974120999998,4877.436035,149.63821917926725,112.53759202298988,none
185,7925.641113,5914.3588869999985,193.88484682751232,43.442300424995665,none
186,4929.230957,4660.0,57.35241980232695,51.50047777429063,none
187,7914.358887,5188.205078,164.6809491633071,120.26917862186383,none
188,7869.743651999999,6714.871581999999,261.431984703529,90.73029877215231,none
189,7875.897461,6827.692383,170.16171340490473,146.87207493585447,none
190,7908.717773,5030.769043,170.4428647142854,117.96078249411858,none
191,5768.7177729999985,4803.589844,41.64688488048705,24.25339795860873,none
192,5207.692383,4833.333496,58.954104815788014,50.15043551949202,none
193,4976.9228520000015,4715.384765999999,62.69493891764432,57.06183244549811,none
194,5114.3588869999985,4789.743652,74.27668066666502,70.12977435802622,none
195,7867.179687999998,6935.897461,157.30422587505018,83.16351455612948,none
196,4940.512695,4707.179688,60.657217559828496,62.89009390558931,none
197,4927.179688,4683.589844,67.98017912014438,68.4181194427465,none
198,7991.794922,5119.487305,151.48650384537586,113.57147219047783,none
199,7849.743651999999,5872.307617,158.86133371717915,99.15844926490172,none
200,5227.179688,4813.846191,62.39094840259804,47.62284381702739,none
201,7946.153809,5466.153809,96.1957292119705,45.0708322548071,none
202,7795.897461,4938.974121,74.42913745256556,39.09731333116906,none
203,7792.820312999998,4925.6411130000015,141.3696875696187,109.0488653690827,none
204,8045.641113,5637.94873,262.3947674707183,113.43468999390825,none
205,7958.461426000002,5153.846191,160.6002170568181,134.48940475514337,none
206,7947.692383,5496.410156,45.6998140458536,45.43956351190627,none
207,4988.7177729999985,4665.128418,71.57393567370946,67.86555102703005,none
208,5018.974121,4707.179688,77.99013354586987,65.2918342965886,none
209,7920.0,5548.7177729999985,280.3903685634464,136.39464946507178,none
210,7851.794922,5634.871582,131.6074888770072,113.79808927934164,none
211,5114.871582,4800.512695,68.85156264903617,65.21919871778027,none
212,4932.307617,4715.897461,70.14732637380712,61.301515578821636,none
213,7876.922852,5065.128418,130.8770259698863,106.77533062539169,none
214,5016.9228520000015,4731.794922,103.63555994788749,85.46341602057055,none
215,4902.05127,4663.0771479999985,49.738010565220975,42.44595647486585,none
216,7821.538573999998,5189.230957,108.02823877694846,61.20067775640928,none
217,5581.025879,4517.94873,36.94657631148948,38.72176729637886,none
218,4901.025879,4614.871582,53.56294403749962,51.161786987652704,none
219,7859.487305,7080.512695,165.95530999080574,95.81157695195316,none
220,5802.05127,4794.3588869999985,48.67415559756137,38.66666638618153,none
221,7884.615234000001,5437.94873,150.86635757830572,48.17083782294685,none
222,7881.538573999998,5474.3588869999985,117.38979367917455,48.5237169274169,none
223,7861.538573999998,5950.769043,166.3131721861423,130.02859101946342,none
224,7769.230956999999,5462.05127,142.9776068852825,106.7312119301987,none
225,7862.563965,6917.94873,232.7350778404284,119.8857738761917,none
226,7907.179687999998,6358.461426,154.34140867085353,122.02497344633048,none
227,6635.384765999999,4912.307617,48.700367937819465,27.23647283950504,none
228,4968.7177729999985,4700.512695,73.93211944758514,73.66765888053942,none
229,7955.384765999999,5174.871582,137.64597451647023,112.15080172842409,none
230,5075.384765999999,4802.563965,76.7268936861492,55.24228183637206,none
231,4997.436035,4682.563965,52.538522124975316,45.15992467010528,none
232,7873.333495999998,7050.769043000001,248.27402501995311,181.05338435135036,none
233,7901.538573999998,6055.384765999999,201.48878565716996,185.18893490476148,none
234,4898.974121,4619.487305,37.08632343947829,23.13586567816037,none
235,7925.128418000001,6006.666504,164.32536050166436,43.82362769331576,none
236,7846.153809,5305.128418,138.66143059178194,90.56701483098277,none
237,7887.692383,5125.6411130000015,64.24341109719808,44.93913556867665,none
238,7905.641113,5829.230957,242.50015436155627,58.636877034718964,none
239,4821.538574,4632.820313,68.15846435064668,64.1940492289159,none
240,5023.0771479999985,4744.102539,94.03919171764483,81.10829964073582,none
241,7954.358887,5085.6411130000015,162.09350007058765,127.37993051724061,none
242,7830.769043000001,5325.128418,158.10255126250013,129.0243555875004,none
243,5115.897461,4847.179688,65.09159459999955,55.058944679815795,none
244,7949.230956999999,5170.256348,241.8192981309503,123.683607126467,none
245,4994.871582,4725.6411130000015,64.45841894154637,55.58820571411343,none
246,7926.666504000002,5147.179688,161.14520822156965,113.2649967312218,none
247,4915.384765999999,4677.94873,43.18315353736307,42.785715420202905,none
248,5125.6411130000015,4756.410156,37.4645827773993,23.812944003037046,none
249,5139.487305,4764.615234000001,29.692916160934146,25.634415751892448,none
250,4929.743652,4681.538574,73.35316718431295,59.6825333568504,none
251,5102.05127,4806.666504,83.02263616470736,66.00298241211021,none
252,7921.538573999998,5192.820313,135.12629464438396,42.92122335395743,none
0,7739.487305,4466.666504,79.68849615189993,36.56239836464647,none
1,7823.077148,4621.025879,83.45156770849371,35.034690885745476,none
2,7783.077148,4500.512695,90.50548965714324,34.54600178823421,none
3,5938.974121,4464.102539,49.98898036987157,30.508718975910597,none
4,6902.05127,4724.102539,66.0414537397246,36.61831807529052,none
5,7881.538573999998,6549.230957,220.18961594117627,54.357934576323714,none
6,7738.974120999998,4455.384765999999,81.07829398717968,32.53129673066633,none
7,7308.205078,5406.666504,71.5189213870508,40.962744891729926,none
8,6397.436035,4516.9228520000015,55.22852978260926,39.912748984991595,none
9,7855.384765999999,6157.94873,142.93386194287586,43.47513216470725,none
10,6576.9228520000015,5558.461426,52.69924648019423,46.17483330769119,none
11,6721.538573999998,4394.3588869999985,85.67967720899651,51.26853852631757,none
12,7907.179687999998,6056.410156,79.4124579043123,53.946086551438384,none
13,7860.512695,6160.0,155.2404570996673,57.541270912790424,none
14,7889.230956999999,6109.743652,122.4379365405016,44.157476825206686,none
15,7333.333495999998,4503.0771479999985,80.7079952727263,44.77335424540888,none
16,7890.769043000001,4459.487305,68.86349358859025,33.75563537647031,none
17,6476.9228520000015,4580.512695,54.97120440434264,54.345734089658436,none
18,6417.436035,4507.179688,24.967048014287684,36.352617115843714,none
19,7874.871581999999,6332.307617,64.92911011764454,56.86022595092709,none
20,7876.410156,5938.974121,146.417544200066,50.863102200002686,none
21,7884.102539,6204.102539,186.38180242877115,49.59729945644267,none
22,4909.743652,4577.94873,44.425455018874345,31.075080790922584,none
23,7912.820312999998,6275.384765999999,104.17246438909888,47.876562820873914,none
24,7857.94873,4543.0771479999985,128.25309466742692,32.135877579600674,none
25,6981.025879000002,4569.230957,59.87668620697241,32.14033001498228,none
26,7831.282227,4518.974121,82.41363609333439,31.746026776851068,none
27,6082.563965,4509.743652,49.358944402775705,32.411385262501426,none
28,7860.0,6170.769043,223.1982121114329,52.828018938516834,none
29,6980.512695,4694.871582,65.60801593611086,39.34692270275082,none
30,7882.563965,6076.9228520000015,152.8934974676281,56.9635620394738,none
31,7514.358887,4485.128418,92.53824144406371,33.5985934597702,none
32,7430.769043000001,4452.307617,69.44143935988268,33.23879015365583,none
33,5072.820313,4442.563965,42.656207731070026,38.2502037674094,none
34,7881.538573999998,6014.3588869999985,28.949181823390063,51.099330640956396,none
35,7835.384765999999,4518.974121,90.06002602193212,30.932104606254143,none
36,7885.641113,5743.589844,85.5158854387696,46.12531407191909,none
37,7893.846191,5731.2822270000015,131.9000651153833,42.840639064680545,none
38,6637.436035,4680.0,93.45564101225591,66.97889314881468,none
39,6730.769043000001,5506.153809,59.95209877565412,39.802814593913354,none
40,7327.692383,4475.384765999999,78.67709183632178,36.20761614429375,none
41,6231.794922,5346.153809,57.52702710066933,45.91236235898123,none
42,7878.461426000002,6116.9228520000015,163.19167758130243,54.003981254334576,none
43,7851.794922,4489.743652,97.44102189080559,26.85150004650859,none
44,6502.05127,4615.897461,55.36670309623969,40.19388330488073,none
45,7873.846191,6177.436035,150.5583111871947,52.073454115709865,none
46,5853.333496,5145.128418,52.02088187677509,39.47007376666443,none
47,7838.974120999998,4508.7177729999985,101.5199257857148,33.01986682894494,none
48,7868.717773,4530.256348,133.9775354688545,30.173010393848017,none
49,7872.307617,4472.820313,76.97092769333358,29.3296193253027,none
50,7824.615234000001,4479.487305,89.15188680769188,30.184193730814513,none
51,7809.743651999999,5800.0,85.3862593238473,57.32863960027316,none
52,7899.487305,6415.897461,114.08923152466878,48.82272768817165,none
53,6536.410156,5711.794922,64.84041376580353,43.22426986206938,none
54,7900.0,6167.692383,140.86173817610734,50.20628476971979,none
55,7458.461426000002,4492.307617,79.00943617965368,33.501201291754114,none
56,7853.333495999998,5736.9228520000015,77.92101386486411,41.344681974556806,none
57,7397.436035,4484.615234000001,75.88493058834592,30.941227115947186,none
58,7870.769043000001,6114.3588869999985,253.1101754904812,53.387515393163085,none
59,7852.820312999998,4437.436035,72.54216908400667,31.861837178523274,none
60,7902.05127,6594.3588869999985,129.53521027912393,53.91817429974799,none
61,7744.615234000001,4450.769043,86.91808399324509,29.87839221126069,none
62,7877.436035,6165.128418,136.40358349350709,49.46318504042483,none
63,7870.256348000001,6097.436035,172.72441770947535,75.02465368562525,none
64,7842.563965,4509.743652,77.79961341996659,27.541815582890194,none
65,7899.487305,5735.384765999999,124.17918805747058,41.976773628450246,none
66,7396.410156,4491.2822270000015,84.88158356175336,31.877328247314836,none
67,7810.256348000001,4510.256348,80.57263858891702,35.64386878495043,none
68,7878.974120999998,4473.846191,84.50086255191991,33.48092759407882,none
69,7884.615234000001,5873.846191,201.6227457945197,44.242050220830606,none
70,7926.666504000002,6180.0,25.816466279486576,47.7635227920091,none
71,7304.615234000001,4464.615234000001,60.915542378571445,27.705928851050885,none
72,7805.641113,4468.7177729999985,144.00743018865342,28.961529499998505,none
73,5701.538574,4548.205078,47.96768165769845,39.974230831816385,none
74,7853.333495999998,4491.2822270000015,89.78406735526505,30.915513001176805,none
75,7376.410156,5695.384765999999,70.05766802031758,45.88384798780953,none
76,6743.077148,4787.179688,64.20971538115828,34.231464449796476,none
77,7888.717773,6132.820313,51.499448504783686,52.18185520122552,none
78,7873.846191,6223.0771479999985,158.36210779601788,57.34504610046133,none
79,5215.897461,4503.0771479999985,46.020679012988694,33.20495944684535,none
80,5660.0,4443.589844,54.48369855405144,34.17921652449513,none
81,7874.358887,5529.743652,178.7964553105985,39.83963441616015,none
82,7855.897461,4563.589844,147.5007686672152,28.870611309523156,none
83,6797.94873,4743.589844,89.20224336111278,44.35595308207667,none
84,7809.743651999999,4485.128418,71.6842162861376,31.303181909925115,none
85,6580.512695,4632.307617,63.152774139512076,40.17766943269271,none
86,7745.128418000001,5536.410156,72.96500717183608,41.05340588595391,none
87,6205.128418,5585.128418,64.44889100929504,42.53584972518365,none
88,6675.384765999999,4707.179688,69.7437254942015,41.570893582278586,none
89,7854.358887,4543.589844,42.1215418630145,36.2177389440767,none
90,7869.743651999999,4475.897461,60.34718162580111,32.1296543217486,none
91,7900.512695,6258.974121,153.6681009861113,53.151803068351,none
92,6298.461426,4500.0,47.18786387265118,39.65612074117507,none
93,7805.641113,4461.538574,80.29489543967702,33.554141039674505,none
94,5952.307617,5375.897461,62.32317745783348,43.67551763039137,none
95,6245.6411130000015,4525.6411130000015,61.8354742917536,35.702758642756635,none
96,5818.974121,4812.820313,54.226437833209275,41.5079499396079,none
97,6665.128418,4616.410156,131.74358608571265,70.07739069493982,none
98,7824.615234000001,4491.2822270000015,69.46527374892048,35.517106292134486,none
99,5816.410156,5177.436035,54.17300989011164,40.19038655378881,none
100,7842.05127,4548.7177729999985,86.58835147710897,30.787183401013863,none
101,7893.333495999998,6275.384765999999,212.81941514775144,51.5031068565886,none
102,7868.205078,6297.94873,136.4363982816899,53.57598145969314,none
103,7829.230956999999,4490.769043,69.34149571387434,31.589751315791545,none
104,7853.333495999998,4555.384765999999,84.02163211841889,36.38295905829,none
105,7257.436035,4728.205078,107.23994758954996,48.650046741588085,none
106,7822.563965,4494.3588869999985,73.24717726708786,34.44359228270332,none
107,7526.153809,4453.333496,79.04959259845327,37.57020827701672,none
108,7879.487305,6052.820313,127.55321111848525,52.9643434878044,none
109,7394.871581999999,4438.974121,73.60557723456623,34.12535986788225,none
110,5943.589844,5267.179688,55.06255765372407,36.837977909610345,none
111,7890.256348000001,4488.7177729999985,184.8446325280711,33.62125489504524,none
112,7897.436035,5749.230957,113.69872135000105,49.94456948629977,none
113,7869.230956999999,4482.563965,79.71216634377743,31.578498731723812,none
114,7885.128418000001,4787.179688,83.88420962481132,31.657322572740668,none
115,7298.974120999998,4513.846191,80.87062811202213,35.75930683301158,none
116,7880.0,4579.487305,88.56967241780876,33.408390421495824,none
117,5452.820313,4504.615234000001,49.339939399650575,37.73186046210412,none
118,7852.307617,4476.9228520000015,84.67027905168106,30.806747804877887,none
119,7825.641113,4578.461426,74.27904644155842,32.71103080898865,none
120,7826.153809,4503.0771479999985,80.33455343373635,37.553812022990314,none
121,7825.641113,4615.897461,93.53979814285958,33.93815115005418,none
122,5933.846191,4898.974121,54.5715279660717,36.57912565666447,none
123,7860.512695,5902.05127,112.69716422906276,45.44190885882472,none
124,7853.333495999998,5526.153809,193.23976316335484,48.61582430861836,none
125,7884.102539,6314.3588869999985,104.0603074841456,63.193144586668495,none
126,7302.563965,4509.230957,78.53967521075265,34.622283713994875,none
127,7873.846191,5903.0771479999985,135.6841155041675,47.55094612206449,none
128,7854.871581999999,4465.128418,65.78595750449858,31.001420332575435,none
129,7878.974120999998,4958.974121,223.67474462974724,39.67156221348432,none
130,7811.794922,4445.128418,86.18590699999822,34.1316972500008,none
0,4675.897461,6878.461426000002,32.66373504047351,57.90714848802054,none
1,4616.410156,6418.974121,28.144459736078716,50.98144534482981,none
2,4869.230957,4874.871582,50.59661957758544,41.309437254246404,none
3,4741.025879,7208.205078,29.698718237497815,62.56647342771339,none
4,4653.333496,7054.871581999999,30.284578333048557,56.616499965517505,none
5,4596.9228520000015,4577.436035,37.73502104370618,35.3824175704367,none
6,4931.794922,6786.153809,38.631734428381606,61.16007824821463,none
7,4585.128418,4502.563965,34.93944663630464,33.65854291255437,none
8,4724.615234000001,4650.256348,37.03374404451188,36.465843843375296,none
9,4773.846191,4763.0771479999985,39.79040832508599,41.96578768562449,none
10,4720.0,4564.615234000001,39.593242567247216,31.728963551726338,none
11,4592.820313,4552.820313,39.1643406344474,31.151557512609543,none
12,4731.2822270000015,4549.230957,38.70676584782814,33.08616638693093,none
13,4570.256348,6026.153809,34.34383023748342,45.253230592538785,none
14,4546.153809,5863.589844,30.015770311493725,45.91668194308659,none
15,4823.0771479999985,4767.179688,35.913994161292976,34.61538549999841,none
16,4676.9228520000015,4455.384765999999,41.4852604415737,33.089429472294796,none
17,4608.7177729999985,4589.743652,40.705128968749705,42.19976944628979,none
18,4570.769043,4568.7177729999985,42.191767490296115,31.397171360333232,none
19,4772.820313,4562.05127,38.8607863733514,36.30736876935407,none
20,4606.666504,4548.205078,40.619146621951586,35.99759223599449,none
21,4567.692383,4503.0771479999985,39.78424026704488,30.69710755212418,none
22,4793.846191,6836.922852,30.233359966293392,53.35297219717722,none
23,4678.974121,6189.230957,33.35743335293864,40.383161482270225,none
24,4870.769043,6953.333495999998,31.428605354541105,61.52780102499128,none
25,4630.256348,4554.871582,46.27290253245883,37.74560755207767,none
26,4537.436035,7045.641113,25.52655382096691,59.48918804872028,none
27,4654.871582,5529.743652,34.85413297701507,46.78563668660445,none
28,4657.94873,4648.7177729999985,45.97896998315082,38.484578067414986,none
29,4715.897461,7086.153809,31.652149138749337,68.37826898701496,none
30,4676.410156,5303.589844,33.22474230399621,41.54856429440224,none
31,4536.410156,4578.461426,38.62257980837876,35.425910356320855,none
32,4594.871582,5660.512695,28.8888400666674,40.71076454268132,none
33,4727.179688,4634.3588869999985,34.26710515904506,30.164663842105256,none
34,4520.512695,6204.102539,25.431057771406813,47.66683243652915,none
35,4766.153809,7475.384765999999,34.00141967759282,75.4759179435091,none
36,4733.846191,5424.615234000001,31.23135221161192,40.48832669353487,none
37,4556.410156,4609.230957,35.28262308676585,34.72412259914472,none
38,4762.05127,4672.820313,34.70060702802857,32.788461759064376,none
39,4727.692383,4607.692383,36.75822815632728,35.56217453845784,none
40,4551.794922,4574.3588869999985,37.94003215925477,31.028475912085923,none
41,4734.3588869999985,6409.230957,26.11771199669238,48.89575206396148,none
42,4596.410156,4495.897461,39.662286005959686,31.341344131098595,none
43,4819.487305,5475.384765999999,36.8508191407891,40.45291412219194,none
44,4947.179688,4687.692383,43.0458944044949,36.06619040451915,none
45,4653.846191,4512.307617,40.16685681085619,33.712276689218015,none
46,4611.794922,7428.205078,32.907137696444806,68.58564406912137,none
47,4811.2822270000015,5286.153809,28.777151953481734,37.683478666666815,none
48,5139.487305,4876.9228520000015,42.068753340911826,43.16465356579192,none
49,4597.94873,4462.563965,40.60151941917957,27.525092567394495,none
50,4743.0771479999985,4536.9228520000015,42.912091880953994,31.128574626698537,none
51,4465.128418,6023.0771479999985,25.665664386528988,47.64817905807104,none
52,5194.871582,4842.563965,39.104018205393004,31.563497475609438,none
53,4538.974121,4527.179688,36.4794154494366,33.90858177936843,none
54,4568.205078,6126.666504,31.522229100722143,44.180449770079576,none
55,4680.0,6208.7177729999985,28.555578804166544,49.669115317682554,none
56,4698.461426,4671.2822270000015,35.71015499779878,33.31560153942064,none
57,4669.743652,4595.384765999999,44.822819752810574,42.85334078237884,none
58,4928.205078,6520.0,32.051247877777314,63.03644124999937,none
59,5076.410156,7068.717773,33.7424862659409,60.323435480849184,none
60,4786.666504,4627.692383,39.921223201531575,34.39598097679027,none
61,4644.102539,4560.512695,41.302921488836546,35.90438705582983,none
62,4615.384765999999,4393.846191,42.118542346639515,34.9308619143294,none
63,4589.230957,7185.128418000001,24.237458297945523,67.97115030502664,none
64,4613.333496,7014.358887,28.508908311633604,58.938369982691256,none
65,4672.820313,7208.205078,34.84145112829901,64.3352773134593,none
66,4598.974121,4616.9228520000015,35.623250152558285,32.63912403548329,none
67,4705.128418,6115.384765999999,31.838922762418406,49.112682966615466,none
68,4631.2822270000015,4623.0771479999985,47.86417402873758,37.62027083145858,none
69,4718.461426,5901.025879,36.054415096786215,44.63580189613913,none
70,4671.2822270000015,6040.0,29.229954983017706,42.742162275327246,none
71,4700.0,4600.0,35.20626171738968,36.07829910919827,none
72,4742.05127,4664.102539,37.190853437606165,31.222687094736102,none
73,4718.461426,7174.358887,28.37799382900721,58.392635088320276,none
74,4611.2822270000015,4577.94873,47.52434561641712,44.170880504707384,none
75,4794.871582,5503.589844,30.558390956041876,34.62728001254254,none
76,4624.615234000001,4604.615234000001,40.93655950868197,36.632895578456555,none
77,4555.384765999999,4417.94873,37.9814401170197,32.517517102270176,none
78,4477.436035,6413.846191,24.92937159115172,47.48883133869185,none
79,4700.0,4698.974121,36.81089435152353,33.082460235199505,none
80,4651.2822270000015,6221.538574,23.90680316887665,49.2047876962024,none
81,4801.538574,5528.205078,33.811277455984964,43.11407687072915,none
82,4612.307617,4575.897461,35.51118664563546,33.18121184297888,none
83,4720.512695,7072.820312999998,31.514216684212442,58.477989792061635,none
84,5148.7177729999985,7080.512695,38.67322389380843,57.87957227425886,none
85,4878.461426,7212.307617,33.453461291455824,57.243461667517295,none
86,4661.538574,4573.846191,37.65329420879789,32.93465167440263,none
87,5749.743652,4831.2822270000015,54.56303174829554,36.67548445209468,none
88,4821.538574,7120.0,31.293255778526145,62.04346581436539,none
89,4562.05127,6458.974121,29.227957243233504,51.02009244722103,none
90,4753.846191,6749.230956999999,33.672495184441686,58.38979088323322,none
91,4631.2822270000015,6178.461426,24.249286233392013,51.45793508397401,none
92,4790.256348,5607.179688,32.57807912711178,41.03620447182129,none
93,4641.538574,4543.589844,38.09703956534213,36.17596429065725,none
94,4624.102539,4582.563965,35.12012948959455,32.40483141052482,none
95,4570.256348,5394.3588869999985,28.507151719803005,41.3944732342934,none
96,4660.0,4597.94873,37.86714312500044,33.40533676891482,none
97,4566.153809,5582.05127,33.262176487663965,36.83923464681902,none
98,4646.153809,7418.974120999998,28.44345440097004,67.57829980246743,none
99,5275.384765999999,4927.179688,45.722840888124665,43.55132430438425,none
100,4674.871582,4623.0771479999985,40.424858347003465,31.13548589684524,none
101,4968.205078,5978.461426,31.00457344246206,40.232552994461,none
102,4573.846191,4581.025879,44.96317694253048,37.77927811442987,none
103,4777.94873,4605.6411130000015,41.162745279071714,33.84602371884648,none
104,5097.436035,4797.436035,46.512449869715056,43.95182152421967,none
105,4637.436035,5663.0771479999985,32.84017849524753,47.74997865000023,none
106,4633.333496,6098.461426,30.385093301390043,50.35723091833006,none
107,4713.846191,7006.153809,34.174419027410295,67.62419677836579,none
108,4671.2822270000015,6824.102539,29.461849229457584,59.92333915040399,none
109,4611.2822270000015,4566.666504,44.25079825371904,34.08287904395456,none
110,4702.563965,5470.769043,33.48150505555623,42.281519750531515,none
111,4976.9228520000015,5434.3588869999985,31.309496588232832,41.192300362501555,none
112,4725.6411130000015,4627.692383,40.9147992647986,33.17019374999745,none
113,4948.7177729999985,4774.3588869999985,49.473269318904386,50.933588388400494,none
114,4661.025879,4634.3588869999985,39.53210530416527,35.21171908653014,none
115,4653.846191,4662.563965,33.83803209382677,34.872749591845604,none
116,4514.871582,5783.0771479999985,27.96839056044064,47.688833842095846,none
117,4562.563965,6149.230957,27.783231549292395,46.805414188233954,none
118,4716.410156,6225.6411130000015,29.00625861298431,48.40269853796781,none
119,4744.102539,4413.333496,48.38647954780572,32.81128821338825,none
120,4630.769043,4631.2822270000015,40.297223312811184,35.826688229885804,none
121,4612.820313,4592.307617,40.34628424444418,39.19259787072406,none
122,4550.769043,6932.820312999998,32.48640381414225,65.93228497257496,none
123,4695.384765999999,7168.717773,30.477753759300867,59.456615619047625,none
124,5326.666504,4754.3588869999985,48.6996547142835,39.00811280672224,none
125,4634.3588869999985,4636.410156,51.65702170967779,54.24813706410805,none
126,4901.538574,6976.410156,31.250440557473667,62.774251876822746,none
127,4567.692383,4529.743652,39.147313693650176,31.152660764531902,none
128,4674.3588869999985,4609.743652,39.02060098199672,39.30762055120067,none
0,4376.410156,4327.692383,25.833640556803402,25.39168355577567,none
1,4406.666504,4422.05127,35.76618955448794,40.497458909098896,none
2,4379.487305,4362.05127,34.659154297759414,29.461512385834794,none
3,4429.230957,4391.2822270000015,30.940174688891602,37.07122928888839,none
4,4452.307617,4341.538574,25.473661884832836,23.65996431428539,none
5,4348.205078,4316.410156,26.319721954545457,27.89646922446991,none
6,4366.153809,4340.0,28.638127814634572,31.43587028749789,none
7,4352.307617,4355.897461,35.1564566066163,33.388720853856285,none
8,4536.410156,4422.05127,29.8718102934763,31.01005673409054,none
9,4404.102539,4347.692383,23.418103708481794,35.0519264123559,none
10,4394.871582,4351.2822270000015,29.77054461201533,31.5669428215715,none
11,4361.025879,4335.897461,39.20282044961277,33.10263906685486,none
12,4423.589844,4366.153809,25.965048474403375,29.615342767071525,none
13,4356.9228520000015,4336.410156,22.627132506663656,25.368960737720954,none
14,4380.512695,4349.743652,31.086971381721924,33.719543612065536,none
15,4369.230957,4354.3588869999985,25.84219213023607,33.66703624353886,none
16,4420.0,4379.487305,31.26767227894652,27.1477086898758,none
17,4365.128418,4303.589844,26.266206690883337,22.077944766105247,none
18,4410.256348,4343.0771479999985,34.79330676639711,37.07052855722668,none
19,4382.05127,4361.025879,40.10774191436212,40.50188585678552,none
20,4393.333496,4351.794922,23.940528913864,24.92604743454922,none
21,4437.436035,4375.384765999999,33.16493645154151,29.457363418605382,none
22,4377.94873,4357.94873,25.929382272894145,31.831385669122028,none
23,4375.384765999999,4337.94873,33.819368823355944,30.724560499408653,none
24,4367.179688,4333.333496,27.49300839633088,29.113287174342076,none
25,4377.94873,4345.128418,33.13151336127066,34.617838569158266,none
26,4366.153809,4328.7177729999985,26.802033567126273,26.11177352348477,none
27,4408.7177729999985,4446.666504,41.09024865635638,40.25923258552575,none
28,4402.05127,4430.256348,24.223510631903082,20.02848311111211,none
29,4403.0771479999985,4391.2822270000015,24.819483421153564,26.63821612222091,none
30,4388.205078,4400.0,29.04256374948818,28.67938883003808,none
31,4351.794922,4336.410156,33.721538821890135,31.220007859804355,none
32,4359.487305,4336.9228520000015,32.62675782337192,32.50649614338727,none
33,4371.794922,4340.0,28.601727714473782,30.07388069731678,none
34,4818.461426,4705.128418,34.155029409090275,36.3220813118387,none
35,4358.461426,4338.974121,29.12413683759314,31.007618262130563,none
36,4345.128418,4326.153809,26.390377246765638,24.7612172413792,none
37,4416.9228520000015,4369.230957,27.574443195404456,22.5505951414043,none
38,4374.871582,4375.897461,30.51017265104383,22.66286046287496,none
39,4372.820313,4344.102539,32.91944822003097,35.1579044580958,none
40,4433.333496,4418.974121,24.831850081192897,27.86811918361218,none
41,4465.6411130000015,4436.410156,107.03024585759795,103.90880959343303,none
42,4377.436035,4358.461426,28.099611322845703,25.08454354515743,none
43,4344.102539,4305.6411130000015,28.348480580646537,24.884463649026657,none
44,4346.666504,4315.897461,21.539645116819884,21.3136648422942,none
45,4395.897461,4371.794922,29.17324336054571,33.458680622222346,none
46,4432.820313,4442.05127,31.421423891305494,27.633640822140478,none
47,4403.589844,4344.102539,31.243463344088923,33.51578819565202,none
48,4378.974121,4351.2822270000015,35.597155255317375,37.46669503237081,none
49,4375.384765999999,4344.615234000001,23.98005778848983,35.44467466465085,none
50,4433.846191,4361.025879,28.582666175117993,25.291502112672788,none
51,4398.461426,4329.743652,30.40467217101559,30.279918946259386,none
52,4378.974121,4350.769043,31.314346913223744,27.271065857143185,none
53,4396.9228520000015,4378.974121,26.02977651416404,29.945802050601742,none
54,4384.615234000001,4330.769043,26.743401210823322,33.78055727907122,none
55,4488.205078,4409.230957,28.060396367131034,28.328072369958136,none
56,4446.153809,4405.6411130000015,24.46887088571293,22.32881694979733,none
57,4387.692383,4346.153809,22.627073873464724,35.04073411764875,none
58,4358.974121,4334.3588869999985,26.47960708235587,27.453037124068032,none
59,4365.128418,4342.05127,28.048528310170695,30.475209748894486,none
60,4394.871582,4362.05127,32.01678938461555,36.691002382222905,none
61,4360.512695,4332.307617,26.21357663361141,21.714871186691198,none
62,4496.410156,4460.512695,33.12326934948578,35.12054555560826,none
63,4437.436035,4361.025879,32.10753317262697,34.11027918816308,none
64,4394.3588869999985,4353.846191,31.708434606496667,31.42605143144374,none
65,4398.974121,4429.743652,33.17054805643056,37.28891497582208,none
66,4416.410156,4371.2822270000015,24.09243016831988,26.69413106922093,none
67,4373.846191,4349.230957,33.42784991960616,30.701747380199777,none
68,4381.025879,4357.436035,29.27487609677428,26.250812194188256,none
69,4366.666504,4314.3588869999985,23.855710304856984,21.74036727451039,none
70,4499.487305,4409.230957,34.63391945676722,31.03159067441902,none
71,4392.820313,4364.615234000001,39.16377913945689,40.53647443091177,none
72,4362.563965,4330.256348,33.500152999999955,30.46946184862736,none
73,4455.384765999999,4391.794922,26.775953495918657,24.665791984107273,none
74,4372.307617,4352.820313,29.337323843759805,29.911095825371376,none
75,4374.3588869999985,4354.3588869999985,31.764838703659734,27.774203429491536,none
76,4371.2822270000015,4327.692383,37.32262325581178,27.13005015563067,none
77,4433.846191,4406.666504,29.195850715911547,27.82756151648664,none
78,4388.205078,4362.563965,23.37420731130169,21.91352294556873,none
79,4393.333496,4356.9228520000015,27.990974835164707,25.668326318606887,none
80,4404.615234000001,4344.615234000001,30.549414200610045,30.256445284211622,none
81,4373.333496,4348.205078,29.802128154330603,30.752754957094112,none
82,4363.0771479999985,4344.615234000001,30.077041058514624,34.68053082125971,none
83,4395.897461,4393.846191,21.515974911658304,22.206972416795907,none
84,4360.512695,4338.974121,28.007002363637184,22.506633329600845,none
85,4360.512695,4348.7177729999985,34.03228730237424,28.988283236042662,none
86,4357.94873,4334.3588869999985,33.61330833086413,32.17155257083505,none
87,4385.128418,4329.743652,26.872898249999707,30.917614970874638,none
88,4393.846191,4366.153809,24.490819270547036,22.599527359702734,none
89,4384.102539,4350.769043,26.808776216863407,26.12534472045627,none
90,4390.256348,4358.974121,26.71383914942453,26.234539573034453,none
91,4231.2822270000015,4242.563965,29.88033504862142,31.642814188686316,none
92,4383.589844,4341.538574,25.254608935369106,30.734297352274552,none
93,4385.128418,4326.666504,24.887627662391424,22.540319673787053,none
94,4377.436035,4345.6411130000015,28.290579702379546,27.981692367410687,none
95,4384.615234000001,4335.384765999999,23.393007343071076,21.868268458077182,none
96,4397.94873,4387.692383,29.819181768423732,25.333352896562246,none
97,4366.666504,4333.846191,23.878569482760213,22.957163752241286,none
98,4373.846191,4340.0,25.579010318680957,25.878784350866226,none
99,4440.0,4361.025879,34.0809878349055,32.75889934488623,none
100,4386.666504,4345.128418,33.41745879584414,32.11953163242106,none
101,4460.0,4394.871582,27.906859607357546,25.61772403944633,none
102,4370.769043,4345.128418,31.606996204544885,35.358294322949405,none
103,4408.7177729999985,4342.563965,28.695890010754738,28.94929559459979,none
104,4384.102539,4350.769043,27.743192098208056,28.10427897340196,none
105,4385.6411130000015,4361.538574,26.22033124128029,35.84805378413239,none
106,4472.307617,4382.563965,30.81641189655511,31.71101991910291,none
107,4403.589844,4325.128418,22.381121721430645,24.691806212768824,none
108,4428.205078,4327.692383,35.0965263795988,29.14264666926647,none
109,4446.666504,4429.230957,23.478108385637825,26.890703961310464,none
110,4405.128418,4365.6411130000015,41.81910376273845,44.422652370446485,none
111,4380.0,4316.410156,28.368057195015353,28.82401662068969,none
112,4372.307617,4352.820313,29.130026453904975,28.40380167151943,none
113,4403.0771479999985,4342.05127,38.69750930045029,40.55085540106029,none
114,4358.461426,4309.743652,24.177136377205898,26.1346413180936,none
115,4377.94873,4395.897461,25.275556422078807,26.83570043447071,none
116,4368.205078,4336.9228520000015,26.65049714734596,31.40183151258225,none
117,4403.0771479999985,4353.846191,33.25885637721058,33.3908485809925,none
118,4418.461426,4370.769043,25.659128000000237,24.980051000000458,none
119,4355.384765999999,4258.974121,27.165781836879432,29.64101834444773,none
120,4374.871582,4318.974121,29.21900255172386,27.592747589081227,none
121,4365.6411130000015,4327.179688,25.63860253038729,25.421636478738947,none
122,4359.487305,4341.538574,30.7523992804081,32.078812618035045,none
123,4389.230957,4358.974121,24.489199488641134,22.22811712643761,none
124,4389.230957,4343.0771479999985,35.28283758289308,34.04853809638462,none
125,4374.3588869999985,4340.512695,31.71214596885784,30.725105905477903,none
126,4447.179688,4325.6411130000015,27.0986048499999,26.637503852272857,none
127,4369.743652,4342.563965,36.02268703624304,30.690107790122966,none
128,4402.05127,4612.307617,19.697130226488298,21.150721321970195,none
129,4400.512695,4334.871582,28.793213795163865,30.25960008542006,none
130,4373.846191,4363.589844,23.082967611762797,23.53081214942631,none
131,4581.025879,4751.794922,17.38122037996527,21.789665336735197,none
132,4396.410156,4329.230957,30.88535659671652,29.026138345238905,none
133,4371.2822270000015,4316.9228520000015,25.475361086695557,25.664849152291026,none
134,4381.538574,4337.94873,24.893384071648143,27.126610876288396,none
135,4375.384765999999,4370.256348,28.636566900978323,32.26424171437611,none
136,4370.769043,4328.7177729999985,22.984737044944268,23.16014212258142,none
137,4368.7177729999985,4336.9228520000015,30.71749174897286,28.62253018604497,none
138,4403.0771479999985,4358.974121,26.65822281052715,32.21877969016077,none
139,4370.256348,4477.94873,22.60835991206568,27.81914008601052,none
140,4385.128418,4346.666504,27.381133030936326,30.132070145640682,none
141,4377.94873,4339.487305,27.072101889014448,26.609727722221578,none
142,4388.7177729999985,4340.0,31.113037170455755,30.97189127472575,none
143,4423.589844,4388.7177729999985,31.91538331330321,24.66199837500062,none
144,4397.94873,4351.794922,32.98265826698753,35.94884440145779,none
145,4390.256348,4326.666504,25.99123471951316,24.599368252255772,none
146,4362.05127,4355.897461,23.19876838851178,22.038356163623575,none
147,4409.230957,4343.589844,38.692568344407846,37.32939482446454,none
148,4384.615234000001,4350.769043,22.83953808006754,33.42498585471367,none
149,4367.179688,4342.05127,29.852159941177888,28.511546024390555,none
150,4467.692383,4559.487305,29.077940553243025,23.875294090908938,none
151,4402.05127,4365.6411130000015,31.31738484255584,35.67886466111031,none
152,4390.769043,4361.538574,26.501682380521743,25.736497315105225,none
153,4772.820313,4555.897461,29.135047332632894,18.636824781646737,none
154,4664.615234000001,4508.7177729999985,24.405102282840744,25.483138709654668,none
155,4549.230957,4442.05127,31.245863964706587,29.80610294228245,none
156,4388.205078,4402.563965,30.054731404495215,27.94588658241628,none
157,4393.846191,4346.153809,35.97769148683619,39.77656208449025,none
158,4426.153809,4369.230957,40.09104580076291,43.16708883516458,none
159,4367.179688,4334.3588869999985,26.82209277126367,25.809092940008668,none
160,4462.563965,4343.0771479999985,26.776757374466797,26.298737847825578,none
161,4382.05127,4340.512695,36.21225613117349,31.3203128499963,none
162,4469.230957,4389.230957,25.707556183777342,23.909225608224006,none
163,4408.7177729999985,4372.820313,25.667536666910564,23.164960983360288,none
164,4396.410156,4367.179688,32.56151340195538,32.01670629462569,none
165,4530.256348,4422.05127,33.957090599973526,29.249227916536256,none
166,4412.307617,4348.205078,32.901899549062364,34.3450136399897,none
167,4396.9228520000015,4335.897461,27.23128751515287,31.706612126718937,none
168,4426.666504,4396.9228520000015,29.60629114978292,27.2205995025206,none
169,4375.384765999999,4351.2822270000015,32.66466941841918,31.758921627042582,none
170,4376.410156,4334.3588869999985,20.816623060442907,21.620868151869217,none
171,4497.94873,4334.3588869999985,23.687918957680267,28.50185270487691,none
172,4369.230957,4362.563965,27.054459133599266,23.664798064137358,none
173,4425.128418,4386.666504,26.247659890242176,25.160553567086936,none
0,5043.589844,4658.974121,32.42323550401761,25.566985534601372,none
1,7851.282227,4904.615234000001,203.2612151869448,95.41081930152541,none
2,4968.7177729999985,4702.05127,63.42492967857106,48.443489339756525,none
3,7926.666504000002,5181.025879,234.63132971688174,85.69966752963683,none
4,7862.05127,5042.563965,196.2395301164388,88.94436009523906,none
5,4971.2822270000015,4683.589844,45.31670124719585,37.3125177338643,none
6,5248.205078,4822.563965,54.538874108204254,41.80539649314869,none
7,5057.436035,4683.0771479999985,46.91053320840547,28.436448135047613,none
8,5165.128418,4810.256348,52.30702531450788,39.59336753489333,none
9,4996.410156,4706.666504,51.91278132890693,42.63014384612143,none
10,8007.692383,5329.743652,176.32138346666852,87.82071736501439,none
11,7974.871581999999,5718.461426,241.47155579710352,130.85207843281387,none
12,4816.9228520000015,4513.846191,40.29121386355837,40.346734675988955,none
13,4856.9228520000015,4562.05127,44.49290507373462,40.44599619454766,none
14,4959.487305,4677.94873,58.11904253301054,43.31953546236491,none
15,4869.230957,4584.102539,42.85406114869147,38.691428712643756,none
16,4793.333496,4507.692383,41.14134726292741,35.142611089887396,none
17,5103.0771479999985,4682.05127,44.31025553063682,40.43398270274611,none
18,4303.0771479999985,4383.0771479999985,108.48260915062383,96.84401817641356,none
19,4855.384765999999,4611.2822270000015,43.61572270885972,38.45038638043479,none
20,5016.410156,4716.410156,40.52504183333349,36.254654319333895,none
21,5093.846191,4654.871582,47.034836987180825,46.06412962499871,none
22,4975.384765999999,4731.2822270000015,45.96952910683649,34.44343975949232,none
23,5216.410156,4823.0771479999985,51.780366440823855,43.08917779517924,none
24,4965.6411130000015,4632.820313,36.54853836487382,21.32925580263145,none
25,7977.94873,5271.2822270000015,205.26497398666834,84.9454613678181,none
26,4952.307617,4649.230957,43.68589478750164,38.86284620238075,none
27,4984.615234000001,4720.512695,50.63442891799241,42.3061636652983,none
28,5106.666504,4674.871582,47.587891431348,25.453959094546917,none
29,5227.179688,4763.589844,47.81863367963706,41.006723532102114,none
30,5859.487305,4631.794922,60.97279951167093,29.558847148809036,none
31,4906.666504,4633.846191,45.734815597559646,43.95204353241388,none
32,5233.333496,5066.666504,39.55328971645304,27.24491766682513,none
33,6068.7177729999985,4805.6411130000015,47.61614534265027,28.389739600000212,none
34,4728.7177729999985,4520.512695,41.15955019842113,43.97724604444011,none
35,5024.102539,4751.2822270000015,62.64895920809795,50.3661064646094,none
36,7783.077148,4923.0771479999985,190.4019346486466,101.50665122198552,none
37,6429.230957,4703.0771479999985,142.75437482621328,89.9865191413428,none
38,5031.794922,4658.974121,47.35022650395513,44.07136760710637,none
39,4936.9228520000015,4703.0771479999985,54.21613249363418,43.294136322384475,none
40,7950.256348000001,4962.563965,195.02372987654508,89.72980508058845,none
41,5154.3588869999985,4783.0771479999985,47.9858625333145,41.647732786951565,none
42,6317.94873,4664.615234000001,53.17503614264933,27.557714712502275,none
43,7970.769043000001,4713.846191,205.5233495081975,95.82161043774795,none
44,7970.256348000001,5109.743652,164.0169113027032,90.8845793999999,none
45,7884.615234000001,5037.436035,152.8047791132476,48.594221245697554,none
46,8026.153809,5602.05127,317.9262331257878,113.70594460395387,none
47,5335.384765999999,4956.9228520000015,64.14851398507471,42.19691597530709,none
48,4866.153809,4617.436035,43.63404219752647,41.524989501823256,none
49,4781.538574,4522.563965,37.21104921409278,33.3724487633217,none
50,5187.179688,4779.487305,48.78622640964022,48.540963611862026,none
51,4776.9228520000015,4531.794922,39.086650640512744,36.52799314964159,none
52,7902.05127,4909.230957,179.0896498242637,103.38337823170787,none
53,4930.256348,4649.743652,42.735039026668346,41.20370218669086,none
54,4762.05127,4502.563965,44.12455799772579,43.931201609997515,none
55,8047.692383,5382.563965,206.2771783417702,116.3659427037046,none
56,8046.153809,5030.769043,390.0670277721638,128.66764803921706,none
57,4774.3588869999985,4564.615234000001,40.54920767416661,42.419849811188215,none
58,4826.666504,4529.743652,41.293042486638114,35.845593370786446,none
59,5068.7177729999985,4632.820313,37.3345117806939,23.84241621158253,none
60,4836.410156,4574.3588869999985,45.94246345796637,38.78048778048833,none
61,4861.025879,4621.025879,50.20841648109763,39.21637994382036,none
62,4872.820313,4589.743652,44.41227212867943,41.88608750288404,none
63,8036.410156,5428.205078,285.73947494205595,111.83864427135177,none
64,7931.794922,4854.3588869999985,214.85310208641522,95.88637481720525,none
65,4920.0,4660.0,46.850580098725004,38.74713637019431,none
66,5046.153809,4812.820313,59.70739565490385,52.90893835632323,none
67,5069.230957,4671.2822270000015,36.116402943819594,26.617850142856696,none
68,4822.563965,4567.179688,37.99201551109945,37.94505675893106,none
69,5315.897461,4875.897461,57.69021887323834,39.06444644594558,none
70,4909.743652,4591.794922,44.07563386585298,41.93204159882589,none
71,4905.6411130000015,4596.410156,43.6213941468377,43.39199912485583,none
72,5046.153809,4737.94873,58.38519063008789,50.14115715730259,none
73,5252.820313,4808.7177729999985,51.35176434661571,42.698303498341375,none
74,5176.410156,4808.205078,43.890896456312475,38.18262046097425,none
75,5031.794922,4774.3588869999985,68.87330856815333,52.937861722892194,none
76,5046.153809,4824.102539,42.61008636816223,29.496353676581748,none
77,5215.897461,4837.94873,51.41466339868748,36.087173143934706,none
78,5642.563965,4665.128418,130.35156519319025,84.89713890109851,none
79,7871.794922,5163.589844,158.94107011688175,97.98952977272347,none
80,5173.333496,4810.256348,54.02792777215109,44.812726553181164,none
81,5046.153809,4615.897461,35.010298572701686,21.30841969920857,none
82,4959.487305,4695.384765999999,52.38988929837251,45.440555847319956,none
83,4982.563965,4657.436035,50.81490909477452,36.39860389772821,none
84,5028.205078,4792.307617,58.85391844033802,52.03433856910851,none
85,4991.2822270000015,4522.563965,42.34678399117365,28.816821880091993,none
86,7917.94873,5429.230957,282.9615559122044,98.39822050617204,none
87,4838.974121,4568.7177729999985,46.00702022967562,37.38844576749125,none
88,4980.0,4657.436035,35.7561606274694,33.27269634279219,none
89,8017.94873,5353.333496,349.9424917248534,105.67304200511808,none
90,4989.230957,4540.0,37.236321349295395,29.636796272308857,none
91,7893.333495999998,5450.769043,250.55193432018586,111.0509757107593,none
92,7911.794922,5163.0771479999985,204.605227150274,98.05787527422945,none
93,4983.0771479999985,4727.692383,52.496090463125256,49.507834977009225,none
94,5017.94873,4718.974121,47.8262827380413,39.16251770666804,none
95,4986.666504,4607.692383,26.338428039215614,25.922145408381766,none
96,4929.230957,4690.256348,58.72805926778801,49.19266572549077,none
97,5201.538574,4801.025879,56.53491316864893,38.076707320033165,none
98,4949.230957,4709.743652,60.44819674125665,48.233477332965776,none
99,4841.538574,4546.666504,39.04605335355609,25.894013653336515,none
100,5135.897461,4677.94873,49.37123757534118,42.945107559892676,none
101,7947.179687999998,5340.512695,184.09453356488802,90.03121720731724,none
102,5035.384765999999,4618.974121,38.79776077560564,31.694260242716155,none
103,5014.3588869999985,4636.410156,48.54490116231318,28.806263506057803,none
104,4932.307617,4672.307617,64.21156832512224,50.96151483333506,none
105,4625.128418,4802.05127,38.36744037284461,48.56906422580778,none
106,8053.846191,5393.333496,279.86920274300655,94.21067865060286,none
107,7863.077148,4702.05127,95.00500865666709,28.09919781148892,none
108,6618.461426,4780.512695,73.11558220547977,29.93778276467401,none
109,7693.846191,4842.05127,162.04392168474033,94.92791818873411,none
110,4942.563965,4664.615234000001,63.57700792300966,49.62850189443361,none
111,5051.2822270000015,4773.333496,51.5717336691132,42.10438068160056,none
112,5153.846191,4658.974121,37.38231064903084,27.41147579761946,none
113,5387.179688,5213.333496,40.95445656479387,36.23429018894967,none
114,4904.615234000001,4617.436035,47.049668708861645,38.811995513858164,none
115,7973.333495999998,5209.230957,204.92233894070523,108.40905508961077,none
116,7942.05127,5317.436035,158.01121071875104,93.16972325185725,none
117,5357.436035,4718.974121,44.954965796601755,24.425461765434193,none
118,5066.666504,4593.333496,29.818148732511872,27.489861684211064,none
119,5054.3588869999985,4765.128418,60.00917380077044,61.40530237346047,none
120,5000.0,4648.7177729999985,34.54428543321228,29.78383326608582,none
121,5382.05127,4963.0771479999985,60.72930181408083,43.67006894237056,none
122,8070.256348000001,5551.2822270000015,198.3576675063291,103.74359742500201,none
123,5133.846191,4719.487305,47.11042220993386,39.344520908114646,none
124,4933.846191,4698.461426,60.88713007737806,56.46360496225407,none
125,5071.2822270000015,4763.0771479999985,56.116649610483364,43.91152413137388,none
126,5015.897461,4757.436035,49.8178003552639,44.229969601096855,none
127,4965.6411130000015,4607.179688,42.137115081707634,25.90060932761935,none
128,4951.2822270000015,4611.794922,41.93636622744998,40.44557290002922,none
129,4981.025879,4754.871582,62.54735516335313,56.21443370119505,none
130,5112.307617,4765.128418,50.43751426563449,43.62140985619044,none
131,5034.871582,4757.94873,55.58870608780944,43.67672884608601,none
132,5192.820313,4787.692383,40.35317891005798,25.98166771256274,none
133,7810.769043000001,4864.615234000001,182.24155627614073,92.46435102219675,none
134,4836.410156,4618.974121,50.49359948412439,29.031856290294854,none
135,4973.846191,4737.436035,65.26396189889783,46.79182535528798,none
136,5054.871582,4635.897461,37.93775119563452,28.329235791354222,none
137,4686.666504,4519.487305,48.45431247744,42.7546874955151,none
138,5047.692383,4761.538574,57.529138693183086,47.571639494117335,none
139,4870.769043,4602.563965,99.41060739001296,86.32206898518598,none
140,5438.461426,4695.384765999999,40.49213399105247,20.77015469944945,none
141,4985.128418,4531.794922,34.18152601328893,26.30945506271928,none
142,4968.7177729999985,4597.436035,44.331148795181434,39.2941348823515,none
143,5122.05127,4770.256348,50.53496728949267,42.28255374908622,none
144,5251.794922,4606.666504,43.659073752277436,26.672142108141998,none
145,4844.102539,4567.179688,45.668959374682345,41.926653056549185,none
146,5083.589844,4736.9228520000015,51.21874090123583,45.571567514712115,none
147,4932.307617,4614.871582,44.20398161142111,39.79128246511755,none
148,4791.794922,4589.230957,43.63978412775759,40.72804843272934,none
149,6734.871581999999,4824.102539,61.76714917567733,28.248726343138514,none
150,4891.2822270000015,4656.9228520000015,64.14090206092351,48.467396045454734,none
151,5028.7177729999985,4692.820313,45.9462309404762,46.0452277503673,none
152,5187.179688,4605.128418,35.18688359784937,27.87368641226294,none
153,5195.897461,4792.307617,47.26044027631542,39.82813350187098,none
154,5211.794922,4661.025879,48.394478597099805,32.08263887650264,none
155,5291.794922,4834.871582,50.891009509134165,43.05249023809756,none
156,5318.974121,4627.692383,114.90540544099531,87.02129473404057,none
157,5025.128418,4666.153809,44.287517941726946,31.59217035982965,none
158,7916.922852,5015.897461,203.70230323170426,94.63517496914301,none
159,5045.6411130000015,4714.871582,46.9714694950153,40.85799008790127,none
160,5005.6411130000015,4720.0,49.432939394299865,50.15511709523889,none
161,4869.230957,4570.769043,46.06294501265893,40.26553642024737,none
162,4998.461426,4669.230957,37.33599453246552,27.984455341775174,none
163,5490.769043,4682.563965,42.420504679998885,31.516918305615036,none
164,8025.128418000001,5371.794922,222.67512930465182,90.9726584050004,none
165,4826.666504,4553.846191,41.039959576136425,37.6088129069758,none
166,5184.102539,5580.512695,38.38901310336951,25.443392392681744,none
167,5014.871582,4812.307617,42.741100273752636,27.926023832793362,none
168,7885.641113,4677.94873,175.66638406897937,95.65416853067018,none
169,7932.307617,5139.487305,214.16829742307755,109.80421386847229,none
170,4885.128418,4482.563965,37.2012801267947,24.157072927798254,none
171,4980.0,4633.333496,32.07868256330676,26.06724907302123,none
172,7867.692383,4854.871582,143.1235351363648,37.61962161193969,none
173,4975.897461,4692.307617,56.27906977906969,45.201118748363115,none
174,7775.384765999999,4801.025879,162.877959737114,96.09720153639137,none
175,5190.256348,4809.230957,56.054323701897374,47.38323487271555,none
176,7860.512695,4850.256348,178.8911807574368,85.15944770731585,none
177,4980.0,4654.871582,37.65198293238063,28.440702087243153,none
178,5147.692383,4837.94873,52.41712028875099,42.856180712788955,none
179,4834.3588869999985,4650.256348,99.99080830735511,69.8957466263737,none
180,5189.230957,4901.025879,54.56048484007806,46.49902534293233,none
181,4822.05127,4551.2822270000015,49.067806025853315,40.55815695886304,none
182,5008.205078,4708.205078,58.6549078492053,46.6856582447308,none
183,5011.2822270000015,4626.153809,35.13534762058953,25.823178189200917,none
184,4906.153809,4563.589844,46.86419358008607,36.600100089439366,none
185,5083.589844,4522.563965,41.647412062499825,23.3997409386684,none
186,5106.666504,4636.9228520000015,36.593840493826065,26.97829139080386,none
187,4893.333496,4642.563965,41.2670158686733,34.81543507692368,none
188,5040.0,4753.846191,41.99329495497841,40.93728915203246,none
189,5065.6411130000015,4714.3588869999985,49.769223012498514,42.83091749691357,none
190,5369.230957,4699.487305,49.00684619718504,27.123385064593094,none
191,5051.2822270000015,4658.974121,48.1174248768275,44.55288004551221,none
192,5160.512695,4844.615234000001,58.687252509021164,50.12709309652837,none
193,5630.769043,4658.974121,129.3479301080797,88.92645464835095,none
194,8031.282227,5460.0,222.7497819614041,117.45197177434056,none
195,5062.563965,4753.846191,50.602246593020936,46.33204015668616,none
196,4953.846191,4609.230957,39.112626302523495,28.939206281884253,none
197,5147.179688,4786.153809,49.306921681475615,39.47086691918685,none
198,5126.153809,4737.436035,42.37575306608778,38.68362878088283,none
199,5508.7177729999985,4868.205078,47.764860275895444,28.776336329113292,none
200,5146.153809,4656.9228520000015,38.179650796053465,26.42042024079001,none
201,4966.153809,4530.769043,38.59907686513725,22.850186830003622,none
202,6315.384765999999,4661.025879,65.8533303426484,24.25030756501019,none
203,5167.692383,4842.563965,52.103399961858486,40.882317710550524,none
204,5021.025879,4746.666504,55.73898084753364,39.92371607182213,none
205,5215.897461,4871.794922,46.34620883419393,41.54486393750176,none
206,7960.512695,4892.307617,195.0067623347477,90.49571968406508,none
207,4975.384765999999,4708.7177729999985,46.79530917228203,41.00754248235353,none
208,4947.179688,4596.9228520000015,41.79362947378377,36.131060177778636,none
209,5021.538574,4735.897461,63.621726598765235,53.083816630551155,none
210,4955.384765999999,4638.974121,40.7851383913212,40.131333454090964,none
211,4898.461426,4590.769043,52.119120674964506,39.59230748641403,none
212,5016.9228520000015,4668.205078,54.93590089999907,30.871247301907715,none
213,4893.846191,4564.102539,40.47153939080363,36.48099636781262,none
214,5077.94873,4692.820313,45.990966425380066,37.429968091953924,none
215,5125.128418,4636.410156,32.54411430102846,19.865073644737095,none
216,7913.333495999998,4792.820313,180.75483334831551,112.74116441666683,none
217,4936.9228520000015,4702.05127,59.92491982452066,60.80471426621625,none
218,4847.692383,4557.436035,39.604568698797266,33.83084146168039,none
219,7961.025879000002,5342.05127,214.96936987516892,85.83826615384442,none
220,4849.230957,4584.102539,51.94858983677568,37.75702441901649,none
221,4824.615234000001,4533.846191,42.72241611761274,38.5937853258456,none
222,4973.846191,4616.410156,32.56084796680898,26.70754317389492,none
0,4829.743652,4534.3588869999985,49.53985179452047,42.21811381249972,none
1,7640.0,4722.05127,152.0678199354843,71.21257035216149,none
2,7471.794922,4702.05127,165.22394211999926,68.18177596042551,none
3,7833.846191,4753.846191,232.83627762254855,96.61948576091709,none
4,4973.333496,4694.3588869999985,49.15355948686465,38.118813718796446,none
5,5040.512695,4732.820313,56.293293732433085,44.84573210860344,none
6,7852.307617,4953.333496,158.7298663130632,84.78319320262563,none
7,4851.794922,4553.333496,48.99367302943301,37.75686225183199,none
8,4920.0,4703.589844,53.992176669820765,47.0503019852531,none
9,7086.153809,4672.820313,184.05129672010435,76.69167713414572,none
10,8043.077148,5015.384765999999,279.18508875342377,90.7239634027328,none
11,4917.94873,4617.436035,52.86048109260901,40.80765485994834,none
12,8057.436035,5597.94873,357.15089666673566,109.86668302666658,none
13,4970.256348,4592.820313,89.31981304134479,63.57337456383175,none
14,4996.9228520000015,4799.487305,57.2562108576285,49.69833197058779,none
15,4887.179688,4618.974121,64.52042343209723,61.09311076315771,none
16,4986.666504,4716.410156,42.83271703993978,40.75544997088218,none
17,7940.512695,4899.487305,257.03338256438883,74.56406758375033,none
18,4982.563965,4752.307617,46.897299432280306,40.30611891891567,none
19,4752.307617,4487.179688,49.80038490199331,35.15240117380745,none
20,4921.538574,4675.897461,58.17114238397062,49.479366998119986,none
21,4943.0771479999985,4698.461426,54.80770008467789,44.33631752584279,none
22,4941.538574,4669.743652,42.52955757436757,41.55005022300611,none
23,5072.820313,4744.615234000001,55.75361216986403,38.671699226556484,none
24,4846.153809,4538.461426,50.14819034350694,37.47156656985044,none
25,4966.666504,4700.512695,47.28355544983515,44.547117455084845,none
26,5019.487305,4712.307617,46.407656760828104,39.60473068094507,none
27,5034.871582,4737.436035,38.387992246991416,40.50507637233022,none
28,4985.128418,4718.461426,49.69230349999998,35.06065529999432,none
29,5384.102539,5131.2822270000015,66.87838614534212,57.52177764462067,none
30,4992.307617,4853.846191,72.67042798780585,82.63904276143876,none
31,4979.487305,4711.794922,46.44114482654095,39.18859402531689,none
32,4992.307617,4655.897461,51.84130936796191,42.64247308333415,none
33,5105.128418,4734.3588869999985,58.12601310561877,41.05007036623374,none
34,5028.7177729999985,4731.2822270000015,55.15614619172811,40.3529829220779,none
35,4724.102539,4769.230957,46.66033329583388,51.137125830482546,none
36,4998.974121,4680.0,54.867479841141176,42.93235031884706,none
37,4985.6411130000015,4726.153809,56.98340750882744,42.49068095814346,none
38,7938.974120999998,4984.102539,199.79754957894465,99.69245897385372,none
39,7940.0,5310.256348,249.6134296410728,106.55220733649003,none
40,7945.641113,4919.487305,269.08118691666596,97.80135800297376,none
41,8029.743651999999,5572.307617,301.39294106756597,106.0933104175665,none
42,7808.717773,4712.820313,124.48719859210496,64.46918432500297,none
43,5021.538574,4722.05127,49.92953662175387,39.61876660259804,none
44,5033.333496,4729.743652,59.89372613489286,40.797712925926135,none
45,4862.05127,4576.410156,47.294888337502925,38.90459264877882,none
46,8007.692383,4924.615234000001,163.75059193473498,77.1571934190415,none
47,5031.2822270000015,4673.333496,57.551719109531405,41.937797161965136,none
48,7934.358887,4842.563965,191.36047834856754,75.81750653246581,none
49,4902.05127,4616.9228520000015,47.592753303696554,41.01833520330274,none
50,5008.7177729999985,4684.615234000001,52.607403010354574,42.04124279425923,none
51,5062.05127,4762.05127,61.894750103982005,53.008678403217345,none
52,4883.589844,4649.230957,59.583825231883566,40.61605257645988,none
53,5013.846191,4701.538574,63.113373133360255,49.148737040000015,none
54,5076.9228520000015,4704.102539,62.21155528263898,53.01214096974127,none
55,5010.769043,4646.153809,54.64346920796743,36.722000865826885,none
56,5023.589844,4715.384765999999,55.2711296066127,49.1727582743888,none
57,5004.615234000001,4737.436035,52.78720062350658,41.57922366229104,none
58,5017.436035,4723.0771479999985,67.29702983442257,46.993770714414495,none
59,5037.94873,4727.692383,57.82234350724684,39.91664430000128,none
60,7900.0,5143.589844,312.1730767869467,89.72412116455689,none
61,8050.769043000001,5488.205078,295.460848445945,119.23906594396522,none
62,6177.94873,4609.743652,106.297859047354,64.11682134722378,none
63,5004.615234000001,4699.487305,47.29395947951889,43.22436784086949,none
64,4782.563965,4592.820313,42.80752517598921,36.44735389156267,none
65,5012.307617,4664.615234000001,58.31986277631495,39.94114057788374,none
66,5006.666504,4581.538574,60.40060294369414,41.07820426618582,none
67,5043.589844,4772.820313,55.78329264102558,48.67845826408575,none
68,4805.128418,4513.333496,51.53503252000246,40.98864455034891,none
69,5047.692383,4745.6411130000015,56.25321375761814,49.09212410986311,none
70,5087.692383,4652.820313,68.23821441172731,39.233919888885794,none
71,5003.0771479999985,4742.563965,59.39500470370331,51.12558884330156,none
72,8000.0,5176.410156,641.0395902355076,112.4464907489164,none
73,7912.820312999998,5377.436035,271.3687296619719,115.39282078268297,none
74,4981.538574,4698.461426,52.27919520832984,38.08549254275658,none
75,5417.436035,4947.179688,57.340215378118955,41.650743381243956,none
76,4755.897461,4614.871582,44.03355079679659,36.992738262903,none
77,5026.153809,4710.769043,79.90836915975979,72.48545256000034,none
78,7861.538573999998,4794.3588869999985,229.56247751624096,76.28379906308328,none
79,5064.615234000001,4742.563965,56.433412389073965,42.60816620731657,none
80,8035.384765999999,5371.794922,283.7584405868424,114.60666003459028,none
81,5112.820313,4807.179688,68.20511707246442,57.25915860721034,none
82,5069.230957,4764.615234000001,53.540398345428,41.657709174418414,none
83,5026.666504,4714.871582,61.861761573614785,48.12131772346402,none
84,4955.384765999999,4691.794922,52.041790209876126,43.59764046070177,none
85,4956.410156,4857.436035,70.271619752476,67.05129394999949,none
86,7917.436035,5427.692383,378.07813455011046,109.09922645909501,none
87,4972.820313,4689.743652,52.280900647435374,47.09288118181939,none
88,4908.205078,4718.974121,44.52088394031762,41.30161664103889,none
89,4986.666504,4686.666504,58.620172941928104,41.348747152555916,none
90,8021.538573999998,5468.205078,256.34645252424207,112.84984651428385,none
91,4969.230957,4664.615234000001,59.85408615902088,49.84608429164291,none
92,5027.692383,4742.563965,55.12976799932585,38.532564381379416,none
93,5027.692383,4725.128418,59.474271791711544,67.24055083290114,none
94,4894.871582,4572.820313,46.01448301630171,39.931436047202624,none
95,4911.2822270000015,4509.230957,54.6048262188915,39.39132796683316,none
96,4850.769043,4556.9228520000015,58.403234813334166,41.941764244939804,none
97,7900.0,4864.102539,167.25437498451538,73.83219986572658,none
98,4938.461426,4674.3588869999985,49.05156661445653,50.035048802758865,none
99,4972.820313,4623.0771479999985,55.3010609457815,46.231547030211914,none
100,5052.307617,4770.256348,59.41532601223844,47.37339269899894,none
101,7238.461426000002,4731.2822270000015,155.7874330635368,65.37514164197546,none
102,7940.0,5273.333496,306.7806494579836,111.35725637217911,none
103,5011.794922,4674.3588869999985,55.060762105266804,36.022526426829245,none
104,4869.743652,4555.897461,54.37187523697412,41.95334983333214,none
105,4843.589844,4528.205078,48.92169003533763,41.79462113138561,none
106,4900.512695,4640.512695,49.19420953490862,51.02846007052631,none
107,4811.794922,4567.692383,43.49939190262194,30.593101164981817,none
108,4939.487305,4923.589844,60.15328074210447,58.897016841029654,none
109,4925.6411130000015,4683.589844,59.03381169565364,53.84908330203598,none
110,7285.128418000001,4666.666504,139.87950347039668,57.55380948192851,none
111,5030.769043,4786.153809,58.18482962375492,50.43322897701182,none
112,4761.538574,4541.025879,51.18838385135132,40.78081805284546,none
113,5067.692383,4743.0771479999985,66.45420970000123,49.20489692096544,none
114,5847.179688,4700.0,113.42936203460067,73.29822276712366,none
115,5038.461426,4749.743652,55.562693194441636,44.27561647500261,none
116,4980.0,4703.589844,51.257125609601644,49.25777452294096,none
117,4915.384765999999,4608.205078,38.73077087499951,40.18661029382383,none
118,4901.025879,4685.128418,54.7594278493134,42.53394136470342,none
119,4994.3588869999985,4687.179688,55.90333254903635,46.3158555133341,none
120,5057.436035,4726.153809,51.89695356867742,38.55004023872152,none
121,4964.615234000001,4630.256348,57.86135640587054,37.660160825344974,none
122,5012.820313,4774.3588869999985,61.24034919843962,43.821583941631616,none
123,4996.9228520000015,4705.6411130000015,50.26407625373031,40.73439241178767,none
124,4955.897461,4682.05127,63.23952780595209,44.0963895003606,none
125,4972.820313,4653.333496,58.220223482351685,45.589171662922126,none
126,4940.0,4720.0,52.10601060663339,45.76209537020986,none
127,4985.128418,4717.94873,59.17920117194899,41.9680729079837,none
128,8004.102539,5258.974121,293.22251206682677,103.86004147297172,none
129,4865.6411130000015,4557.436035,50.32531558208939,37.605158334204134,none
130,5031.794922,4766.666504,55.44822227012173,43.043352888189474,none
131,5005.6411130000015,4706.153809,52.81226497051284,37.32765531613859,none
132,4974.871582,4705.6411130000015,52.38864944736633,43.31744909876488,none
133,7857.436035,4730.769043,196.08674762421106,77.0821018156903,none
134,5261.025879,4761.025879,68.33295887162694,42.71605239506425,none
135,5066.153809,4735.384765999999,55.23073749037576,45.83944847039311,none
136,4795.384765999999,4537.436035,45.32050170000093,39.35768765793273,none
137,5044.102539,4734.871582,148.79198411111065,128.5194420215048,none
138,4770.769043,4546.666504,43.76186751225032,29.642754967791006,none
139,4954.871582,4693.846191,109.01727532166296,92.1388148004271,none
140,7906.153809,4736.410156,175.3205159583331,85.05848272530693,none
141,7991.794922,4949.743652,163.91088076939832,74.13919213095232,none
142,4886.153809,4561.025879,46.122808064892524,39.551802141559165,none
143,7911.794922,4890.769043,186.83391829748416,86.80298782278533,none
144,4910.769043,4708.7177729999985,54.41246313192369,50.74842302702746,none
145,4970.256348,4711.794922,59.81955852393912,51.93771635442954,none
146,4955.897461,4708.7177729999985,75.3564987534246,70.44791336508024,none
147,4884.615234000001,4625.128418,45.5103779528572,38.5056852655207,none
148,5017.94873,4734.871582,49.23749165589379,44.34749514285522,none
149,4971.794922,4684.102539,61.14519976552128,45.172334756934106,none
150,4976.9228520000015,4751.2822270000015,47.648874103148046,44.987409873251636,none
151,5013.333496,4766.666504,64.62507940192336,58.49341313892455,none
152,4801.538574,4534.871582,49.39166841700171,37.22036246534935,none
153,5019.487305,4746.666504,51.613406105404465,49.58673884705786,none
154,5016.9228520000015,4719.487305,52.12084739421698,37.761581426842895,none
155,4966.153809,4723.0771479999985,67.5303859473679,63.23913224521584,none
156,4847.692383,4554.871582,51.580788392212526,43.46127367509871,none
157,8004.102539,5070.256348,292.0512903552635,110.87319202702747,none
158,5182.05127,4811.794922,66.54676083117101,48.536660953182036,none
159,4946.666504,4684.102539,56.512829612499445,36.631675881627416,none
160,7982.05127,4850.769043,209.7150947083319,87.78849797499788,none
161,7858.974120999998,4741.538574,134.60391301961909,66.34507060135911,none
162,7938.461426000002,4916.410156,246.172569634743,97.75954268468922,none
163,4889.230957,4550.256348,49.12261582570136,42.694465104782466,none
164,4792.307617,4488.205078,51.64736054794503,45.045169162987804,none
165,5052.307617,4752.820313,47.21842892654513,43.642557436211064,none
166,5072.820313,4708.7177729999985,59.02843974386269,43.83960582051259,none
167,4829.743652,4426.153809,61.23602761538223,43.42872508139408,none
168,5138.461426,4827.179688,45.52072054808832,44.130640915775075,none
169,5011.794922,4704.102539,54.15383458666747,40.71732776262343,none
170,5060.0,4904.615234000001,181.21283378606677,197.20801237037176,none
171,5061.025879,4735.897461,56.37115335549606,45.74831927867763,none
172,4799.487305,4528.7177729999985,47.54596180574845,36.50272004207363,none
173,5036.9228520000015,4742.563965,53.73221509722498,40.38737710564055,none
174,4968.7177729999985,4698.461426,51.02911627397225,40.65642254666727,none
175,4989.743652,4701.538574,55.966700923448116,46.466863294256655,none
176,8028.717773,5000.512695,310.985028493988,101.07387410588308,none
177,8038.974120999998,5135.897461,224.59826225120514,129.76612089439686,none
178,4988.7177729999985,4690.769043,49.664342297718576,45.08308222161304,none
179,7909.230956999999,5004.615234000001,225.14502810705335,81.24456311342692,none
180,7898.974120999998,4862.05127,158.84141411110977,78.5834082507672,none
181,4959.487305,4698.974121,47.204380368079,35.53405379232754,none
182,6595.897461,4618.974121,159.32328851987222,77.09399151612797,none
183,4757.436035,4816.410156,54.798012575960456,42.78963814093913,none
184,7994.358887,4796.9228520000015,283.3138234615071,96.03065552073076,none
185,5035.384765999999,4725.6411130000015,60.642931537312506,42.192484330435036,none
186,4967.692383,4737.436035,58.19162151315777,54.57586503716084,none
187,4966.153809,4728.205078,62.79503185435988,57.919927954298146,none
188,6389.743652,4657.94873,147.36917710997022,71.87632071019016,none
189,7899.487305,4803.589844,239.87625432758477,80.46820166666839,none
190,5043.589844,4737.436035,53.51115436700911,37.85205878161469,none
191,4924.102539,4622.05127,74.83368306794182,55.57703386986395,none
192,5006.666504,4720.0,55.259559717527736,46.08151787179486,none
193,4918.461426,4695.384765999999,57.836782482371746,42.15064533496752,none
194,4960.512695,4624.102539,53.01907435458634,42.35171436957262,none
195,8010.769043000001,5414.3588869999985,207.3906708183531,99.89735384567575,none
196,4909.743652,4845.128418,76.33064571386876,78.98464368745681,none
197,4991.794922,4681.538574,49.521048375381724,34.64164566193176,none
198,5014.3588869999985,4736.410156,53.7792549558917,43.98330193023139,none
199,4963.589844,4790.256348,48.353047539327235,40.217153450415026,none
200,5031.2822270000015,4738.974121,62.29907152906617,51.12195795748357,none
201,5015.897461,4711.2822270000015,55.8145191786889,36.4297494430366,none
202,5014.871582,4718.461426,54.17002796052748,45.98053067605633,none
203,4772.307617,4497.94873,46.73605209885136,34.4481958727456,none
204,5038.974121,4729.743652,70.62146969839341,60.74222918421037,none
205,5046.666504,4720.0,52.341639098955056,42.49771245210013,none
206,4942.05127,4669.743652,51.902512555555404,39.07804240591395,none
207,4981.538574,4703.0771479999985,52.27774239660721,47.12789633000375,none
208,7916.922852,5227.692383,178.7941762297296,97.76815235936465,none
209,4896.410156,4644.615234000001,49.04163030676682,39.57164516470857,none
210,4999.487305,4662.05127,62.39057149513155,50.45198698046988,none
211,7962.05127,5236.410156,260.69797179044554,97.94704732051468,none
212,5038.974121,4728.205078,57.15358032122003,40.09762586526267,none
213,4893.333496,4704.615234000001,59.90952337656472,45.2048491490732,none
0,6430.769043,6346.153809,899.2542010850334,916.2310068252459,noise
1,7181.538573999998,7325.641113,759.7235165831621,684.7960264053027,noise
2,6140.0,6155.897461,584.1270566284479,583.5618816630436,noise
3,4576.9228520000015,5344.615234000001,92.70606172980024,339.17837125931055,noise
4,4770.256348,4772.820313,415.63697455555575,429.45274246268673,noise
5,6409.230957,6669.230957,1078.3012166157496,985.6591797899373,noise
6,4794.871582,4688.205078,355.867973206894,387.82436028043867,noise
7,5690.256348,5960.512695,363.08410058143,368.0075369908236,noise
8,6487.179688,6571.2822270000015,776.5006384704816,850.7488737573299,noise
9,6942.05127,6570.256348,724.0197765845919,725.7375747058859,noise
10,4788.7177729999985,4784.615234000001,412.0263727867814,422.4962121911776,noise
11,4892.820313,4734.3588869999985,415.8084043179242,414.5795984069773,noise
12,6507.692383,6131.794922,397.6793299090896,604.4606599272033,noise
13,8311.282227,8251.794922,1209.7914717894432,422.7752807176471,noise
14,6136.410156,6465.6411130000015,422.2236096589804,483.948830006585,noise
15,4750.256348,4827.692383,370.42954807597926,390.2985207576985,noise
16,4730.769043,4705.6411130000015,313.05613919819825,307.2909230964133,noise
17,6465.128418,6401.538574,781.7142740666627,843.9033961844643,noise
18,5697.436035,5900.512695,441.75468414705574,476.8969529393071,noise
19,5458.974121,5657.436035,422.24639623912935,440.91416066304373,noise
20,4845.6411130000015,4784.102539,452.8010508072266,458.54351483441224,noise
21,6756.410156,4676.9228520000015,665.6252595127453,299.3412036164091,noise
22,6956.922852,4848.205078,678.931174273685,387.47605973149894,noise
23,4748.205078,4801.025879,378.5246544615402,413.0177209538442,noise
24,4700.512695,4781.538574,397.05526231710155,441.5326713855702,noise
25,6124.102539,6150.256348,481.44414229885115,463.2708298487505,noise
26,4747.692383,4778.461426,385.05482246227166,433.1623940909112,noise
27,5608.205078,5791.2822270000015,479.31991448148983,360.3205658585912,noise
28,6666.666504,5416.9228520000015,927.1012046850815,330.21560392045467,noise
29,6287.692383,6408.7177729999985,633.0927345559503,602.3559425148537,noise
30,4797.94873,4771.794922,264.36227689226325,254.24949796629062,noise
31,5836.9228520000015,5863.589844,621.7646816222532,685.8879243580277,noise
32,6340.512695,6334.871582,666.9523815297398,614.578136690202,noise
33,6968.717773,7663.077148,563.6126655491889,597.6153931099998,noise
34,4997.436035,5236.410156,337.3299958260868,368.4731945454532,noise
35,4763.589844,4801.025879,387.0530391818602,406.5494697857157,noise
36,5915.897461,4815.897461,357.28269764506695,164.26832586333785,noise
37,5919.487305,5821.538574,447.7026540707061,575.1248938849326,noise
38,8401.538086,8401.538086,939.7260223013691,1228.3497164037235,noise
39,5656.9228520000015,4771.794922,459.9827017415737,416.41580605434865,noise
40,4772.307617,4789.230957,389.19133112307827,392.64244591666557,noise
41,4805.128418,4722.05127,271.99644256129795,240.04478199029018,noise
42,5896.410156,5905.6411130000015,712.8303052236147,703.0452491425535,noise
43,5893.333496,5899.487305,622.7996892418173,594.7308108513544,noise
44,4711.2822270000015,4774.871582,299.8793478970565,328.4723605633808,noise
45,4736.410156,4768.7177729999985,379.7959850864554,404.5494279714294,noise
46,4787.179688,4801.538574,395.5343158294572,402.4322162142862,noise
47,5931.2822270000015,5367.179688,500.2143906806941,422.40185443370683,noise
48,4816.9228520000015,4675.384765999999,413.55582682848944,387.6804228023266,noise
49,4741.538574,4802.05127,369.15036984577364,482.80872155384577,noise
50,5710.769043,5677.94873,688.200287528301,679.3465665330295,noise
51,4699.487305,4760.512695,292.5687766363626,328.988374481818,noise
52,4719.487305,4761.025879,219.37598536144742,213.64713165122794,noise
53,5402.05127,4694.871582,419.9202391888921,268.66096469999957,noise
54,4703.0771479999985,4736.410156,312.84947115120394,332.00941351144684,noise
55,4669.743652,4804.615234000001,297.3972006509448,377.1297270298892,noise
56,4749.230957,4836.410156,369.3592445205795,377.35643501408686,noise
57,6250.256348,6256.410156,492.07490076792146,441.587403431457,noise
58,5475.897461,5077.436035,410.310659519233,284.4487333049392,noise
59,6225.128418,6408.7177729999985,751.7243137247706,720.3636519272723,noise
60,6015.384765999999,5828.7177729999985,276.22038951576815,309.0776050389586,noise
61,6422.563965,6451.2822270000015,774.2912457301877,758.5517690120901,noise
62,4809.743652,4794.3588869999985,333.4885381447366,347.0087365545587,noise
63,6331.794922,5778.974121,550.2649392595213,459.7503688302104,noise
64,4811.2822270000015,4793.333496,253.67062538310074,245.8942901358032,noise
65,4840.512695,4786.153809,436.03535456683767,405.71110036703885,noise
66,5074.871582,4681.025879,387.59049846725657,374.79755601315946,noise
67,7063.077148,6876.922852,859.8664785130236,841.37046871552,noise
68,6389.743652,6408.205078,744.4492069422208,689.4403677610953,noise
69,5804.615234000001,6043.589844,593.9589721700022,558.5447129189224,noise
70,5559.487305,5961.538574,522.6159248585845,486.50629877469873,noise
71,8396.410156,8160.512695,1391.0875286321848,606.3691904750785,noise
72,6206.153809,5980.0,896.4230753499974,908.5828690871858,noise
73,4678.974121,4720.512695,309.48314918188953,324.2751008878495,noise
74,5069.743652,4701.538574,377.7368960217382,305.3030395681826,noise
75,6123.0771479999985,6121.538574,944.1517374450432,966.1436631534775,noise
76,6031.2822270000015,6117.94873,879.6681913235302,437.81765135555816,noise
77,5858.461426,4771.2822270000015,523.3290049698398,297.17141295964484,noise
78,8169.743651999999,8146.666504000002,768.3386452660047,692.4473725555558,noise
79,5710.769043,5965.6411130000015,497.8621530322948,475.5509969615382,noise
80,6325.6411130000015,6323.0771479999985,678.7179458137239,740.2297288997465,noise
81,5273.846191,5001.025879,338.8066291869145,357.16501605660414,noise
82,6168.7177729999985,6021.538574,547.2838729026553,592.0593214100027,noise
83,5945.128418,6200.512695,997.1142950508493,1014.6739510400303,noise
84,6439.487305,5590.769043,475.1165577045467,426.08058269523826,noise
85,5990.769043,6054.871582,692.6897619313722,680.2663346021873,noise
86,4764.102539,4766.153809,301.77868977477465,306.4680043783801,noise
87,6810.769043000001,6380.0,755.3015836494851,668.5099245849042,noise
88,4705.6411130000015,4798.461426,341.96335796190397,342.37537999424876,noise
89,4760.512695,5142.563965,182.2648654766217,351.41178874699017,noise
90,8401.538086,7760.512695,1046.2725500664937,621.0580614177252,noise
91,5595.384765999999,5598.974121,664.4310933018887,300.9219380674167,noise
92,4796.410156,5993.846191,101.7745513674754,267.83468012868707,noise
93,6021.025879,6351.794922,884.6342101559653,889.0921883873871,noise
94,4763.589844,4796.410156,426.30608746874987,466.9596819841245,noise
95,8313.333008,7770.256348000001,894.1898146852941,584.957264616949,noise
96,5174.871582,4880.512695,469.05618353191585,427.32791527607833,noise
97,4653.333496,4781.538574,366.0947206624551,475.1904671028924,noise
98,8265.640625,6267.692383,736.9854490675702,299.91160041379044,noise
99,5476.9228520000015,4784.615234000001,351.03182377799294,341.51765437243284,noise
100,6232.820313,8401.538086,692.5671174488793,480.11663413207316,noise
101,6327.179688,6063.589844,1001.3157060201988,437.8573584865135,noise
102,4774.3588869999985,4777.94873,356.64406227905965,447.5103206542126,noise
103,5655.384765999999,4612.307617,141.19402620511346,337.83541523255917,noise
104,4791.2822270000015,4727.692383,262.57849981690197,263.3982650400012,noise
105,4815.897461,4800.512695,444.26694583333483,450.56000974228937,noise
106,5863.589844,5916.410156,764.1773681250033,558.2226546862976,noise
107,4683.0771479999985,4753.333496,329.84813742718234,367.7919234660221,noise
108,6091.794922,5812.307617,557.1983680421022,511.95195129676085,noise
109,5950.256348,5631.794922,493.9304409219458,507.3343274942454,noise
110,4745.6411130000015,4786.153809,397.4592248787867,460.04659762121355,noise
111,4781.025879,4788.7177729999985,394.5399636911752,483.3954562788449,noise
112,6357.94873,6335.384765999999,1036.8977947447502,1068.4825679918013,noise
113,6040.0,6068.7177729999985,750.418931107718,752.553263795643,noise
114,5821.538574,4737.436035,440.43119682536553,356.9910014008892,noise
115,6195.384765999999,6275.897461,893.9744958022288,969.5633974324351,noise
116,6334.871582,6564.102539,644.7200642529378,647.814160702972,noise
117,6272.820313,6434.871582,856.2906804759741,840.0056800066345,noise
118,4708.205078,4763.0771479999985,301.8164655514056,343.88958374669437,noise
119,8401.538086,8040.512695,740.8569541447378,781.5940810481939,noise
120,4792.820313,4795.384765999999,389.34389744117743,387.8168771571427,noise
121,7914.358887,5258.974121,1100.3325254733472,344.09104247191044,noise
122,4696.410156,4785.128418,383.29944526799954,459.30139346376836,noise
123,5321.025879,5740.512695,361.60607501099184,477.140377143196,noise
124,8309.230469,7374.871581999999,697.4801745493342,505.8942052685138,noise
125,4859.487305,4720.512695,404.82167920689517,425.60525976215376,noise
126,4726.153809,4749.230957,340.6539408073395,324.8223842752286,noise
127,6949.230956999999,4437.436035,347.3097875859894,208.2079778529146,noise
128,6297.436035,6124.615234000001,844.4723792211562,829.0196609168343,noise
129,6135.897461,6137.436035,842.192772010093,834.6483361997011,noise
130,5933.333496,5869.743652,344.6061201226257,312.5196650955986,noise
131,8401.538086,4668.205078,845.1552156210555,335.3294402365591,noise
132,4735.384765999999,4774.871582,398.78501361538565,448.4417855999991,noise
133,4711.794922,4768.205078,277.2412448333307,332.4441254036683,noise
134,5823.589844,6112.307617,868.5832147542415,845.1885381260527,noise
135,5169.743652,4639.487305,449.99289315934084,279.58312329912224,noise
136,6389.230957,6458.461426,985.2599627339478,945.0611058504674,noise
137,6000.0,6198.974121,785.9989255865771,752.271857852636,noise
138,4785.6411130000015,4783.0771479999985,397.5449765680987,402.31023570124034,noise
139,5988.205078,6047.692383,903.0260671508754,903.1768860932211,noise
140,6660.0,6759.487305,817.3935923304762,901.9889284473261,noise
141,4755.384765999999,4811.794922,294.0712949146323,334.3694065136833,noise
142,6193.333496,6369.230957,615.3615448426958,616.7024323604655,noise
143,6064.615234000001,7783.589844,763.06985500063,768.2598956713719,noise
144,6836.922852,7168.205078,663.5897482999972,742.78662801887,noise
145,6187.179688,6010.769043,721.3314444311932,691.6113863853202,noise
146,6246.153809,6602.563965,1004.8413707457626,1041.5165494273515,noise
147,5110.769043,4866.666504,470.66918651219385,316.0869078379219,noise
148,4803.0771479999985,4826.666504,373.32573464179313,456.86698535937285,noise
149,4772.820313,4733.333496,410.06994256060807,441.7441386451619,noise
150,4755.384765999999,4769.743652,430.07230984754005,387.993312695864,noise
151,6557.436035,7043.589844,857.7625173162992,950.843329233755,noise
152,6223.0771479999985,6337.436035,827.3667841652173,804.7090396000012,noise
153,7052.307617,7180.0,698.2698827474769,664.7357477448977,noise
154,4750.769043,4809.230957,391.23636810233165,474.7996598437485,noise
155,6109.230957,5917.94873,655.7093126905797,608.0753238371453,noise
156,6122.05127,6062.563965,690.1582922956518,679.5364502693046,noise
157,5117.94873,4840.0,404.89907644680807,380.33970037499876,noise
158,4795.384765999999,4803.589844,389.2958752380946,398.4155428859185,noise
159,6196.9228520000015,6228.7177729999985,995.817875275864,961.5735944638232,noise
160,6347.692383,5352.820313,767.3131145008256,305.1121749479171,noise
161,4788.7177729999985,4700.512695,405.8098646867302,395.5716738941146,noise
162,6248.205078,6089.743652,589.541615270578,567.6553061752566,noise
163,6059.487305,6305.128418,614.0833170518295,598.2534732641516,noise
164,4652.820313,4738.461426,329.01510242056065,356.5045890945821,noise
165,6230.256348,6418.974121,789.0967962349132,806.315284629542,noise
166,6153.846191,6002.563965,772.9094901714734,809.4020713686359,noise
167,6079.487305,6107.179688,637.0353608761902,617.2041743173095,noise
168,6773.333495999998,5932.820313,943.394236354718,611.4253938637994,noise
169,6791.794922,8155.384765999999,1118.1487048900017,480.02211587888723,noise
170,7901.538573999998,7812.820312999998,870.9401613124996,343.1751137872352,noise
171,5492.820313,4732.820313,474.6166916409552,181.34552916831763,noise
172,6413.846191,6309.230957,930.7502418611134,942.5264612935757,noise
173,4816.410156,4831.794922,390.5438602727272,387.69229792753686,noise
174,6357.94873,6340.0,816.6782117387384,841.8819603113211,noise
175,8111.282227,8215.897461,628.8399306338442,564.018175341771,noise
176,7470.256348000001,6845.128418000001,706.1483220537616,371.52362264224666,noise
177,4733.846191,4876.410156,400.5853570566014,437.7213226320755,noise
178,5900.0,5873.333496,864.5401368014009,834.94344669366,noise
179,4741.538574,5018.461426,183.10111568867706,363.7283278004343,noise
180,8401.538086,5829.230957,1476.9557943297864,346.70486265957425,noise
181,6036.9228520000015,6104.615234000001,399.23332651610417,387.107015362707,noise
182,5858.461426,5911.794922,756.8672286633655,526.8494904782619,noise
183,5992.820313,6044.102539,699.283296102893,657.4455590094362,noise
184,5936.410156,5726.153809,415.09910336577195,399.4393066401335,noise
185,4755.384765999999,4769.743652,441.43741752268033,371.2595918309862,noise
186,5210.256348,5367.692383,301.825311166599,492.12678246250107,noise
187,4781.025879,4791.794922,442.0233398454302,436.51764855465717,noise
188,8126.666504000002,4891.2822270000015,654.107536531244,332.5429669761106,noise
189,4758.461426,4747.692383,360.3367792985091,351.46473008219164,noise
190,4667.692383,4743.589844,292.1904434584949,322.4679587589262,noise
191,5358.974121,4762.563965,504.50766112000156,323.63298315662587,noise
192,5708.205078,5841.025879,922.6683991186446,955.3403344614035,noise
193,6077.436035,5832.307617,639.5671699908271,619.2896112477047,noise
194,5812.820313,5910.256348,595.6440803681853,644.4897454452475,noise
195,6645.6411130000015,6229.230957,669.0055263084118,802.8480072321422,noise
196,6066.666504,5395.384765999999,220.10348198165138,272.86889415094356,noise
197,4623.589844,7005.641113,101.53755715048283,343.9094629650772,noise
198,5991.794922,5932.820313,509.6553679032263,432.44209366990435,noise
199,6921.025879000002,6750.769043000001,924.7768216111108,964.6455365490169,noise
200,5554.871582,5565.6411130000015,602.2591981351325,529.2381901664203,noise
201,5281.025879,5316.9228520000015,383.1953280669668,428.4240859325846,noise
202,4736.410156,4795.384765999999,419.63994474892843,473.4273022182688,noise
203,5601.025879,5611.2822270000015,455.9221238653863,547.2353443564352,noise
204,4834.871582,4689.230957,398.817671968809,389.6579226193817,noise
205,7593.846191,6963.589844,1110.6910121044934,716.0193257623764,noise
206,6329.230957,6289.230957,872.0724275556377,828.662935682506,noise
207,6272.820313,6605.6411130000015,924.6295856314237,975.8011036189077,noise
208,4571.794922,5260.0,104.68841114191855,313.5077697525767,noise
209,8363.589844,4497.436035,292.0511099516625,118.5110522287282,noise
210,5661.538574,4604.615234000001,377.01444082324997,93.08105317598893,noise
211,4810.256348,4778.974121,383.6968794626864,459.1530540757594,noise
212,6242.05127,6263.0771479999985,986.6358997446246,959.4981030077975,noise
213,4760.0,4818.461426,401.7147818435906,464.3660762026866,noise
214,6643.589844,4945.128418,712.360151852271,283.21651743181974,noise
