,variance_AF3,variance_AF4,label
0,1018036.0660776398,279507.93655160686,none
1,1231626.3292786116,349671.4118121518,none
2,118043.75589524566,19096.522998095956,none
3,28557.79041379477,14243.486850860754,none
4,1103468.947052885,45363.12814437209,none
5,1377015.4007960702,63877.82692552138,none
6,1334505.2187102498,66149.85196959868,none
7,730845.15398872,128897.18573439537,none
8,1109810.348833278,51064.69000422542,none
9,74033.32390072153,31947.563812098066,none
10,1217167.2000590104,52003.1307091212,none
11,28207.951054905847,15295.241964916713,none
12,24278.68293929634,8744.315398240167,none
13,742140.6843854942,65610.39896553008,none
14,933950.3467798084,283618.79590631416,none
15,118641.0947744296,17056.496821058845,none
16,911500.6400651016,130992.03283228408,none
17,114233.96896051061,36190.224532237495,none
18,720894.9138720107,108241.06152038403,none
19,453218.89276894135,19526.440290612216,none
20,65978.27717657587,24504.239455296265,none
21,70293.98769055617,29952.36935468652,none
22,27218.90404038595,11227.101742232138,none
23,1584613.5511624268,117769.42888319232,none
24,36161.91068994477,17925.88068719916,none
25,49363.558078115144,22282.60364738847,none
26,971516.5563912938,26514.463629376158,none
27,63096.05284753214,6980.947776331159,none
28,1007230.515349829,94831.35157640651,none
29,737629.1676341397,29180.375879108386,none
30,1311746.5824377825,304077.63749989704,none
31,791831.1757306906,25795.49334055373,none
32,553565.5752294696,158377.6023784377,none
33,1289070.018277717,182515.0355420531,none
34,327047.6249494356,12886.186875019057,none
35,494094.3141008534,92147.6889841286,none
36,91370.19605604798,30894.22586585376,none
37,49458.27157821237,27423.821874699115,none
38,677720.9705443338,14494.035839292308,none
39,39572.396817521294,16209.153986686608,none
40,28928.48798550784,12558.315139242543,none
41,512285.5836379119,89718.9287879263,none
42,1958247.8472245324,93489.93677407068,none
43,62328.702793326775,27001.92731735635,none
44,26627.964441849523,11800.048355462659,none
45,1113985.309750312,361568.36206615734,none
46,1400505.908434189,448135.03169741266,none
47,1385796.769194669,71525.88340395073,none
48,1065826.691052917,148154.01129083673,none
49,1110830.475519734,47751.129110337024,none
50,1051836.5246882162,34056.896455611386,none
51,39415.21285345187,16982.086597235793,none
52,171359.5742235085,77941.91347999615,none
53,1309119.2743995003,213280.30010300205,none
54,56794.69121562583,10998.632984499112,none
55,43897.00487353652,18700.76710288623,none
56,53040.636520409826,18865.72296472054,none
57,63522.92928870806,23516.307727757714,none
58,34712.33453082739,15065.34833252513,none
59,71386.27681272077,28419.666119483958,none
60,149104.41923429325,19457.33235753136,none
61,1016325.9013477885,153493.58394310976,none
62,2231734.6172723216,94865.08313044035,none
63,30508.83338506123,11765.253167928971,none
64,223247.87458365934,73008.32942994092,none
65,102225.44726655436,42282.883578687826,none
66,32157.978920335263,6846.623872537141,none
67,25729.055960090627,11632.484772464912,none
68,40131.19062915127,16965.521175843176,none
69,106534.96116220772,44467.148813431806,none
70,1118458.912166606,48966.77916981297,none
71,1282613.8325915413,52064.60466470948,none
72,23012.40613345761,10024.06100776622,none
73,117115.98950304817,126850.31616425964,none
74,47914.58614704151,24399.92993461046,none
75,49255.71049038809,10861.64306384851,none
76,1030392.0158409579,184678.0828104879,none
77,754376.5408294427,29523.671550391755,none
78,88837.26562152382,34136.77033522472,none
79,19717.450752594952,11124.585851421463,none
80,31336.557200974956,15732.353017439675,none
81,1331002.9593551196,338799.39123690996,none
82,159274.0119342223,12252.967541540123,none
83,954718.797811591,233034.44069173312,none
84,1355229.2501687815,297372.05234705424,none
85,693611.8617026204,74722.03051335971,none
86,33399.053999601216,11883.769198092396,none
87,296387.1036429928,17576.089290364605,none
88,52144.39000718185,18127.89012079211,none
89,87120.98447981592,23567.013687906066,none
90,863430.6374402303,321774.33935727656,none
91,17744.220001510508,10928.994315274724,none
92,59510.64394057207,31458.39036719308,none
93,31826.25900179675,11241.828593451142,none
94,841345.7525158956,287423.01582449634,none
95,1425510.924317379,197022.9722477646,none
96,63804.530420339506,27388.59299834491,none
97,1358561.1794344734,74360.35759610125,none
98,764946.9135611751,72767.23284378435,none
99,532304.9092412482,23237.15276738946,none
100,31522.665161419416,14504.100604511761,none
101,777944.4397251846,22459.822772830557,none
102,1416567.6836113385,46298.61913895272,none
103,1030995.1148741394,99484.6794289671,none
104,928121.7278583774,320085.36860738194,none
105,29922.982498977904,10286.936721550466,none
106,256046.18764201697,46828.55759164648,none
107,1129575.9663895501,292143.501364081,none
108,1127299.4029624427,202321.91711397775,none
109,66629.87530321571,27394.822831579913,none
110,1143100.1546216046,168392.5783628747,none
111,85839.56193812325,28196.02305395683,none
112,1136174.5630305652,177390.47393752553,none
113,875412.445108428,90847.7515920254,none
114,1777992.1471903564,119817.04313766153,none
115,26819.94121051555,8432.086595893774,none
116,34124.18891897235,15991.340184953384,none
117,1308857.2234595597,47863.95271873139,none
118,2174769.687874207,108449.74260325245,none
119,26330.440221884208,12564.237411416938,none
120,973048.2428333751,30995.966545023195,none
121,1539807.0897944532,157373.00632579112,none
122,1025869.0347763874,95260.46932210447,none
123,1133852.2111558837,122664.91661475113,none
124,1081777.4732922364,194764.8906061033,none
125,30321.2831608663,10967.60765814361,none
126,808681.9030752839,171754.880082195,none
127,89771.24814020559,38371.544790858774,none
128,34504.931136807645,6725.717508628465,none
129,461015.5051512602,93185.42626009614,none
130,797702.3125979148,25299.546971175256,none
131,26897.46021623091,11755.76933720699,none
132,35379.994638039214,18687.74023077496,none
133,45813.80785739664,17958.69924875022,none
134,1261904.9625272565,80436.23624486905,none
135,795999.8754170699,23233.194951962676,none
136,1150190.794125136,55729.04444761436,none
137,962231.6005827758,33086.103683072266,none
138,1058597.8362794127,273894.7806328417,none
139,41132.711391979756,18907.720738256303,none
140,19255.89787848015,6705.7943686867575,none
141,31631.605862646302,16023.910024222578,none
142,766481.5787767676,29463.756605093145,none
143,1433757.7931045028,56580.6405498243,none
144,290512.75810703106,17172.84937021374,none
145,1262249.8673749452,332197.13299470244,none
146,34821.28418734549,16739.795989843416,none
147,1006595.1604096182,174809.69171565087,none
148,1481393.7706292025,89556.06457367333,none
149,45686.06609987814,20328.543819002487,none
150,879204.6749219385,138745.2395797326,none
151,30073.17950276846,15898.02273770795,none
152,902443.1893405723,196166.3569119219,none
153,1163039.2130145493,72646.84859503976,none
154,101082.91895717435,20485.911056855588,none
155,39946.48249464984,10327.40599302756,none
156,23440.905371404922,11158.037741542332,none
157,22676.84170905534,10634.935894070113,none
158,99338.0807125311,38231.06290074375,none
159,990315.6396213729,49564.13131735766,none
160,90390.71824257115,12748.907532801515,none
161,1255496.625024737,38148.32824676512,none
162,718470.3694149561,24824.617372158133,none
163,1340909.8542071835,258156.7643954529,none
164,1496753.224975707,385885.21991468937,none
165,95172.93428527615,39790.34381128821,none
166,33406.152716901815,14124.158668800323,none
167,21127.84445388062,9900.511528856243,none
168,874763.7883041272,72555.61101358732,none
169,1301031.7820325862,386090.8072713271,none
170,30531.531744431908,9677.738987186098,none
171,22167.437321575435,11710.266502708246,none
172,988181.1251273736,36061.70532920491,none
173,1492714.6914569961,555188.6727651489,none
174,101379.61983243047,34367.44646979822,none
175,22013.669455562063,8819.344352868695,none
176,27191.228830236945,10413.552942829567,none
177,22880.913652191946,11775.239701670977,none
178,1234941.3843424222,58609.95212157111,none
179,43254.854460633105,17530.01146501737,none
180,18492.5194463694,6219.216061311383,none
181,1061356.4814139495,39209.55364647992,none
182,56307.480979972956,22315.215658319772,none
183,1344900.6494875983,567217.7494427025,none
184,1222273.3103333383,33112.187918669115,none
185,1118948.6740761036,107613.24859286504,none
186,22148.897100816415,10782.319103599646,none
187,883019.377287963,36998.00745142653,none
188,1015700.2713183941,217444.45799700954,none
189,840393.850959081,235013.35630600835,none
190,916787.1793848521,34164.28905822815,none
191,90824.88166919429,18972.043766658302,none
192,89793.8372915694,31818.6964884444,none
193,26435.2984865002,13225.946157337385,none
194,42731.147745900416,18515.67324096143,none
195,1031915.732286953,333729.2792173726,none
196,26114.92986694901,12750.899291816115,none
197,23700.334894375734,11219.12776314662,none
198,784850.1318162018,30529.99998457136,none
199,837420.4187559946,118038.00674138928,none
200,30178.814935547955,12336.10320239275,none
201,1309000.6119822566,58489.74200628589,none
202,366856.739030124,18229.776088401435,none
203,399757.38133417914,17974.333806622024,none
204,1503713.9004352246,111657.26022188383,none
205,1285361.917905281,48295.568197974484,none
206,1363726.465135314,57997.55043173558,none
207,23727.12067830518,8929.888370561712,none
208,35942.007241545034,15483.893563968048,none
209,1520351.4291805068,98213.49069506809,none
210,750118.6121202218,148861.07383638123,none
211,67720.58203747304,26030.563308022964,none
212,22007.8733211252,11366.769057122552,none
213,661679.0859751755,33535.49983210913,none
214,95900.67251286015,33863.3808009394,none
215,30505.815937719537,15803.172124989578,none
216,576981.076693516,51092.18145469377,none
217,68800.09729708334,41983.054258906785,none
218,24193.94345489117,10057.294361824483,none
219,1144951.4171947816,373497.3464070868,none
220,67307.09613177627,11873.115760666115,none
221,1299357.4504581704,53225.44144688813,none
222,1615722.2421939548,75029.12004228999,none
223,743150.3567239017,115910.28401539531,none
224,403345.5802101326,52919.02097640164,none
225,1385372.624208039,279946.11631677405,none
226,911995.8881526784,151585.81286121867,none
227,173634.65653423604,17623.733339143262,none
228,33866.036823823044,18265.894687454238,none
229,791373.6971341394,34159.12019554536,none
230,40115.69853701098,17789.014767154087,none
231,27116.04209284685,11850.584493090435,none
232,1434049.661087974,321609.3810518216,none
233,844556.0882751923,175913.82042549728,none
234,19194.570628392783,6391.885416277869,none
235,1197660.2798745132,135842.3195890626,none
236,690849.8749284005,92179.72086984255,none
237,877469.7016314329,17323.001673395134,none
238,1941887.5653242636,114872.25521937586,none
239,18986.126798167625,9402.499641260802,none
240,44745.58807986142,18127.07193841803,none
241,958082.6882117607,24647.833855424684,none
242,454375.63057684305,62558.123512851605,none
243,27306.44190836675,13691.73617834148,none
244,1302416.7863555439,44072.95281994955,none
245,31121.407745735996,15185.13604032588,none
246,964762.3090155306,33815.839697867916,none
247,34016.906369204175,17736.30610907078,none
248,95422.4333353099,91605.3185218203,none
249,40684.979624777145,12883.292502879713,none
250,24888.038241163136,11090.322699314533,none
251,77036.48418386928,30878.910667804656,none
252,1281509.7747950857,53293.99986762127,none
0,575474.3245119832,2235.9217189361357,none
1,1136685.7540480488,7640.363581091671,none
2,730798.4856335351,3794.57838692467,none
3,106634.50259492834,2271.807171030892,none
4,688143.2939364752,21454.103284390276,none
5,2004272.4139194875,258124.13919596447,none
6,663970.8753266338,2009.811719602679,none
7,397551.52244958165,76373.5444860947,none
8,468457.97663554957,16305.620025872058,none
9,1714620.840905486,154585.0217731872,none
10,209548.88895213156,64262.54063379869,none
11,523807.2434413316,128821.36613745235,none
12,1525267.0618460742,139439.26210901662,none
13,1494692.0102119711,167246.58907178283,none
14,1558802.7634615267,129543.85795702582,none
15,360447.9717854525,5794.344184883104,none
16,1661280.166590432,4644.694941744574,none
17,524463.956183656,39709.46689981179,none
18,477069.9762027599,20364.08629145188,none
19,1281981.8594020407,149906.13968898042,none
20,1097306.579187048,97454.90067791089,none
21,1672231.8053482375,150461.75051476964,none
22,15667.81971443443,5433.1306299441785,none
23,2092172.8697139644,237431.9339025038,none
24,926136.7838726552,3881.485837234624,none
25,248637.1320289544,5434.304175092502,none
26,783505.4275281351,4317.228436971266,none
27,106627.42008228117,3107.2857987740144,none
28,1912570.7224401473,187977.89933037543,none
29,752412.0745544585,11130.656533028698,none
30,1648031.3688716271,151483.92279106347,none
31,585183.2315887135,4509.9998675449015,none
32,473432.97984881443,2171.3381374934565,none
33,25926.92983444356,2772.992929050629,none
34,1680690.7122843093,171967.3841650462,none
35,1097761.5254966647,3905.5549299053755,none
36,1261421.0405118628,106873.051541876,none
37,1017375.9246680966,72223.1693187606,none
38,603264.7517098045,11392.23964355004,none
39,253846.87701538918,60492.905707241785,none
40,349290.67300882406,2370.6829878314184,none
41,224554.60698309614,58041.67543492657,none
42,1700915.803347968,150138.6835676548,none
43,935693.3643026968,3689.523097282336,none
44,592135.7472274656,37485.646904744644,none
45,1532475.8868598528,163370.8298323055,none
46,161362.58809123404,34773.08774310477,none
47,659344.3470415054,3076.5899113156124,none
48,1053850.5615226096,2738.5159726432844,none
49,1074130.7706784056,2672.0332178986687,none
50,885587.3023968708,4817.055634023289,none
51,945424.1666869025,125529.78397096903,none
52,1692448.049839058,180620.9546402343,none
53,278066.4746319654,95791.37060961455,none
54,1915112.474588652,207837.67730484635,none
55,393555.4726528497,3070.4751252147757,none
56,1460742.4268156565,83213.04517706735,none
57,439892.4158001799,3369.7022074923752,none
58,2029173.3032676692,183515.39505148615,none
59,930516.2400427063,2083.9362505747495,none
60,1664227.3534961974,226122.472804449,none
61,794721.4871281633,2222.6095883809144,none
62,1825802.2040074663,187084.14690012296,none
63,1850985.8283777193,179160.7406778877,none
64,659996.1146217085,3601.8860177805873,none
65,1513789.1708131179,121759.51260739153,none
66,686838.1493152758,3287.4272444946023,none
67,1086445.2292129598,4751.838753091853,none
68,887130.799005502,2267.5824979316103,none
69,1595114.3461463454,106636.06785039009,none
70,1264964.5528919578,152682.0055433828,none
71,461967.6156904067,3079.343378373019,none
72,951901.5087475708,2280.6826932511644,none
73,57399.18494238321,3577.673952951631,none
74,988366.2176955637,2866.4524388687587,none
75,454810.74235502596,88484.63546706921,none
76,737203.2767617812,24060.6875954401,none
77,1315995.4391497062,132931.70058031855,none
78,1987163.4843005643,199949.23204129632,none
79,48420.81779350866,2293.576252476529,none
80,84502.98854503351,2805.1546749420727,none
81,1694496.8678751327,102120.26206704501,none
82,1069896.058607004,7075.065820904828,none
83,827263.3751559595,17056.05834478934,none
84,910934.9823329378,2728.5557841486802,none
85,466859.6209410602,10001.92167856166,none
86,606599.5134401838,71795.74370981209,none
87,183933.2751269523,76418.47103104462,none
88,544689.5501408332,14974.437042811605,none
89,1111774.3171761504,4859.456828245903,none
90,1052211.2482284023,3871.6141131961895,none
91,1919646.6977846203,197077.52595547395,none
92,351327.96639798157,17545.753101264236,none
93,772057.4384708456,3316.0086138720535,none
94,186664.67443358424,63220.95956758233,none
95,412196.1181255006,17414.578187309184,none
96,156720.6288722471,48711.78791109082,none
97,562879.7767429677,21522.78415083208,none
98,890199.7098684561,3082.1560125493343,none
99,124399.18665368168,31295.170328607408,none
100,653691.5440266385,4248.6073905056655,none
101,1904523.5475551134,189343.83184993797,none
102,1503703.7072418327,156762.80279034137,none
103,688784.7129794359,3031.426537908922,none
104,985573.7038962864,3632.9316166959034,none
105,954027.4791500573,12417.968012716085,none
106,863004.6189826357,3082.361275837184,none
107,441660.1474206489,1437.4466716859886,none
108,1553333.4495981135,111043.28804369473,none
109,319427.2578399005,2603.72086763467,none
110,143762.2034234362,41307.03842195127,none
111,1434150.572490655,3779.557716224286,none
112,1485618.64949097,83819.55198698575,none
113,861536.2001836402,2417.598969976281,none
114,947697.1028128442,13261.294700463533,none
115,341535.81026557344,3281.3187076993963,none
116,861835.7356922731,5019.320160763957,none
117,51245.5559272331,4553.803540445474,none
118,772596.4612071151,3230.520442357907,none
119,727391.039264368,3863.9023668437367,none
120,976749.6077416106,3324.2573714901096,none
121,929561.9769200912,6148.0531350222,none
122,147238.69712782803,16491.739075367834,none
123,1134949.3709796236,97121.86024099636,none
124,1451511.288186526,76454.523450573,none
125,1621234.1610149757,182586.58948788242,none
126,331636.91291676013,3103.95277392313,none
127,1009340.9130483653,111746.45484936918,none
128,729687.3357732855,2205.236570115735,none
129,1382699.7519310557,15605.408773216039,none
130,893787.4681908787,2170.283472224861,none
0,4835.202754125002,196106.99456540955,none
1,3591.5358067129164,173781.3112850261,none
2,13516.679850936765,13634.674146895148,none
3,7604.836925866832,425671.198978486,none
4,4104.762067034021,279968.62087806466,none
5,3356.828814259301,4331.714066933192,none
6,29265.381832194576,264730.2106715426,none
7,1640.3321662207481,2363.4376208528756,none
8,4312.6072510734575,5958.657736801532,none
9,11041.478697062967,11911.86183502172,none
10,5777.553305386927,4649.826841745734,none
11,3719.583242835934,4392.656924151013,none
12,10266.311496181674,3937.9722499696645,none
13,2125.545414210468,122083.31866412303,none
14,2324.8003653067512,106474.87108493286,none
15,9947.824264088893,8823.471534160528,none
16,8766.085585771802,2620.300672618155,none
17,3139.163267392236,4810.37742410751,none
18,2914.6961072671834,3466.691397624649,none
19,9296.060117076031,5054.8645950894115,none
20,3092.1743945449284,4178.330319682616,none
21,2422.549009959058,4064.48926775365,none
22,10032.962129607471,215574.202399637,none
23,4756.46170108592,152956.3883263645,none
24,14523.387086863804,259736.8573914407,none
25,3051.416329309647,4178.742718306069,none
26,1976.3047898737977,336466.13664745557,none
27,4630.191971218642,59135.22268226863,none
28,9904.121863411705,11951.472721923259,none
29,5134.176654282162,209861.58799124768,none
30,5032.667716834701,46312.43811602268,none
31,1867.1672058490983,3814.8688901509868,none
32,6027.71369547229,63642.21126148709,none
33,7539.912187970254,11609.712410987946,none
34,1394.2936666636726,143828.9208800839,none
35,5939.762021047795,513313.9550377129,none
36,6680.305567382669,43360.287466917354,none
37,2710.5233121364913,4797.479933519526,none
38,9705.934069779572,7952.367604109545,none
39,4888.275121344239,4111.714821958306,none
40,3300.775690697735,5873.900616774723,none
41,5619.658866438535,122296.96382826028,none
42,4938.066705484137,4247.304913607889,none
43,12151.91570018566,60657.1516098786,none
44,25105.432473856734,11963.799559729285,none
45,8530.932800707045,2685.4958572837268,none
46,4099.8943060799365,473657.9541404427,none
47,8456.535782023653,38202.19121522535,none
48,25928.183857111646,15371.811399429822,none
49,6989.32765474414,2521.879725705338,none
50,2906.8285041069757,3080.4645439987085,none
51,1264.6309280029172,118746.00121322648,none
52,47411.658779326826,26990.05803179806,none
53,4207.427763217743,4225.290021942463,none
54,2569.598234225671,102521.52476481072,none
55,5114.054810531336,141566.23931967892,none
56,6795.445534561012,10682.4010666558,none
57,6070.202313902573,6298.7767045581395,none
58,16611.27138867674,146338.4676802521,none
59,20015.82165867271,237856.80926654802,none
60,5952.925533313803,3326.9890481457587,none
61,3032.9450069271124,3703.2078506328894,none
62,6845.806035819952,1824.709318368106,none
63,2533.1094947896,462557.0464865674,none
64,3132.698271906847,478847.66933462647,none
65,5857.189936406957,318069.8430648173,none
66,3181.37225794027,5403.370187446448,none
67,5192.867339638976,139251.03113078224,none
68,6205.058207977639,7654.61704040689,none
69,4418.448431049134,112403.2224511543,none
70,4496.102145482307,107800.39528533106,none
71,5269.922490634442,4334.021596185272,none
72,8475.279255162746,7703.619136848844,none
73,10386.088895371016,374554.1158773689,none
74,5633.05463843863,3865.682786043346,none
75,6166.883887409732,53771.12873134919,none
76,5453.671620768703,6148.135569133663,none
77,3460.61713117126,1230.4012519073626,none
78,1812.2978503862585,209733.6182316274,none
79,4959.5292462105945,9568.993015915174,none
80,6238.548833186357,136864.6383393526,none
81,11033.605276099592,60390.09602130777,none
82,2844.12971988932,5075.337892205578,none
83,6019.3731982582785,241358.6075121617,none
84,20930.00377811799,408828.2381737049,none
85,9472.997804499248,288834.1435547725,none
86,7152.71562957558,7278.537636561251,none
87,58420.15468467122,11320.37799599346,none
88,10765.572040395697,434521.88674661465,none
89,3788.6057439248093,241910.61133503914,none
90,6872.387330283447,287598.4428279754,none
91,4936.799966836835,106010.65723257356,none
92,8122.852225376795,56920.54816525977,none
93,4170.333412239829,4085.734091738567,none
94,2850.0320792800876,3539.0213953440257,none
95,3046.688508126944,42917.147753072626,none
96,4840.8228219403145,4902.576173114313,none
97,4821.6905754608515,56566.410224138715,none
98,3809.2793263159065,405187.3497168683,none
99,28284.242007033885,17196.734636475438,none
100,7092.065457243186,6641.619025268325,none
101,12570.550801635633,91693.22416563917,none
102,2982.1156086042497,3508.8740489214965,none
103,6865.6319471406205,4610.536880566162,none
104,20858.660214381413,15118.229886263529,none
105,3664.2422207713594,94474.20980656677,none
106,3964.5972980892398,75188.88398639653,none
107,7831.629385868754,375808.3058403393,none
108,5271.270476835771,396824.7608893179,none
109,3318.5303590381045,5920.76209289496,none
110,6144.167128707693,55223.73744049945,none
111,11162.146997784272,42098.999516898264,none
112,6173.213275749565,4267.901437453703,none
113,30299.355968677526,17518.307952926647,none
114,4110.914926542797,5639.1688287276875,none
115,6061.002156629328,9304.771065673978,none
116,2118.4559270961977,98721.66136849327,none
117,3062.3247374275165,138628.65429221102,none
118,6181.2567923389615,129069.89537236233,none
119,13400.91348171862,11137.52097924593,none
120,3967.325204875658,8129.361577084047,none
121,3452.798135536188,5045.402986044781,none
122,2213.6611665323912,355366.0113887833,none
123,4555.173330024412,215528.6691717504,none
124,25621.067083212813,8444.600521370712,none
125,11070.849267036969,15714.304660893436,none
126,13701.921935578774,291734.87919820665,none
127,4797.1141363324905,2992.9954367181444,none
128,4154.486608392831,5820.998803857982,none
0,352.86296745676157,323.84536895138683,none
1,752.9969144296322,3750.8148301004107,none
2,456.6976045788243,371.04375258211854,none
3,590.1919930432407,513.0252937142967,none
4,1508.04811819075,868.9838746963036,none
5,681.1130152093587,735.0412323275328,none
6,376.98043536543224,496.74368290666655,none
7,454.56427007444614,480.293246072179,none
8,3767.1098137466856,1766.0597831735888,none
9,365.0670182335558,505.74364227215864,none
10,477.5111322979992,537.2517518138443,none
11,465.20274162761723,403.9755965935047,none
12,805.3224424061045,742.8263898534477,none
13,240.07057522828413,435.16441770851384,none
14,362.1307921317303,327.2339320245029,none
15,323.0919162207908,560.3090705606145,none
16,386.5387811841487,360.6788978414601,none
17,2157.417431365353,565.1889222107488,none
18,783.7315534780151,504.65651185105327,none
19,2447.315995391081,686.500938935676,none
20,372.30684564609277,335.4610885588649,none
21,31252.555039678926,32434.077606220413,none
22,494.2453110441461,570.446096292595,none
23,477.4615627033887,343.4263986011785,none
24,379.0304026026435,331.3523308174686,none
25,408.26410106789797,349.22811335610913,none
26,282.3428871458072,293.76379262130285,none
27,766.1683831904043,1569.4486190474083,none
28,332.9551061218661,13728.387660730114,none
29,561.3731879201022,704.7704186825263,none
30,905.0256786216534,1174.7965794628205,none
31,289.3899035090035,295.8074109930062,none
32,315.9041125589217,389.9956253553217,none
33,358.74369862540146,479.99281136578423,none
34,19649.8601769965,12553.790501987427,none
35,258.12354317020976,348.6854870496229,none
36,476.15399267512527,444.6485385768231,none
37,1428.3525830474803,1943.1465348239803,none
38,15265.969383350459,35189.71246679266,none
39,411.21516469113845,454.61412572572056,none
40,9991.526282944407,6238.647652051372,none
41,2684.740501371987,2437.181562730944,none
42,391.74333144929614,381.8611300483693,none
43,568.9892705735224,1225.4749950416465,none
44,849.4429125271898,4440.645437785074,none
45,487.9605454173897,555.549435238724,none
46,428.1785906119653,960.0691417182603,none
47,472.5877602119461,399.4853914064601,none
48,453.68227605054784,416.94790723797064,none
49,311.86640974696064,520.3875050659219,none
50,428.01863609041135,452.4396595776429,none
51,419.9789204100705,393.62785241810593,none
52,446.0280380134257,380.92150784090614,none
53,399.30457227063624,359.1322025446244,none
54,384.47069860215106,432.3195059562089,none
55,5097.005363937685,18393.9189748948,none
56,713.61758737665,1654.6249199556441,none
57,350.8149972603158,460.7924496772164,none
58,1283.1900647525554,1115.1629213358872,none
59,333.39239304177795,370.7068083456705,none
60,417.00399135818276,541.0823397487254,none
61,319.94360979753657,394.5544630001739,none
62,1283.2743206819778,1167.2418161673397,none
63,979.7567209195628,482.67915058597634,none
64,331.8012284335189,326.6878942018085,none
65,741.4285820536468,1452.4767470351037,none
66,450.44034796427246,668.1883533611732,none
67,381.70485536053695,357.157060484213,none
68,686.960919589129,711.0833773020364,none
69,425.94903926389196,284.9353427153813,none
70,1146.9077323865338,749.2284807765463,none
71,553.8781972743476,616.2406618910317,none
72,376.3856674158856,389.2149296692003,none
73,936.0641724795122,596.0207027500236,none
74,403.56675714653795,438.58037823235827,none
75,416.1872939961514,384.85549119506084,none
76,1442.5178058818524,1349.3163117552165,none
77,436.5263359228187,414.9332155220543,none
78,357.96225983544065,560.1760433863162,none
79,845.3155958248263,452.30317900251936,none
80,398.2452318262865,313.2941777924165,none
81,389.31671397393603,504.92873115186535,none
82,345.7131129604793,376.93512926380384,none
83,287.1179437984997,406.13921040794054,none
84,297.1070785140512,265.7555843588007,none
85,396.49727610637603,313.88337561690327,none
86,346.03065087131694,341.9999607913983,none
87,1264.1187918616192,4789.228927430768,none
88,453.05197718326525,1487.8371790883189,none
89,349.945032031566,538.065682015794,none
90,308.4353659125853,316.2595604368213,none
91,2628.508171592105,7078.234667377632,none
92,512.3875422224233,632.0375052546333,none
93,443.93947516903825,399.61616885734884,none
94,358.5767976838552,388.63441595557805,none
95,301.3444885971835,217.7592664194534,none
96,916.7485916704376,1342.1380528987522,none
97,514.7733622678087,498.8014501652486,none
98,384.8369937460243,478.80730798456125,none
99,1000.1354457465768,515.9139588675177,none
100,920.5728927984002,1279.8188061878477,none
101,1562.7365168894073,1520.3378636526365,none
102,366.2757405342242,377.6069839043374,none
103,446.9590440191652,327.5199710770249,none
104,342.6401100522178,330.16234839332617,none
105,489.9974218791252,580.9321341140183,none
106,838.6998482783247,682.8223429735029,none
107,1328.6194170758536,455.2931000382243,none
108,476.6637254714526,281.9782612475715,none
109,1246.788803435356,1478.266426088534,none
110,594.8836547080408,628.5454111498774,none
111,324.572093290121,349.9327736958449,none
112,872.4262537782791,1279.286490806446,none
113,575.9892259979187,516.3963078155369,none
114,284.5658267773088,269.0325192591325,none
115,272.78569934170156,921.1347800473351,none
116,292.50231359870116,393.32893140567813,none
117,370.68137923248474,415.1712037270418,none
118,283.1939665587473,431.6676488053391,none
119,8590.622689981219,10528.738026835814,none
120,298.2671726636434,290.70749378318055,none
121,306.9335072565583,360.75244084664473,none
122,358.76848755653003,362.47892445693327,none
123,557.6178116893041,430.7675571405323,none
124,491.6736015660766,364.7366620570353,none
125,424.3994220120172,416.4433732084251,none
126,910.9445665917195,4240.195161708313,none
127,455.48408080866636,358.72478072172413,none
128,579.4353894254498,11742.538148198071,none
129,441.87566939697103,431.2275917868075,none
130,314.90839771489334,441.8808255632457,none
131,2435.6545518855723,8233.07586442773,none
132,406.2713861966115,319.83746805375205,none
133,334.5742804000081,388.91799162936127,none
134,359.77761130040926,369.3677348029452,none
135,2658.1242704355363,2512.561110631521,none
136,476.0669431188817,509.9215154024263,none
137,401.9656082325303,354.6196720670813,none
138,525.9794145919841,552.1196424226881,none
139,782.7809305955279,3837.499871145869,none
140,297.82285623999724,358.9464125775993,none
141,334.8672742787508,439.8312161626836,none
142,347.78188781547243,373.6288597190867,none
143,725.3561585541087,1225.7091400918353,none
144,516.3998760512816,544.585499729828,none
145,591.9723778168479,562.5682236423236,none
146,302.334438526358,242.5023068321029,none
147,573.3413271307539,471.1364692813081,none
148,394.900093350818,449.9346542723392,none
149,331.1036240452556,319.01784761563385,none
150,2248.367407628019,6063.902178677344,none
151,617.4851993623525,540.4288196372195,none
152,262.79270801020573,351.7676546187273,none
153,121743.30759912549,107791.81395394575,none
154,3432.4153470657475,1728.4099025042544,none
155,3926.7420733527847,2245.548160864746,none
156,352.4709190355777,484.0823307989692,none
157,882.2420428342901,615.4783141972001,none
158,568.3889856061297,697.7062459104999,none
159,327.7706292858146,383.71969848246016,none
160,2047.2081779105981,748.7396199247663,none
161,2748.9678959481416,3131.3706200204088,none
162,866.3640696603635,1133.5971364899863,none
163,391.67652952522684,324.6406832851297,none
164,419.3634907241154,409.03073855396616,none
165,1353.9701996117624,740.5115642293864,none
166,12582.685255026561,344.13882889095714,none
167,417.9891898280243,491.4767795462777,none
168,1457.860573441778,1633.2797718023128,none
169,329.56628203725694,396.1346347590848,none
170,363.34033478095614,343.5451830529593,none
171,16520.054050065053,52584.1117400683,none
172,379.95838881795436,925.4671175956847,none
173,406.31263772674765,519.8302694548307,none
0,34674.47034187246,9603.351749527244,none
1,1169712.2498679978,26840.73126152076,none
2,30557.040702238344,12818.548305956863,none
3,1439570.8805547461,48174.228790130765,none
4,1057667.4913272057,28764.090241764934,none
5,28815.07207056808,10818.760602655428,none
6,56322.22026829919,16880.268800470574,none
7,49906.06270669909,11019.156551544143,none
8,54195.17355148148,20229.59095104782,none
9,28042.20002571595,11683.297393733315,none
10,1611396.2072401943,45239.612187133906,none
11,3327618.5301526072,110009.47196263103,none
12,17857.81354435564,4007.0886382889466,none
13,18986.988146478994,5388.437275906188,none
14,31929.87321868432,13108.873015803874,none
15,18019.639377224747,5424.209747333326,none
16,12676.008310416742,3466.9271868582214,none
17,42554.51313891098,14043.595983540466,none
18,79251.94003963741,6435.282601710852,none
19,14433.85841964565,5855.066520084051,none
20,24308.91602147498,9936.129225329414,none
21,45567.197413155074,11580.051167637597,none
22,32207.163761541025,14933.423127243677,none
23,47306.265579377665,19440.58105187191,none
24,37037.27540178634,9161.716058428723,none
25,1500192.1516894305,40174.97257642953,none
26,22968.403635356837,8234.80931572319,none
27,25146.149590375917,11394.447666644892,none
28,44992.07097327741,11542.501082956282,none
29,69673.62546262018,19240.28797832714,none
30,83528.93681967742,8464.972145139274,none
31,24819.39427104776,10837.854227101096,none
32,43147.154687160146,28610.32120721038,none
33,92988.19776328071,6146.364632949298,none
34,11542.522808641663,4434.499766967338,none
35,37090.35645975367,15739.140348246745,none
36,733037.8941845484,24847.933969923204,none
37,160763.73106143714,14081.534130823835,none
38,39811.0495312143,10079.839437258817,none
39,27770.28494174096,11696.589625756598,none
40,1230335.1076552463,22263.135506805564,none
41,101320.9325410734,28462.245352497615,none
42,114488.86873402882,7438.197270356583,none
43,945468.8400633998,15967.81869971825,none
44,1219191.0035171602,29816.983032257183,none
45,1167649.1595833704,43252.19488743705,none
46,2365933.6495705224,114163.76644169271,none
47,65818.22985431904,27929.709078797332,none
48,33128.804876192924,10302.448204288272,none
49,12619.202895445527,3599.4846258903904,none
50,63571.24793730542,20326.001366175624,none
51,19589.095973131698,5655.269178260136,none
52,952987.316795159,25510.397900407886,none
53,20767.676317736834,7756.293584241987,none
54,8391.610437215335,2415.8771809088344,none
55,3193402.6610560706,78240.18713001675,none
56,3034141.228543511,57673.09876355593,none
57,12625.097429289237,3904.2185946576756,none
58,11900.86804704678,4640.488017979395,none
59,33618.4795896005,10079.286556445222,none
60,16194.091733437366,5149.207900396361,none
61,18282.974345355928,6306.464419275819,none
62,19030.501781538514,5640.615350910714,none
63,3185236.2785302424,105861.91611691866,none
64,1343505.272581726,21270.933903315366,none
65,26117.291608251988,10444.24363813974,none
66,41296.310051036846,17637.527011606282,none
67,31364.81189616704,8348.28349457495,none
68,15602.855816741545,6772.324292393677,none
69,57732.15771634045,20012.00052704817,none
70,30497.193236013878,7314.676709579428,none
71,23707.87229676471,6230.401098792272,none
72,33029.03614312707,13947.856528570486,none
73,50457.7560213577,15614.653444192401,none
74,45350.85904901154,18365.719321653178,none
75,43510.68210649496,19526.96782835115,none
76,37886.46128007642,16079.926411624305,none
77,60923.11370842219,22570.74242979765,none
78,60931.677060892405,9985.775471850553,none
79,909030.0434737817,45442.827293211696,none
80,50144.12209409585,18426.816168486825,none
81,48863.39368097222,29543.44189119145,none
82,30072.68832036707,12416.964016142127,none
83,42655.317925392024,10870.778712421072,none
84,38268.44783151767,15985.850941228571,none
85,30636.280116020826,16634.38982226989,none
86,1669043.9552912216,63269.83875389903,none
87,16738.613639359184,5389.341355529088,none
88,28791.888787275097,15484.133324411223,none
89,3449273.0401934963,89672.29244096333,none
90,25916.0256289124,5761.936142096221,none
91,1758697.1079116596,61702.09771294383,none
92,1606166.1088845409,35333.771023335394,none
93,25504.9289596791,10772.625527651191,none
94,38515.90808869581,15377.233773163363,none
95,29218.158708420917,7368.238734534193,none
96,33598.054910804225,14991.835203677352,none
97,50524.67904003385,17598.554244612453,none
98,42404.45472114177,18058.58450448156,none
99,34559.61763630555,54783.48156858167,none
100,64630.27115566344,13120.62211882399,none
101,1735622.6813407426,50438.18057299873,none
102,37186.270370595485,9899.436552579615,none
103,47402.13498906736,9776.310238353011,none
104,25885.618334290026,11215.576606872966,none
105,84162.10077419339,170938.6116558137,none
106,2628373.457479124,88538.56093139513,none
107,582493.362754786,10499.342517296238,none
108,186428.26700097637,11754.830155748754,none
109,479417.995888738,18544.57573540594,none
110,46961.72653790111,17800.946331089664,none
111,32041.965334780805,13611.805919644707,none
112,40663.63406632274,9152.769057610882,none
113,62123.45779877017,50493.239482666395,none
114,19385.292067063132,6548.3372779421525,none
115,2498881.0976892808,53528.03571981596,none
116,1597256.0548733156,46458.54197105508,none
117,55926.77400454036,10242.417700451497,none
118,32369.901764556595,7891.75245153809,none
119,49716.672154134176,21946.1388724402,none
120,27239.294130342503,8614.563933205414,none
121,89784.07435700436,29570.964959623514,none
122,3030845.490604047,98528.89388676119,none
123,57317.34210548036,15052.13994062399,none
124,25129.99069977787,10422.16095402939,none
125,36382.14595526761,13932.269835741621,none
126,30658.51314791052,13326.039110553254,none
127,66023.79267748652,26838.010642622216,none
128,24054.305781024676,7346.5545396201915,none
129,58182.67719553648,27121.687590098474,none
130,50740.863088387814,17564.70949188556,none
131,57383.18646248644,26145.782926708634,none
132,42976.537060940704,14229.727281761017,none
133,655591.3987436814,18628.406280180552,none
134,44685.68848378114,12036.60762332249,none
135,15166.611073864004,6975.799469250087,none
136,34699.8956126713,6974.396867232207,none
137,9898.22975504483,5348.878217673999,none
138,35253.9538119149,14768.407956834613,none
139,26390.926151883752,8917.010293918049,none
140,56516.66902679627,11679.428969190212,none
141,26012.07673308795,8509.898874206561,none
142,29580.313365414,7747.860023579881,none
143,32833.91043951439,12608.464709844347,none
144,62689.67343604602,12371.205919462114,none
145,12720.256528299613,4303.626878492973,none
146,44916.845070151976,14930.377835492416,none
147,22117.18179373124,6321.788080606211,none
148,16938.33742465822,7527.6425414459145,none
149,139977.7725854509,12647.176670505483,none
150,26959.155462948387,10658.62009157937,none
151,35431.864810131745,13408.817755654967,none
152,39708.474973608725,9505.630881431907,none
153,87750.30943937604,23367.386148863126,none
154,37008.84471451551,9592.328781778144,none
155,115336.20756526852,30397.4481793277,none
156,50316.31744824395,8468.99561870735,none
157,37505.34745852383,10385.852402969853,none
158,1643197.1566375252,78663.12836565037,none
159,39631.77482895199,15257.302738089487,none
160,29419.644782991476,12221.590794062266,none
161,20248.289099843267,6293.0778130408735,none
162,32144.603971000502,8932.458256799939,none
163,60409.6915970145,10492.510701040848,none
164,1664578.6779340287,45377.565450462185,none
165,16357.51680733173,5677.320064628232,none
166,63159.8674920529,93283.30943857793,none
167,37490.01960735098,21674.869150395076,none
168,1052083.6908782132,40362.16034905314,none
169,2248829.8596928,48244.413421182464,none
170,25073.071523743958,11141.50311396315,none
171,24963.62026076155,7870.382250596752,none
172,641067.2288132786,15557.412898789205,none
173,30457.001000636683,12495.365395604213,none
174,652336.2117200161,18485.541523540556,none
175,72400.16066339167,26554.84616983435,none
176,1014502.8457958222,17549.781444390366,none
177,28936.052070041915,10429.658031205317,none
178,45893.755682337905,17653.252722813148,none
179,18148.173614693867,7071.2329331086685,none
180,66238.7136310152,28705.186735901378,none
181,15742.933001350246,4700.952015339387,none
182,40053.04014529121,15019.989934135905,none
183,27072.9944385954,6285.638486113608,none
184,22256.804491302908,6034.827398810182,none
185,31854.60214278441,9049.960636004256,none
186,33477.25509288323,8041.700255818626,none
187,16110.512099113634,7496.066763521948,none
188,34328.929360812814,14178.994108621506,none
189,33231.967760929256,11383.68264547927,none
190,62465.70376369991,10685.517987861655,none
191,34813.89631760243,10465.77413541298,none
192,60237.25993413915,24746.30363368748,none
193,76778.0226064434,12670.634945562173,none
194,3004375.5150760342,74613.26289444046,none
195,42977.142272865334,18776.827687404068,none
196,31004.86292864395,8625.710132213779,none
197,35504.04687000989,14084.443301216781,none
198,100243.57702572262,25017.507650845153,none
199,73568.95866761981,20452.921846791665,none
200,46348.804470026465,9769.764338572611,none
201,31692.516435399142,6892.50124462447,none
202,117984.07797494529,8072.2939614329725,none
203,48196.30823659792,19963.93607125203,none
204,37959.0221041283,14326.755714121518,none
205,51729.266787844856,20657.67232303079,none
206,1210591.6728707987,17065.01855916055,none
207,18743.52897575554,8035.598720831546,none
208,27645.1395066055,8827.956583450154,none
209,37295.512905731244,14953.646041842645,none
210,25932.438239153787,8360.98078999775,none
211,39783.20945348993,10243.81935122788,none
212,85793.23480004827,22815.971826179175,none
213,21536.554655978245,5890.488212229185,none
214,59443.50012160416,15670.089479524677,none
215,46702.07032574808,7829.635902685291,none
216,1033012.4076396329,13184.395690308002,none
217,34423.08093517901,13914.330519357502,none
218,19274.397017691852,5473.76285812644,none
219,1820410.400353373,43008.31818292479,none
220,23446.581747589196,7095.924782324147,none
221,15307.670831346091,5152.676441218845,none
222,28992.02921351694,8234.392241238673,none
0,26459.7690908887,7025.52683307028,none
1,343324.64594804833,11102.443083648455,none
2,501085.6114062406,14889.741469528073,none
3,968946.3660051211,21912.402591810045,none
4,28357.913532506405,12851.325342059969,none
5,29761.652590102454,10813.019689506447,none
6,858221.7782985768,19753.448475956648,none
7,21660.105549468622,5775.354345235974,none
8,28729.99833070507,11351.155998245238,none
9,563933.1454040114,12235.243119193341,none
10,2525169.436405014,30734.58683886028,none
11,34516.005565009444,11029.038231456123,none
12,2613513.8718567537,110864.92133102068,none
13,28805.77354136301,8453.524879247105,none
14,32255.676439546496,35163.521758949675,none
15,28122.58190352981,12038.577602307923,none
16,38750.69783210288,12330.205681413869,none
17,1832767.2321424622,23021.394722424448,none
18,38978.65324392198,17221.19102873438,none
19,28529.582031579117,6751.093268802237,none
20,26017.135198717024,9993.767922350045,none
21,30881.385919625634,14828.041109086027,none
22,28610.225719803988,11195.296285335313,none
23,35659.77918007943,12997.566497720343,none
24,22761.90546411851,6860.164144135802,none
25,40403.75807751037,17434.073057411588,none
26,28195.775899575186,8639.04382709624,none
27,28693.95846268133,11513.142130421513,none
28,37336.65412451154,15781.70943858432,none
29,59790.57944887039,40607.13585637294,none
30,29597.185016053943,25177.38826919272,none
31,30882.050135142395,11716.33244546295,none
32,33316.944638510635,11570.738361782547,none
33,46990.44667870067,17237.80240032724,none
34,30160.6627280825,11964.040664102595,none
35,10256.966471968495,132172.46467208688,none
36,33396.02140537627,12669.589277617964,none
37,31347.611791036725,12353.549140424035,none
38,1190641.5424508455,23675.702470391552,none
39,2703492.2721708943,58844.26006782792,none
40,1627199.9168658531,23698.179399944915,none
41,2848775.8713123356,145662.02479295386,none
42,443187.2536481428,11496.833486487163,none
43,30637.896819661637,12114.960464024112,none
44,36016.01864560197,13738.869495100067,none
45,45565.79303534621,10575.140621627383,none
46,785562.8194620141,20474.258095384135,none
47,36065.631393146294,11753.361521310786,none
48,854788.8367252942,17655.513607040342,none
49,30633.925002467015,9611.849883661449,none
50,31306.237275669348,11416.069257127461,none
51,49249.397840809,13333.195254672364,none
52,36553.65076908135,12851.198749611214,none
53,31874.17816669913,11134.02013832101,none
54,52123.06159741435,12307.899142454176,none
55,26465.48747769459,9446.121816907951,none
56,31159.237239469712,13239.206585166534,none
57,34203.91577939631,12360.057180345413,none
58,38175.87935462633,16090.999119610677,none
59,38448.31970654373,13827.337330401479,none
60,1638381.42332377,32250.95981805948,none
61,3028555.6240101764,79924.53836424524,none
62,182686.98520939721,8031.203407615693,none
63,33326.23384702835,12946.00267809084,none
64,19336.997272485158,6008.800025831395,none
65,33379.41239582136,11426.300317655161,none
66,47261.69996259228,12474.154784411288,none
67,41038.17718957566,17071.753180140666,none
68,21287.845983119496,5830.01740636464,none
69,51745.58930785676,21253.179160466727,none
70,80118.57268546222,16944.256010031684,none
71,35790.23026527803,14562.654476514872,none
72,2770351.0650176806,55631.54791270143,none
73,2628787.148093419,54354.98944937637,none
74,30949.977320264694,11627.856451491147,none
75,87742.6610955656,30375.06975267555,none
76,24545.986752723,13566.363783121955,none
77,67157.35279643649,27705.278515289556,none
78,1372111.1127430096,18193.63357489441,none
79,36794.100366713006,15210.446380755353,none
80,3166877.543142703,66489.79266078601,none
81,42970.374661147194,17145.519241500286,none
82,50322.09165517636,19826.249562818437,none
83,36329.33973111148,15291.010881120957,none
84,27714.60019926702,11812.469152751299,none
85,30363.308208402228,16141.447988360978,none
86,3323849.5158109297,97754.70874539901,none
87,33164.42424810449,14586.468893218644,none
88,22350.66449363176,12252.778650946982,none
89,30718.741229679523,11367.53616597958,none
90,2532001.905137069,65802.03026443857,none
91,29149.315900274974,8794.039251583807,none
92,35768.019466266116,13300.27603624053,none
93,47629.90404230627,21153.464685023137,none
94,44980.3856051015,10084.510908297918,none
95,31098.29713369591,7163.678120218997,none
96,34281.554741566026,8382.30184017981,none
97,707242.4883686744,16404.526788173356,none
98,26407.544139112535,11029.152384551277,none
99,38800.96101607491,7371.350939898567,none
100,37893.320494142405,14502.669358884164,none
101,340448.90451342217,11045.309286419953,none
102,2732266.012741757,51351.94219440918,none
103,32686.90277742445,11474.93580851579,none
104,25058.654858725495,5550.971567227057,none
105,22960.758904879887,5195.0218686186745,none
106,27507.44014359258,11145.47159072245,none
107,20285.002801425053,5831.94731742061,none
108,24955.919422153573,23523.612322737044,none
109,35098.9437124489,13669.861151423125,none
110,327591.7839477808,10716.311031167143,none
111,44691.73677300943,13352.153099698426,none
112,14269.975337924077,4641.092015693209,none
113,61423.19165658294,22570.645778444927,none
114,93015.1353890338,8809.351281354317,none
115,36914.812245826295,14398.146456762786,none
116,32752.17153730537,12513.998600927533,none
117,32095.32634192457,9421.41601345931,none
118,31337.282745125693,13612.62649303009,none
119,28022.181512666197,11728.55627006651,none
120,33965.931577567884,11813.97614712497,none
121,34775.50442233367,9340.25603385564,none
122,43274.80711185816,19812.39271527171,none
123,36570.602791751495,14037.19873934082,none
124,39243.99025113279,14753.849135919043,none
125,42168.622989216834,11679.279996748148,none
126,29247.56832552581,14410.616569200922,none
127,25219.593648648293,11280.445646498487,none
128,2791664.308534712,54386.65740493767,none
129,26971.40122413591,5425.170491649425,none
130,39290.208706324855,16267.076716823221,none
131,30703.24113771058,12602.963994718679,none
132,37916.320484936994,14769.611728891507,none
133,760941.5631806041,14843.698338000513,none
134,140422.77188393555,37928.19024912852,none
135,48116.502122260485,18587.987378693582,none
136,20203.736628148938,6978.58000318595,none
137,39514.05034320211,13597.101604085932,none
138,24444.265838502397,7183.046045364863,none
139,33701.781422379354,13950.437821001333,none
140,2417939.115638384,21197.932423792023,none
141,787028.9830881067,18507.377122247883,none
142,20542.93333735505,4814.538073511706,none
143,748401.8252893246,15210.719332964642,none
144,32573.54401115711,14479.376259656845,none
145,40642.68879386467,15474.886276096382,none
146,102408.34049365432,86104.0502645848,none
147,16569.752502079133,7870.744237488846,none
148,41625.54247587382,17352.941702403725,none
149,27587.957161430917,12025.429766639467,none
150,38155.008282374816,15520.320274006473,none
151,38781.980828387896,17689.603560811785,none
152,20079.718901153345,6019.979281985686,none
153,45808.59797916324,18696.19427156468,none
154,33849.008843371535,13457.243200494777,none
155,46983.23184913132,21543.911576383605,none
156,42755.63223846483,11197.407512861817,none
157,3266841.5535757453,37101.83321576493,none
158,64740.776993241576,23186.11981883342,none
159,29857.77908113947,12568.636716188266,none
160,964534.6848727451,19576.64064080034,none
161,525375.4616562378,13385.521087266998,none
162,1426087.2418489116,22971.608719705695,none
163,32168.767452984408,8604.887867293599,none
164,16575.338323009335,7189.156213197035,none
165,40992.00689267775,14884.415114818074,none
166,44918.78028195291,16666.514516201372,none
167,49091.699572788886,14989.776934777385,none
168,58573.833573969234,24812.385904161547,none
169,35362.35835965936,13810.195396535373,none
170,30137.457443246258,20457.26070001704,none
171,38973.56605191966,14744.028606259177,none
172,19749.150673820353,5510.181424303304,none
173,42690.24239270768,16047.276084396253,none
174,32772.61317695937,12305.36860978155,none
175,32427.541691911607,8517.350585237198,none
176,2475580.1224593227,35617.85633397827,none
177,3309306.9612907167,75548.88334256285,none
178,31081.68813501406,12785.159396637822,none
179,1271026.4289545212,25698.928549944296,none
180,677729.1102484297,14528.02599969556,none
181,24222.07856064341,9260.89652761227,none
182,377979.71136135515,10314.00790249522,none
183,25121.85998183785,24054.237735988987,none
184,2076907.9597531948,22321.03997588736,none
185,37390.670834536264,14636.547617150258,none
186,40250.49083965811,20865.48740707686,none
187,39954.34270096734,16787.464385110427,none
188,257717.3272313619,10949.022766741582,none
189,1171872.2649435832,18497.24446299173,none
190,34117.36224107637,11623.73244337455,none
191,37726.25736166995,13653.010596375221,none
192,31661.767835526745,11688.036667710681,none
193,39011.12806025667,14675.660457176238,none
194,32189.816816496594,8607.493537822838,none
195,2588380.9882553765,58905.43558311177,none
196,29162.613805083136,16893.711316254994,none
197,35348.000578244006,12797.623341807108,none
198,38042.2188970861,12537.709823803527,none
199,59067.62199920939,46743.4608566989,none
200,36834.38936951959,15286.328149556492,none
201,35780.15626455122,13842.530187909453,none
202,36376.71439986174,14979.112741782516,none
203,16115.173363407115,4124.298035015892,none
204,61681.18147607203,28427.432006375595,none
205,32584.029398622806,11472.887825761334,none
206,40237.47332817108,17734.639122536286,none
207,22553.448041184758,9838.67170898473,none
208,1455351.1568744767,37614.17290711237,none
209,30372.173662692483,10719.896423660926,none
210,32549.5402762951,11118.379333098446,none
211,2353023.4577889116,44869.56735627732,none
212,35214.27297572064,12933.563984787748,none
213,33162.863497201986,13322.442637464575,none
0,247806.5287946028,258076.45155963372,noise
1,252315.9752899956,244680.84104804037,noise
2,124753.55600148704,117543.10356855948,noise
3,7022.874436665199,33582.01452276833,noise
4,31322.173146840447,34166.995069639794,noise
5,329713.4932468495,314071.20007427427,noise
6,26194.682755192804,26896.842850931625,noise
7,43523.695292401535,47802.0840503416,noise
8,200439.21602228042,247004.80921977197,noise
9,157829.01509106526,160822.45378507106,noise
10,30912.386350500972,34815.72807820935,noise
11,33401.654584452066,28195.370354032573,noise
12,64847.01184995455,121359.48468131521,noise
13,9638941.384888932,1540277.904470187,noise
14,42220.71208479131,51878.81857321528,noise
15,25742.137817906834,28887.22033871086,noise
16,20885.81047824073,19720.046448243585,noise
17,219936.1165227776,245928.18189063724,noise
18,76337.66405394599,80856.4784187146,noise
19,58608.71986424794,59574.20869065907,noise
20,35963.701605144866,36868.633781563774,noise
21,176387.30089050985,23864.13924228849,noise
22,193013.1508413149,35867.26140809489,noise
23,27999.38911545318,31227.064692398664,noise
24,31071.996226630978,34078.55809259525,noise
25,88703.20556560968,92622.11720390657,noise
26,28870.355075500684,34186.529455253105,noise
27,54323.99109238177,42782.12760664664,noise
28,461721.97781385423,54846.334815813236,noise
29,146910.66217316562,145221.93773551076,noise
30,30676.911185447283,39037.9346172221,noise
31,91271.61917897481,114651.82558477783,noise
32,147411.51796817363,138363.57116697618,noise
33,153156.85468563947,190523.3669718276,noise
34,31851.478844467507,37054.10430706168,noise
35,31447.574540586058,35104.34845265481,noise
36,82268.88529440323,24892.747857738508,noise
37,94195.28712458006,120955.96480413392,noise
38,3747494.298508598,3647986.8546289275,noise
39,63739.74962591001,36327.78767385594,noise
40,31908.398447134336,34601.18276690171,noise
41,23180.323081915274,16853.196650810176,noise
42,156786.9772221068,166534.38540330422,noise
43,130271.15427079314,150731.02217881675,noise
44,27103.469017934094,33551.95369782484,noise
45,30867.429800939455,32687.405488328375,noise
46,25990.954103877004,29663.32948283261,noise
47,96904.7340377992,50219.72038731471,noise
48,36909.74192075396,25496.819353299492,noise
49,24633.057740919743,33993.77541687336,noise
50,147980.9208188552,153479.1521251992,noise
51,20952.064487911033,22317.322073323667,noise
52,25091.568992668173,29850.26939789955,noise
53,71953.54893004976,32258.62430290842,noise
54,21114.608432876394,23702.398582461476,noise
55,19379.74328881001,27045.363108398047,noise
56,23984.3247579958,26157.346732786344,noise
57,127997.32385857648,111843.41617393261,noise
58,64110.43151021572,26687.99981811273,noise
59,251859.04347387704,236610.15247433982,noise
60,76025.29489371149,61269.57019131863,noise
61,236881.60547342134,242883.9729970095,noise
62,36579.41419039236,36189.72527552983,noise
63,113915.49508060694,97606.0793445454,noise
64,36896.930541920134,36241.433867978485,noise
65,32391.25334794411,30798.14707758278,noise
66,42636.307297870655,30376.80454889721,noise
67,271497.3194440996,283406.18445915467,noise
68,199392.78829076415,194555.07642790859,noise
69,104501.46480697137,124508.18860551863,noise
70,91520.63218493944,104858.77558878831,noise
71,778238.573044613,309366.2716522982,noise
72,309887.19276902726,317191.37954412674,noise
73,19717.146858229164,21607.488982511743,noise
74,49393.07261938051,26197.47754083307,noise
75,345015.7792665701,364477.20014899067,noise
76,257472.78803802448,84105.08895113517,noise
77,130219.8089259317,25795.882145632222,noise
78,5790526.849263294,5558928.445288047,noise
79,90737.21363074883,81424.28985491188,noise
80,188585.42100750768,193259.71146298994,noise
81,29746.930230076385,31674.107233977953,noise
82,149736.18410304285,155075.2623033461,noise
83,346251.8357501179,350363.6330713717,noise
84,130504.96695366001,107717.71383775862,noise
85,145062.12476846742,154928.59743310837,noise
86,20491.30879547012,20453.84609250555,noise
87,193912.5600775937,193791.810377775,noise
88,25518.891177362075,23742.1309794914,noise
89,18170.880152412486,30045.06901043668,noise
90,7389465.326847768,829110.2651114056,noise
91,153724.7509819178,70831.68003302797,noise
92,14576.768123462789,38553.07188608973,noise
93,250046.13126681483,256495.4313552539,noise
94,29604.568958120795,34631.57731155147,noise
95,7424104.609668969,942855.470572381,noise
96,63895.31535138013,37674.10864259825,noise
97,23616.85314635595,34622.59878151954,noise
98,4766112.617617593,686256.7901859141,noise
99,37858.59747855929,27958.951443211372,noise
100,167277.6447821868,212229.1463604728,noise
101,366471.1885705181,125947.58799059303,noise
102,26719.941736992358,33792.28954485548,noise
103,1038256.9913374815,55719.388482273745,noise
104,29089.633166331885,30790.838743857377,noise
105,32852.70781260469,34519.122217593795,noise
106,194974.46228438214,137853.9120920131,noise
107,22338.647706448955,29020.758726507876,noise
108,98019.27573941872,101768.37669192803,noise
109,112269.65586422401,102104.56132677077,noise
110,27213.08045962064,33853.067573503766,noise
111,28567.93262923362,35165.064544883426,noise
112,375151.08237020444,375468.80670980405,noise
113,162944.3859810451,171147.82208736523,noise
114,75117.98676073215,30126.226665386905,noise
115,268945.61431567796,308473.36501429364,noise
116,155670.55624716126,158075.240718191,noise
117,276737.38524285983,271586.43971273507,noise
118,20348.94419298988,26628.143614795114,noise
119,2351813.3471743693,2500536.286581102,noise
120,32651.655114550635,32938.82368048954,noise
121,539372.8423578998,34354.8765325814,noise
122,26984.183694669242,37000.85504428358,noise
123,34151.99056934845,64362.412238655896,noise
124,3993629.018091636,414904.93382125127,noise
125,29480.032849238796,28328.646802940915,noise
126,26064.660809217803,25829.340337674996,noise
127,3873267.5772074796,45392.264685719136,noise
128,234230.09238003852,228329.418114852,noise
129,261604.03522610883,240814.92193249826,noise
130,104697.76473451659,88784.01308452779,noise
131,348481.5313850746,30663.785401344605,noise
132,26990.635095886904,32129.637088313164,noise
133,18441.651107522663,24428.216715467643,noise
134,286938.25355490996,296753.2476058535,noise
135,63495.16516354357,30164.39334384804,noise
136,323479.36310357624,318957.2830890662,noise
137,182059.16627614776,193880.72535416635,noise
138,28852.32152801575,32331.300513266826,noise
139,273450.4065758778,299196.20071961684,noise
140,260278.36434766118,295115.81144285615,noise
141,35041.225400084,34623.27830686333,noise
142,123531.83011441785,124353.69275772556,noise
143,217077.36921076497,472614.68019455625,noise
144,219022.3541814515,255033.77344848777,noise
145,190981.80659793547,186823.64507342267,noise
146,341132.0032176993,374787.0163054216,noise
147,60279.955524363715,33268.645338530776,noise
148,30359.2227238083,36392.82348786288,noise
149,34763.10209694588,34526.27971746901,noise
150,32685.452941660722,31978.06765341705,noise
151,274163.74247306824,313911.33380860556,noise
152,255702.6662647118,247607.11022663568,noise
153,183164.7854976406,188687.97028411244,noise
154,27761.97568711786,35861.188859751775,noise
155,152839.61324899227,138682.34535383355,noise
156,205433.8187622882,196344.89836692368,noise
157,55143.51735512695,38658.41767927521,noise
158,30720.655233196525,35701.2474781149,noise
159,349943.87832582,349538.8107508572,noise
160,234022.56220786856,48328.02570905271,noise
161,28177.631032227982,27391.783339271686,noise
162,119911.56393239359,138227.75214190074,noise
163,159717.07027176686,149974.1669001413,noise
164,24621.58976085738,28568.147583058555,noise
165,213894.5938970927,216269.11872171942,noise
166,211285.85949857335,231786.4296141028,noise
167,137740.24374161172,135305.85656223542,noise
168,258459.38719860362,150350.47355459415,noise
169,409547.05049226223,398938.5970187385,noise
170,440896.8046182553,116867.62501547343,noise
171,81526.12646204582,21827.136346748866,noise
172,299754.66828064976,314201.52326385526,noise
173,25552.799865809244,28839.369966697366,noise
174,260488.18103835298,258560.25838083713,noise
175,756667.1469722844,907135.2527937829,noise
176,213679.83494672776,109094.47536882307,noise
177,32401.828677830803,35834.97933584397,noise
178,221281.96056639616,209458.33410538684,noise
179,20907.538927276702,41288.207264985605,noise
180,1007686.3940595702,68103.7702479978,noise
181,67510.705102129,77382.70478007368,noise
182,203485.6719040203,131274.93363068308,noise
183,175620.9973056371,168629.6232733371,noise
184,63905.291338719464,58533.11141515,noise
185,33051.892452630775,31256.55220373446,noise
186,39060.85538072935,64898.66850242671,noise
187,34661.61906598695,33301.055308799834,noise
188,335189.78974780947,56631.81528533635,noise
189,29387.785322493444,30767.364312763897,noise
190,20933.54587404723,21802.548275239118,noise
191,72798.51057909161,36163.03504004587,noise
192,263176.23499291675,271565.47976088594,noise
193,174929.03976929683,164276.094595311,noise
194,144903.7518362747,152546.86600744358,noise
195,218807.58710722235,294117.3232845648,noise
196,48203.02222593894,45998.70968014144,noise
197,12028.545091255057,70552.18850844711,noise
198,92259.28122494457,76010.88172682433,noise
199,349904.51203195524,327856.01885233825,noise
200,119290.72209992191,113677.99189718075,noise
201,50949.28060569794,52429.377111289854,noise
202,26899.538434128626,36875.2652949475,noise
203,91524.2942182748,127709.81732931134,noise
204,31716.460792270816,28073.242338618093,noise
205,450137.0966782334,257963.25740762686,noise
206,252615.4821045937,248505.68798022927,noise
207,340542.8389450032,366353.43775230367,noise
208,9967.409345141004,30471.80643762971,noise
209,6657818.004953688,2260177.9773884723,noise
210,42857.29168949843,8955.089517127619,noise
211,28071.491088069713,35214.795893088034,noise
212,338670.9795583667,344089.5278274345,noise
213,27819.28779971407,36896.50386995242,noise
214,199109.96335062108,40870.172840593295,noise
