,AF3_max,AF4_max,variance_AF3,variance_AF4,num_above_peaks_AF3,num_above_peaks_AF4,label
0,7867.692383,6775.384765999999,1018036.0660776398,279507.93655160686,2,2,event
1,7903.589844,6857.94873,1231626.3292786116,349671.4118121518,2,2,event
2,5900.0,4894.3588869999985,118043.75589524566,19096.522998095956,3,2,event
3,4923.0771479999985,4674.3588869999985,28557.79041379477,14243.486850860754,3,2,event
4,8023.589844,5321.538574,1103468.947052885,45363.12814437209,3,2,event
5,8023.077148,5315.384765999999,1377015.4007960702,63877.82692552138,3,3,event
6,8067.179687999998,5215.384765999999,1334505.2187102498,66149.85196959868,3,3,event
7,7877.94873,5661.538574,730845.15398872,128897.18573439537,2,2,event
8,7972.820312999998,5343.0771479999985,1109810.348833278,51064.69000422542,3,2,event
9,5043.0771479999985,4782.05127,74033.32390072153,31947.563812098066,4,4,event
10,7957.436035,5285.128418,1217167.2000590104,52003.1307091212,2,2,event
11,5003.589844,4757.94873,28207.951054905847,15295.241964916713,2,3,event
12,4900.0,4680.0,24278.68293929634,8744.315398240167,2,2,event
13,7903.077148,5641.025879,742140.6843854942,65610.39896553008,2,2,event
14,7858.974120999998,6750.256348000001,933950.3467798084,283618.79590631416,3,2,event
15,6317.94873,4929.743652,118641.0947744296,17056.496821058845,1,2,event
16,7887.179687999998,6187.692383,911500.6400651016,130992.03283228408,3,3,event
17,5284.615234000001,4839.487305,114233.96896051061,36190.224532237495,4,4,event
18,7856.922852,5475.384765999999,720894.9138720107,108241.06152038403,3,3,event
19,8043.589844,5101.538574,453218.89276894135,19526.440290612216,3,2,event
20,5050.769043,4712.307617,65978.27717657587,24504.239455296265,3,3,event
21,4941.025879,4758.974121,70293.98769055617,29952.36935468652,0,3,event
22,5067.692383,4704.615234000001,27218.90404038595,11227.101742232138,3,3,event
23,7965.641113,5674.871582,1584613.5511624268,117769.42888319232,3,3,event
24,5036.410156,4748.205078,36161.91068994477,17925.88068719916,3,3,event
25,5012.820313,4750.256348,49363.558078115144,22282.60364738847,3,3,event
26,7909.230956999999,5014.3588869999985,971516.5563912938,26514.463629376158,3,2,event
27,5790.256348,4605.128418,63096.05284753214,6980.947776331159,2,1,event
28,7869.743651999999,5886.666504,1007230.515349829,94831.35157640651,2,2,event
29,7883.077148,5119.487305,737629.1676341397,29180.375879108386,2,2,event
30,7862.05127,6178.461426,1311746.5824377825,304077.63749989704,3,2,event
31,7980.0,4993.333496,791831.1757306906,25795.49334055373,3,3,event
32,7845.641113,6341.025879,553565.5752294696,158377.6023784377,2,2,event
33,7907.692383,6168.205078,1289070.018277717,182515.0355420531,3,3,event
34,7637.94873,4801.538574,327047.6249494356,12886.186875019057,2,2,event
35,7857.94873,5208.7177729999985,494094.3141008534,92147.6889841286,2,1,event
36,5139.487305,4799.487305,91370.19605604798,30894.22586585376,2,3,event
37,5363.0771479999985,5000.512695,49458.27157821237,27423.821874699115,2,2,event
38,7986.666504000002,4676.9228520000015,677720.9705443338,14494.035839292308,3,3,event
39,5129.743652,4777.436035,39572.396817521294,16209.153986686608,3,3,event
40,4944.615234000001,4649.230957,28928.48798550784,12558.315139242543,3,3,event
41,7830.769043000001,5804.615234000001,512285.5836379119,89718.9287879263,2,2,event
42,7941.025879000002,5600.512695,1958247.8472245324,93489.93677407068,3,2,event
43,4946.153809,4722.563965,62328.702793326775,27001.92731735635,3,3,event
44,5013.846191,4732.820313,26627.964441849523,11800.048355462659,2,2,event
45,7872.820312999998,7058.461426000002,1113985.309750312,361568.36206615734,3,2,event
46,7908.717773,7472.307617,1400505.908434189,448135.03169741266,3,2,event
47,7927.692383,5364.615234000001,1385796.769194669,71525.88340395073,3,3,event
48,7883.077148,5963.589844,1065826.691052917,148154.01129083673,3,3,event
49,7975.384765999999,5270.769043,1110830.475519734,47751.129110337024,3,2,event
50,7876.410156,5161.025879,1051836.5246882162,34056.896455611386,2,2,event
51,5010.256348,4735.897461,39415.21285345187,16982.086597235793,3,3,event
52,5029.743652,4727.179688,171359.5742235085,77941.91347999615,0,0,event
53,7877.436035,6248.7177729999985,1309119.2743995003,213280.30010300205,2,2,event
54,5510.769043,4791.794922,56794.69121562583,10998.632984499112,2,2,event
55,5043.589844,4766.153809,43897.00487353652,18700.76710288623,3,3,event
56,5132.820313,4799.487305,53040.636520409826,18865.72296472054,3,3,event
57,5004.615234000001,4768.205078,63522.92928870806,23516.307727757714,4,3,event
58,5015.897461,4752.820313,34712.33453082739,15065.34833252513,3,2,event
59,5074.3588869999985,4778.461426,71386.27681272077,28419.666119483958,4,3,event
60,6171.2822270000015,4868.7177729999985,149104.41923429325,19457.33235753136,3,3,event
61,7852.307617,6192.820313,1016325.9013477885,153493.58394310976,2,2,event
62,7782.563965,5238.461426,2231734.6172723216,94865.08313044035,3,3,event
63,5125.6411130000015,4746.153809,30508.83338506123,11765.253167928971,2,2,event
64,6803.589844,5121.025879,223247.87458365934,73008.32942994092,2,2,event
65,5100.0,4796.410156,102225.44726655436,42282.883578687826,2,2,event
66,5083.589844,4616.9228520000015,32157.978920335263,6846.623872537141,2,2,event
67,4866.153809,4626.153809,25729.055960090627,11632.484772464912,3,3,event
68,5221.025879,4801.538574,40131.19062915127,16965.521175843176,2,2,event
69,5054.3588869999985,4745.6411130000015,106534.96116220772,44467.148813431806,1,1,event
70,7966.153809,5364.102539,1118458.912166606,48966.77916981297,3,2,event
71,7909.230956999999,5292.307617,1282613.8325915413,52064.60466470948,3,2,event
72,5046.666504,4763.0771479999985,23012.40613345761,10024.06100776622,2,3,event
73,4898.461426,4589.230957,117115.98950304817,126850.31616425964,0,0,event
74,5204.102539,4861.538574,47914.58614704151,24399.92993461046,2,2,event
75,5396.9228520000015,4773.333496,49255.71049038809,10861.64306384851,2,2,event
76,7851.282227,5977.94873,1030392.0158409579,184678.0828104879,2,2,event
77,7894.358887,5064.615234000001,754376.5408294427,29523.671550391755,2,2,event
78,5989.743652,5118.974121,88837.26562152382,34136.77033522472,2,3,event
79,4953.333496,4674.871582,19717.450752594952,11124.585851421463,2,2,event
80,4908.7177729999985,4677.436035,31336.557200974956,15732.353017439675,2,2,event
81,7893.333495999998,6681.538574,1331002.9593551196,338799.39123690996,3,2,event
82,6931.282227,4871.2822270000015,159274.0119342223,12252.967541540123,2,2,event
83,7854.358887,6605.128418,954718.797811591,233034.44069173312,2,2,event
84,7874.358887,6996.410156,1355229.2501687815,297372.05234705424,3,2,event
85,7853.846191,5397.94873,693611.8617026204,74722.03051335971,3,2,event
86,5040.0,4747.692383,33399.053999601216,11883.769198092396,3,3,event
87,7534.358887,4939.487305,296387.1036429928,17576.089290364605,2,3,event
88,5025.6411130000015,4739.487305,52144.39000718185,18127.89012079211,3,3,event
89,5565.6411130000015,4835.897461,87120.98447981592,23567.013687906066,2,2,event
90,7871.794922,7155.384765999999,863430.6374402303,321774.33935727656,2,2,event
91,4929.743652,4722.05127,17744.220001510508,10928.994315274724,2,2,event
92,4980.512695,4771.794922,59510.64394057207,31458.39036719308,3,2,event
93,5055.897461,4703.0771479999985,31826.25900179675,11241.828593451142,3,3,event
94,7870.769043000001,7171.282227,841345.7525158956,287423.01582449634,2,2,event
95,7862.05127,6016.410156,1425510.924317379,197022.9722477646,3,3,event
96,5048.205078,4786.153809,63804.530420339506,27388.59299834491,3,3,event
97,7982.563965,5521.025879,1358561.1794344734,74360.35759610125,3,3,event
98,7935.897461,5766.666504,764946.9135611751,72767.23284378435,2,2,event
99,7845.641113,5035.897461,532304.9092412482,23237.15276738946,2,3,event
100,4880.512695,4711.2822270000015,31522.665161419416,14504.100604511761,2,3,event
101,7883.589844,5094.3588869999985,777944.4397251846,22459.822772830557,3,3,event
102,7938.461426000002,5335.384765999999,1416567.6836113385,46298.61913895272,3,2,event
103,7864.102539,5620.0,1030995.1148741394,99484.6794289671,3,2,event
104,7894.358887,7277.436035,928121.7278583774,320085.36860738194,3,2,event
105,4995.384765999999,4662.563965,29922.982498977904,10286.936721550466,3,3,event
106,6989.743651999999,5262.563965,256046.18764201697,46828.55759164648,2,2,event
107,7854.871581999999,6615.897461,1129575.9663895501,292143.501364081,3,2,event
108,7852.820312999998,6281.538574,1127299.4029624427,202321.91711397775,3,2,event
109,5100.512695,4794.3588869999985,66629.87530321571,27394.822831579913,3,3,event
110,7862.563965,5882.563965,1143100.1546216046,168392.5783628747,2,2,event
111,5168.7177729999985,4802.05127,85839.56193812325,28196.02305395683,3,3,event
112,7877.436035,5914.3588869999985,1136174.5630305652,177390.47393752553,3,3,event
113,7851.282227,5438.974121,875412.445108428,90847.7515920254,3,2,event
114,7964.102539,6073.846191,1777992.1471903564,119817.04313766153,3,3,event
115,4899.487305,4617.436035,26819.94121051555,8432.086595893774,3,3,event
116,5010.769043,4736.410156,34124.18891897235,15991.340184953384,3,2,event
117,8002.563965,5141.025879,1308857.2234595597,47863.95271873139,3,3,event
118,7880.512695,5452.307617,2174769.687874207,108449.74260325245,4,4,event
119,5013.846191,4735.384765999999,26330.440221884208,12564.237411416938,2,2,event
120,7861.025879000002,4984.615234000001,973048.2428333751,30995.966545023195,2,2,event
121,7893.846191,5842.05127,1539807.0897944532,157373.00632579112,3,2,event
122,7877.94873,5727.179688,1025869.0347763874,95260.46932210447,3,3,event
123,7884.615234000001,5686.153809,1133852.2111558837,122664.91661475113,3,2,event
124,7758.974120999998,6360.0,1081777.4732922364,194764.8906061033,3,2,event
125,5035.897461,4702.563965,30321.2831608663,10967.60765814361,3,2,event
126,7882.05127,6350.256348,808681.9030752839,171754.880082195,2,2,event
127,4991.794922,4777.436035,89771.24814020559,38371.544790858774,0,1,event
128,5323.0771479999985,4593.333496,34504.931136807645,6725.717508628465,2,2,event
129,7876.922852,5893.846191,461015.5051512602,93185.42626009614,3,3,event
130,7895.384765999999,4984.102539,797702.3125979148,25299.546971175256,3,2,event
131,5014.871582,4717.94873,26897.46021623091,11755.76933720699,2,3,event
132,5007.179688,4780.0,35379.994638039214,18687.74023077496,2,3,event
133,5518.974121,4970.769043,45813.80785739664,17958.69924875022,2,2,event
134,7989.230956999999,5560.512695,1261904.9625272565,80436.23624486905,3,3,event
135,7814.358887,4868.7177729999985,795999.8754170699,23233.194951962676,3,2,event
136,7975.897461,5330.256348,1150190.794125136,55729.04444761436,2,2,event
137,7933.333495999998,5222.563965,962231.6005827758,33086.103683072266,2,2,event
138,7823.589844,6580.0,1058597.8362794127,273894.7806328417,3,2,event
139,4961.025879,4686.153809,41132.711391979756,18907.720738256303,3,4,event
140,4952.820313,4647.179688,19255.89787848015,6705.7943686867575,3,3,event
141,4925.128418,4678.974121,31631.605862646302,16023.910024222578,3,3,event
142,7977.94873,5195.384765999999,766481.5787767676,29463.756605093145,2,2,event
143,7872.820312999998,5419.487305,1433757.7931045028,56580.6405498243,3,2,event
144,7346.153809,4903.589844,290512.75810703106,17172.84937021374,2,3,event
145,7871.282227,6902.05127,1262249.8673749452,332197.13299470244,3,3,event
146,5163.589844,4798.461426,34821.28418734549,16739.795989843416,2,2,event
147,7848.717773,6388.205078,1006595.1604096182,174809.69171565087,3,2,event
148,7878.461426000002,5590.769043,1481393.7706292025,89556.06457367333,3,2,event
149,5074.871582,4794.3588869999985,45686.06609987814,20328.543819002487,3,3,event
150,7888.205078,5247.179688,879204.6749219385,138745.2395797326,2,1,event
151,5102.563965,4778.974121,30073.17950276846,15898.02273770795,2,2,event
152,7867.179687999998,6424.615234000001,902443.1893405723,196166.3569119219,3,2,event
153,7945.128418000001,5558.974121,1163039.2130145493,72646.84859503976,3,2,event
154,5115.897461,4692.307617,101082.91895717435,20485.911056855588,3,2,event
155,5049.743652,4681.538574,39946.48249464984,10327.40599302756,2,2,event
156,4883.589844,4632.820313,23440.905371404922,11158.037741542332,3,3,event
157,4904.615234000001,4657.94873,22676.84170905534,10634.935894070113,2,2,event
158,5055.897461,4777.94873,99338.0807125311,38231.06290074375,1,3,event
159,7950.769043000001,5320.0,990315.6396213729,49564.13131735766,3,3,event
160,5954.3588869999985,4708.7177729999985,90390.71824257115,12748.907532801515,2,2,event
161,7994.871581999999,5047.692383,1255496.625024737,38148.32824676512,3,2,event
162,7883.589844,5107.692383,718470.3694149561,24824.617372158133,3,2,event
163,7871.282227,6521.538574,1340909.8542071835,258156.7643954529,3,3,event
164,7883.589844,6943.077148,1496753.224975707,385885.21991468937,2,2,event
165,5085.6411130000015,4795.897461,95172.93428527615,39790.34381128821,2,3,event
166,4996.9228520000015,4670.256348,33406.152716901815,14124.158668800323,2,3,event
167,4958.974121,4649.743652,21127.84445388062,9900.511528856243,2,2,event
168,7885.128418000001,5622.05127,874763.7883041272,72555.61101358732,2,2,event
169,7866.666504000002,6893.846191,1301031.7820325862,386090.8072713271,3,3,event
170,5071.794922,4658.461426,30531.531744431908,9677.738987186098,2,2,event
171,4935.897461,4706.666504,22167.437321575435,11710.266502708246,3,3,event
172,7903.077148,5115.897461,988181.1251273736,36061.70532920491,3,2,event
173,7872.820312999998,7205.128418000001,1492714.6914569961,555188.6727651489,3,2,event
174,5142.563965,4825.6411130000015,101379.61983243047,34367.44646979822,4,4,event
175,5030.769043,4671.794922,22013.669455562063,8819.344352868695,2,2,event
176,4975.897461,4678.461426,27191.228830236945,10413.552942829567,2,2,event
177,4799.487305,4617.436035,22880.913652191946,11775.239701670977,3,3,event
178,7963.589844,5294.871582,1234941.3843424222,58609.95212157111,3,2,event
179,5015.384765999999,4732.820313,43254.854460633105,17530.01146501737,3,3,event
180,4949.743652,4658.461426,18492.5194463694,6219.216061311383,3,3,event
181,7945.641113,5171.794922,1061356.4814139495,39209.55364647992,3,2,event
182,5068.205078,4791.794922,56307.480979972956,22315.215658319772,3,3,event
183,7893.846191,7329.230956999999,1344900.6494875983,567217.7494427025,3,3,event
184,8098.974120999998,4877.436035,1222273.3103333383,33112.187918669115,3,2,event
185,7925.641113,5914.3588869999985,1118948.6740761036,107613.24859286504,3,3,event
186,4929.230957,4660.0,22148.897100816415,10782.319103599646,3,3,event
187,7914.358887,5188.205078,883019.377287963,36998.00745142653,3,3,event
188,7869.743651999999,6714.871581999999,1015700.2713183941,217444.45799700954,3,3,event
189,7875.897461,6827.692383,840393.850959081,235013.35630600835,3,2,event
190,7908.717773,5030.769043,916787.1793848521,34164.28905822815,2,2,event
191,5768.7177729999985,4803.589844,90824.88166919429,18972.043766658302,2,2,event
192,5207.692383,4833.333496,89793.8372915694,31818.6964884444,4,3,event
193,4976.9228520000015,4715.384765999999,26435.2984865002,13225.946157337385,3,3,event
194,5114.3588869999985,4789.743652,42731.147745900416,18515.67324096143,2,3,event
195,7867.179687999998,6935.897461,1031915.732286953,333729.2792173726,3,3,event
196,4940.512695,4707.179688,26114.92986694901,12750.899291816115,2,2,event
197,4927.179688,4683.589844,23700.334894375734,11219.12776314662,2,2,event
198,7991.794922,5119.487305,784850.1318162018,30529.99998457136,2,2,event
199,7849.743651999999,5872.307617,837420.4187559946,118038.00674138928,2,2,event
200,5227.179688,4813.846191,30178.814935547955,12336.10320239275,2,2,event
201,7946.153809,5466.153809,1309000.6119822566,58489.74200628589,3,2,event
202,7795.897461,4938.974121,366856.739030124,18229.776088401435,2,2,event
203,7792.820312999998,4925.6411130000015,399757.38133417914,17974.333806622024,2,2,event
204,8045.641113,5637.94873,1503713.9004352246,111657.26022188383,3,3,event
205,7958.461426000002,5153.846191,1285361.917905281,48295.568197974484,3,2,event
206,7947.692383,5496.410156,1363726.465135314,57997.55043173558,3,3,event
207,4988.7177729999985,4665.128418,23727.12067830518,8929.888370561712,3,2,event
208,5018.974121,4707.179688,35942.007241545034,15483.893563968048,2,3,event
209,7920.0,5548.7177729999985,1520351.4291805068,98213.49069506809,3,3,event
210,7851.794922,5634.871582,750118.6121202218,148861.07383638123,3,2,event
211,5114.871582,4800.512695,67720.58203747304,26030.563308022964,3,3,event
212,4932.307617,4715.897461,22007.8733211252,11366.769057122552,3,3,event
213,7876.922852,5065.128418,661679.0859751755,33535.49983210913,2,2,event
214,5016.9228520000015,4731.794922,95900.67251286015,33863.3808009394,2,3,event
215,4902.05127,4663.0771479999985,30505.815937719537,15803.172124989578,3,3,event
216,7821.538573999998,5189.230957,576981.076693516,51092.18145469377,2,3,event
217,5581.025879,4517.94873,68800.09729708334,41983.054258906785,2,0,event
218,4901.025879,4614.871582,24193.94345489117,10057.294361824483,3,3,event
219,7859.487305,7080.512695,1144951.4171947816,373497.3464070868,3,2,event
220,5802.05127,4794.3588869999985,67307.09613177627,11873.115760666115,2,3,event
221,7884.615234000001,5437.94873,1299357.4504581704,53225.44144688813,2,2,event
222,7881.538573999998,5474.3588869999985,1615722.2421939548,75029.12004228999,3,3,event
223,7861.538573999998,5950.769043,743150.3567239017,115910.28401539531,2,2,event
224,7769.230956999999,5462.05127,403345.5802101326,52919.02097640164,2,2,event
225,7862.563965,6917.94873,1385372.624208039,279946.11631677405,3,2,event
226,7907.179687999998,6358.461426,911995.8881526784,151585.81286121867,2,2,event
227,6635.384765999999,4912.307617,173634.65653423604,17623.733339143262,2,2,event
228,4968.7177729999985,4700.512695,33866.036823823044,18265.894687454238,2,2,event
229,7955.384765999999,5174.871582,791373.6971341394,34159.12019554536,2,2,event
230,5075.384765999999,4802.563965,40115.69853701098,17789.014767154087,2,3,event
231,4997.436035,4682.563965,27116.04209284685,11850.584493090435,3,3,event
232,7873.333495999998,7050.769043000001,1434049.661087974,321609.3810518216,2,2,event
233,7901.538573999998,6055.384765999999,844556.0882751923,175913.82042549728,2,1,event
234,4898.974121,4619.487305,19194.570628392783,6391.885416277869,2,2,event
235,7925.128418000001,6006.666504,1197660.2798745132,135842.3195890626,3,3,event
236,7846.153809,5305.128418,690849.8749284005,92179.72086984255,2,2,event
237,7887.692383,5125.6411130000015,877469.7016314329,17323.001673395134,2,2,event
238,7905.641113,5829.230957,1941887.5653242636,114872.25521937586,3,3,event
239,4821.538574,4632.820313,18986.126798167625,9402.499641260802,3,3,event
240,5023.0771479999985,4744.102539,44745.58807986142,18127.07193841803,3,3,event
241,7954.358887,5085.6411130000015,958082.6882117607,24647.833855424684,3,2,event
242,7830.769043000001,5325.128418,454375.63057684305,62558.123512851605,2,2,event
243,5115.897461,4847.179688,27306.44190836675,13691.73617834148,3,2,event
244,7949.230956999999,5170.256348,1302416.7863555439,44072.95281994955,3,2,event
245,4994.871582,4725.6411130000015,31121.407745735996,15185.13604032588,3,3,event
246,7926.666504000002,5147.179688,964762.3090155306,33815.839697867916,2,2,event
247,4915.384765999999,4677.94873,34016.906369204175,17736.30610907078,3,2,event
248,5125.6411130000015,4756.410156,95422.4333353099,91605.3185218203,2,0,event
249,5139.487305,4764.615234000001,40684.979624777145,12883.292502879713,2,2,event
250,4929.743652,4681.538574,24888.038241163136,11090.322699314533,2,3,event
251,5102.05127,4806.666504,77036.48418386928,30878.910667804656,4,4,event
252,7921.538573999998,5192.820313,1281509.7747950857,53293.99986762127,3,2,event
0,7739.487305,4466.666504,575474.3245119832,2235.9217189361357,2,2,event
1,7823.077148,4621.025879,1136685.7540480488,7640.363581091671,3,3,event
2,7783.077148,4500.512695,730798.4856335351,3794.57838692467,3,3,event
3,5938.974121,4464.102539,106634.50259492834,2271.807171030892,3,3,event
4,6902.05127,4724.102539,688143.2939364752,21454.103284390276,3,2,event
5,7881.538573999998,6549.230957,2004272.4139194875,258124.13919596447,4,3,event
6,7738.974120999998,4455.384765999999,663970.8753266338,2009.811719602679,2,3,event
7,7308.205078,5406.666504,397551.52244958165,76373.5444860947,2,2,event
8,6397.436035,4516.9228520000015,468457.97663554957,16305.620025872058,2,0,event
9,7855.384765999999,6157.94873,1714620.840905486,154585.0217731872,3,2,event
10,6576.9228520000015,5558.461426,209548.88895213156,64262.54063379869,2,2,event
11,6721.538573999998,4394.3588869999985,523807.2434413316,128821.36613745235,3,0,event
12,7907.179687999998,6056.410156,1525267.0618460742,139439.26210901662,3,2,event
13,7860.512695,6160.0,1494692.0102119711,167246.58907178283,3,2,event
14,7889.230956999999,6109.743652,1558802.7634615267,129543.85795702582,2,2,event
15,7333.333495999998,4503.0771479999985,360447.9717854525,5794.344184883104,2,2,event
16,7890.769043000001,4459.487305,1661280.166590432,4644.694941744574,3,4,event
17,6476.9228520000015,4580.512695,524463.956183656,39709.46689981179,3,0,event
18,6417.436035,4507.179688,477069.9762027599,20364.08629145188,2,0,event
19,7874.871581999999,6332.307617,1281981.8594020407,149906.13968898042,3,2,event
20,7876.410156,5938.974121,1097306.579187048,97454.90067791089,3,2,event
21,7884.102539,6204.102539,1672231.8053482375,150461.75051476964,3,2,event
22,4909.743652,4577.94873,15667.81971443443,5433.1306299441785,2,2,event
23,7912.820312999998,6275.384765999999,2092172.8697139644,237431.9339025038,3,2,event
24,7857.94873,4543.0771479999985,926136.7838726552,3881.485837234624,2,2,event
25,6981.025879000002,4569.230957,248637.1320289544,5434.304175092502,2,3,event
26,7831.282227,4518.974121,783505.4275281351,4317.228436971266,2,3,event
27,6082.563965,4509.743652,106627.42008228117,3107.2857987740144,2,2,event
28,7860.0,6170.769043,1912570.7224401473,187977.89933037543,4,3,event
29,6980.512695,4694.871582,752412.0745544585,11130.656533028698,3,2,event
30,7882.563965,6076.9228520000015,1648031.3688716271,151483.92279106347,2,2,event
31,7514.358887,4485.128418,585183.2315887135,4509.9998675449015,3,2,event
32,7430.769043000001,4452.307617,473432.97984881443,2171.3381374934565,2,3,event
33,5072.820313,4442.563965,25926.92983444356,2772.992929050629,2,2,event
34,7881.538573999998,6014.3588869999985,1680690.7122843093,171967.3841650462,3,3,event
35,7835.384765999999,4518.974121,1097761.5254966647,3905.5549299053755,3,2,event
36,7885.641113,5743.589844,1261421.0405118628,106873.051541876,3,2,event
37,7893.846191,5731.2822270000015,1017375.9246680966,72223.1693187606,3,2,event
38,6637.436035,4680.0,603264.7517098045,11392.23964355004,3,3,event
39,6730.769043000001,5506.153809,253846.87701538918,60492.905707241785,2,2,event
40,7327.692383,4475.384765999999,349290.67300882406,2370.6829878314184,2,3,event
41,6231.794922,5346.153809,224554.60698309614,58041.67543492657,2,2,event
42,7878.461426000002,6116.9228520000015,1700915.803347968,150138.6835676548,3,3,event
43,7851.794922,4489.743652,935693.3643026968,3689.523097282336,3,4,event
44,6502.05127,4615.897461,592135.7472274656,37485.646904744644,3,0,event
45,7873.846191,6177.436035,1532475.8868598528,163370.8298323055,3,2,event
46,5853.333496,5145.128418,161362.58809123404,34773.08774310477,3,2,event
47,7838.974120999998,4508.7177729999985,659344.3470415054,3076.5899113156124,2,3,event
48,7868.717773,4530.256348,1053850.5615226096,2738.5159726432844,3,3,event
49,7872.307617,4472.820313,1074130.7706784056,2672.0332178986687,3,2,event
50,7824.615234000001,4479.487305,885587.3023968708,4817.055634023289,3,3,event
51,7809.743651999999,5800.0,945424.1666869025,125529.78397096903,3,2,event
52,7899.487305,6415.897461,1692448.049839058,180620.9546402343,3,3,event
53,6536.410156,5711.794922,278066.4746319654,95791.37060961455,3,3,event
54,7900.0,6167.692383,1915112.474588652,207837.67730484635,4,3,event
55,7458.461426000002,4492.307617,393555.4726528497,3070.4751252147757,2,3,event
56,7853.333495999998,5736.9228520000015,1460742.4268156565,83213.04517706735,3,3,event
57,7397.436035,4484.615234000001,439892.4158001799,3369.7022074923752,2,3,event
58,7870.769043000001,6114.3588869999985,2029173.3032676692,183515.39505148615,3,2,event
59,7852.820312999998,4437.436035,930516.2400427063,2083.9362505747495,3,4,event
60,7902.05127,6594.3588869999985,1664227.3534961974,226122.472804449,3,2,event
61,7744.615234000001,4450.769043,794721.4871281633,2222.6095883809144,3,3,event
62,7877.436035,6165.128418,1825802.2040074663,187084.14690012296,3,2,event
63,7870.256348000001,6097.436035,1850985.8283777193,179160.7406778877,3,3,event
64,7842.563965,4509.743652,659996.1146217085,3601.8860177805873,2,2,event
65,7899.487305,5735.384765999999,1513789.1708131179,121759.51260739153,3,3,event
66,7396.410156,4491.2822270000015,686838.1493152758,3287.4272444946023,4,2,event
67,7810.256348000001,4510.256348,1086445.2292129598,4751.838753091853,3,2,event
68,7878.974120999998,4473.846191,887130.799005502,2267.5824979316103,2,2,event
69,7884.615234000001,5873.846191,1595114.3461463454,106636.06785039009,3,2,event
70,7926.666504000002,6180.0,1264964.5528919578,152682.0055433828,3,3,event
71,7304.615234000001,4464.615234000001,461967.6156904067,3079.343378373019,2,4,event
72,7805.641113,4468.7177729999985,951901.5087475708,2280.6826932511644,2,3,event
73,5701.538574,4548.205078,57399.18494238321,3577.673952951631,2,2,event
74,7853.333495999998,4491.2822270000015,988366.2176955637,2866.4524388687587,2,3,event
75,7376.410156,5695.384765999999,454810.74235502596,88484.63546706921,2,2,event
76,6743.077148,4787.179688,737203.2767617812,24060.6875954401,3,3,event
77,7888.717773,6132.820313,1315995.4391497062,132931.70058031855,3,2,event
78,7873.846191,6223.0771479999985,1987163.4843005643,199949.23204129632,3,2,event
79,5215.897461,4503.0771479999985,48420.81779350866,2293.576252476529,2,2,event
80,5660.0,4443.589844,84502.98854503351,2805.1546749420727,2,3,event
81,7874.358887,5529.743652,1694496.8678751327,102120.26206704501,3,3,event
82,7855.897461,4563.589844,1069896.058607004,7075.065820904828,2,2,event
83,6797.94873,4743.589844,827263.3751559595,17056.05834478934,2,2,event
84,7809.743651999999,4485.128418,910934.9823329378,2728.5557841486802,3,3,event
85,6580.512695,4632.307617,466859.6209410602,10001.92167856166,2,1,event
86,7745.128418000001,5536.410156,606599.5134401838,71795.74370981209,2,3,event
87,6205.128418,5585.128418,183933.2751269523,76418.47103104462,2,2,event
88,6675.384765999999,4707.179688,544689.5501408332,14974.437042811605,2,2,event
89,7854.358887,4543.589844,1111774.3171761504,4859.456828245903,2,2,event
90,7869.743651999999,4475.897461,1052211.2482284023,3871.6141131961895,2,3,event
91,7900.512695,6258.974121,1919646.6977846203,197077.52595547395,3,2,event
92,6298.461426,4500.0,351327.96639798157,17545.753101264236,3,0,event
93,7805.641113,4461.538574,772057.4384708456,3316.0086138720535,3,2,event
94,5952.307617,5375.897461,186664.67443358424,63220.95956758233,3,3,event
95,6245.6411130000015,4525.6411130000015,412196.1181255006,17414.578187309184,2,0,event
96,5818.974121,4812.820313,156720.6288722471,48711.78791109082,3,1,event
97,6665.128418,4616.410156,562879.7767429677,21522.78415083208,2,3,event
98,7824.615234000001,4491.2822270000015,890199.7098684561,3082.1560125493343,3,3,event
99,5816.410156,5177.436035,124399.18665368168,31295.170328607408,2,2,event
100,7842.05127,4548.7177729999985,653691.5440266385,4248.6073905056655,2,3,event
101,7893.333495999998,6275.384765999999,1904523.5475551134,189343.83184993797,3,2,event
102,7868.205078,6297.94873,1503703.7072418327,156762.80279034137,3,2,event
103,7829.230956999999,4490.769043,688784.7129794359,3031.426537908922,2,2,event
104,7853.333495999998,4555.384765999999,985573.7038962864,3632.9316166959034,3,2,event
105,7257.436035,4728.205078,954027.4791500573,12417.968012716085,2,3,event
106,7822.563965,4494.3588869999985,863004.6189826357,3082.361275837184,3,2,event
107,7526.153809,4453.333496,441660.1474206489,1437.4466716859886,2,2,event
108,7879.487305,6052.820313,1553333.4495981135,111043.28804369473,3,2,event
109,7394.871581999999,4438.974121,319427.2578399005,2603.72086763467,2,2,event
110,5943.589844,5267.179688,143762.2034234362,41307.03842195127,3,3,event
111,7890.256348000001,4488.7177729999985,1434150.572490655,3779.557716224286,3,3,event
112,7897.436035,5749.230957,1485618.64949097,83819.55198698575,3,2,event
113,7869.230956999999,4482.563965,861536.2001836402,2417.598969976281,3,3,event
114,7885.128418000001,4787.179688,947697.1028128442,13261.294700463533,3,2,event
115,7298.974120999998,4513.846191,341535.81026557344,3281.3187076993963,2,3,event
116,7880.0,4579.487305,861835.7356922731,5019.320160763957,3,3,event
117,5452.820313,4504.615234000001,51245.5559272331,4553.803540445474,2,2,event
118,7852.307617,4476.9228520000015,772596.4612071151,3230.520442357907,3,3,event
119,7825.641113,4578.461426,727391.039264368,3863.9023668437367,3,3,event
120,7826.153809,4503.0771479999985,976749.6077416106,3324.2573714901096,3,2,event
121,7825.641113,4615.897461,929561.9769200912,6148.0531350222,3,3,event
122,5933.846191,4898.974121,147238.69712782803,16491.739075367834,2,2,event
123,7860.512695,5902.05127,1134949.3709796236,97121.86024099636,3,2,event
124,7853.333495999998,5526.153809,1451511.288186526,76454.523450573,4,3,event
125,7884.102539,6314.3588869999985,1621234.1610149757,182586.58948788242,3,2,event
126,7302.563965,4509.230957,331636.91291676013,3103.95277392313,2,2,event
127,7873.846191,5903.0771479999985,1009340.9130483653,111746.45484936918,3,2,event
128,7854.871581999999,4465.128418,729687.3357732855,2205.236570115735,3,3,event
129,7878.974120999998,4958.974121,1382699.7519310557,15605.408773216039,3,2,event
130,7811.794922,4445.128418,893787.4681908787,2170.283472224861,2,3,event
0,4675.897461,6878.461426000002,4835.202754125002,196106.99456540955,2,2,event
1,4616.410156,6418.974121,3591.5358067129164,173781.3112850261,2,2,event
2,4869.230957,4874.871582,13516.679850936765,13634.674146895148,3,3,event
3,4741.025879,7208.205078,7604.836925866832,425671.198978486,3,2,event
4,4653.333496,7054.871581999999,4104.762067034021,279968.62087806466,2,2,event
5,4596.9228520000015,4577.436035,3356.828814259301,4331.714066933192,3,2,event
6,4931.794922,6786.153809,29265.381832194576,264730.2106715426,2,2,event
7,4585.128418,4502.563965,1640.3321662207481,2363.4376208528756,2,3,event
8,4724.615234000001,4650.256348,4312.6072510734575,5958.657736801532,2,2,event
9,4773.846191,4763.0771479999985,11041.478697062967,11911.86183502172,2,2,event
10,4720.0,4564.615234000001,5777.553305386927,4649.826841745734,2,2,event
11,4592.820313,4552.820313,3719.583242835934,4392.656924151013,2,2,event
12,4731.2822270000015,4549.230957,10266.311496181674,3937.9722499696645,2,3,event
13,4570.256348,6026.153809,2125.545414210468,122083.31866412303,2,3,event
14,4546.153809,5863.589844,2324.8003653067512,106474.87108493286,2,2,event
15,4823.0771479999985,4767.179688,9947.824264088893,8823.471534160528,2,3,event
16,4676.9228520000015,4455.384765999999,8766.085585771802,2620.300672618155,3,2,event
17,4608.7177729999985,4589.743652,3139.163267392236,4810.37742410751,3,3,event
18,4570.769043,4568.7177729999985,2914.6961072671834,3466.691397624649,2,2,event
19,4772.820313,4562.05127,9296.060117076031,5054.8645950894115,3,3,event
20,4606.666504,4548.205078,3092.1743945449284,4178.330319682616,2,2,event
21,4567.692383,4503.0771479999985,2422.549009959058,4064.48926775365,3,3,event
22,4793.846191,6836.922852,10032.962129607471,215574.202399637,2,2,event
23,4678.974121,6189.230957,4756.46170108592,152956.3883263645,2,2,event
24,4870.769043,6953.333495999998,14523.387086863804,259736.8573914407,2,2,event
25,4630.256348,4554.871582,3051.416329309647,4178.742718306069,3,3,event
26,4537.436035,7045.641113,1976.3047898737977,336466.13664745557,2,2,event
27,4654.871582,5529.743652,4630.191971218642,59135.22268226863,2,2,event
28,4657.94873,4648.7177729999985,9904.121863411705,11951.472721923259,3,2,event
29,4715.897461,7086.153809,5134.176654282162,209861.58799124768,2,2,event
30,4676.410156,5303.589844,5032.667716834701,46312.43811602268,2,2,event
31,4536.410156,4578.461426,1867.1672058490983,3814.8688901509868,2,2,event
32,4594.871582,5660.512695,6027.71369547229,63642.21126148709,3,2,event
33,4727.179688,4634.3588869999985,7539.912187970254,11609.712410987946,2,1,event
34,4520.512695,6204.102539,1394.2936666636726,143828.9208800839,1,2,event
35,4766.153809,7475.384765999999,5939.762021047795,513313.9550377129,2,3,event
36,4733.846191,5424.615234000001,6680.305567382669,43360.287466917354,2,2,event
37,4556.410156,4609.230957,2710.5233121364913,4797.479933519526,2,2,event
38,4762.05127,4672.820313,9705.934069779572,7952.367604109545,3,3,event
39,4727.692383,4607.692383,4888.275121344239,4111.714821958306,2,2,event
40,4551.794922,4574.3588869999985,3300.775690697735,5873.900616774723,2,3,event
41,4734.3588869999985,6409.230957,5619.658866438535,122296.96382826028,3,2,event
42,4596.410156,4495.897461,4938.066705484137,4247.304913607889,2,2,event
43,4819.487305,5475.384765999999,12151.91570018566,60657.1516098786,3,2,event
44,4947.179688,4687.692383,25105.432473856734,11963.799559729285,2,2,event
45,4653.846191,4512.307617,8530.932800707045,2685.4958572837268,3,2,event
46,4611.794922,7428.205078,4099.8943060799365,473657.9541404427,2,3,event
47,4811.2822270000015,5286.153809,8456.535782023653,38202.19121522535,2,2,event
48,5139.487305,4876.9228520000015,25928.183857111646,15371.811399429822,2,2,event
49,4597.94873,4462.563965,6989.32765474414,2521.879725705338,3,2,event
50,4743.0771479999985,4536.9228520000015,2906.8285041069757,3080.4645439987085,2,2,event
51,4465.128418,6023.0771479999985,1264.6309280029172,118746.00121322648,1,2,event
52,5194.871582,4842.563965,47411.658779326826,26990.05803179806,2,2,event
53,4538.974121,4527.179688,4207.427763217743,4225.290021942463,2,2,event
54,4568.205078,6126.666504,2569.598234225671,102521.52476481072,2,2,event
55,4680.0,6208.7177729999985,5114.054810531336,141566.23931967892,2,2,event
56,4698.461426,4671.2822270000015,6795.445534561012,10682.4010666558,2,3,event
57,4669.743652,4595.384765999999,6070.202313902573,6298.7767045581395,2,3,event
58,4928.205078,6520.0,16611.27138867674,146338.4676802521,2,2,event
59,5076.410156,7068.717773,20015.82165867271,237856.80926654802,3,2,event
60,4786.666504,4627.692383,5952.925533313803,3326.9890481457587,2,2,event
61,4644.102539,4560.512695,3032.9450069271124,3703.2078506328894,2,2,event
62,4615.384765999999,4393.846191,6845.806035819952,1824.709318368106,3,1,event
63,4589.230957,7185.128418000001,2533.1094947896,462557.0464865674,2,2,event
64,4613.333496,7014.358887,3132.698271906847,478847.66933462647,2,3,event
65,4672.820313,7208.205078,5857.189936406957,318069.8430648173,2,2,event
66,4598.974121,4616.9228520000015,3181.37225794027,5403.370187446448,2,2,event
67,4705.128418,6115.384765999999,5192.867339638976,139251.03113078224,2,2,event
68,4631.2822270000015,4623.0771479999985,6205.058207977639,7654.61704040689,2,2,event
69,4718.461426,5901.025879,4418.448431049134,112403.2224511543,1,2,event
70,4671.2822270000015,6040.0,4496.102145482307,107800.39528533106,2,3,event
71,4700.0,4600.0,5269.922490634442,4334.021596185272,1,2,event
72,4742.05127,4664.102539,8475.279255162746,7703.619136848844,2,2,event
73,4718.461426,7174.358887,10386.088895371016,374554.1158773689,2,3,event
74,4611.2822270000015,4577.94873,5633.05463843863,3865.682786043346,2,2,event
75,4794.871582,5503.589844,6166.883887409732,53771.12873134919,2,2,event
76,4624.615234000001,4604.615234000001,5453.671620768703,6148.135569133663,3,3,event
77,4555.384765999999,4417.94873,3460.61713117126,1230.4012519073626,3,2,event
78,4477.436035,6413.846191,1812.2978503862585,209733.6182316274,1,3,event
79,4700.0,4698.974121,4959.5292462105945,9568.993015915174,2,3,event
80,4651.2822270000015,6221.538574,6238.548833186357,136864.6383393526,2,2,event
81,4801.538574,5528.205078,11033.605276099592,60390.09602130777,3,2,event
82,4612.307617,4575.897461,2844.12971988932,5075.337892205578,2,2,event
83,4720.512695,7072.820312999998,6019.3731982582785,241358.6075121617,2,2,event
84,5148.7177729999985,7080.512695,20930.00377811799,408828.2381737049,2,2,event
85,4878.461426,7212.307617,9472.997804499248,288834.1435547725,2,2,event
86,4661.538574,4573.846191,7152.71562957558,7278.537636561251,1,3,event
87,5749.743652,4831.2822270000015,58420.15468467122,11320.37799599346,2,2,event
88,4821.538574,7120.0,10765.572040395697,434521.88674661465,2,3,event
89,4562.05127,6458.974121,3788.6057439248093,241910.61133503914,4,3,event
90,4753.846191,6749.230956999999,6872.387330283447,287598.4428279754,2,3,event
91,4631.2822270000015,6178.461426,4936.799966836835,106010.65723257356,3,2,event
92,4790.256348,5607.179688,8122.852225376795,56920.54816525977,2,2,event
93,4641.538574,4543.589844,4170.333412239829,4085.734091738567,3,3,event
94,4624.102539,4582.563965,2850.0320792800876,3539.0213953440257,3,2,event
95,4570.256348,5394.3588869999985,3046.688508126944,42917.147753072626,2,2,event
96,4660.0,4597.94873,4840.8228219403145,4902.576173114313,2,3,event
97,4566.153809,5582.05127,4821.6905754608515,56566.410224138715,2,2,event
98,4646.153809,7418.974120999998,3809.2793263159065,405187.3497168683,2,2,event
99,5275.384765999999,4927.179688,28284.242007033885,17196.734636475438,2,2,event
100,4674.871582,4623.0771479999985,7092.065457243186,6641.619025268325,2,2,event
101,4968.205078,5978.461426,12570.550801635633,91693.22416563917,2,3,event
102,4573.846191,4581.025879,2982.1156086042497,3508.8740489214965,2,2,event
103,4777.94873,4605.6411130000015,6865.6319471406205,4610.536880566162,2,2,event
104,5097.436035,4797.436035,20858.660214381413,15118.229886263529,2,3,event
105,4637.436035,5663.0771479999985,3664.2422207713594,94474.20980656677,2,2,event
106,4633.333496,6098.461426,3964.5972980892398,75188.88398639653,2,2,event
107,4713.846191,7006.153809,7831.629385868754,375808.3058403393,1,2,event
108,4671.2822270000015,6824.102539,5271.270476835771,396824.7608893179,2,2,event
109,4611.2822270000015,4566.666504,3318.5303590381045,5920.76209289496,2,3,event
110,4702.563965,5470.769043,6144.167128707693,55223.73744049945,2,3,event
111,4976.9228520000015,5434.3588869999985,11162.146997784272,42098.999516898264,1,2,event
112,4725.6411130000015,4627.692383,6173.213275749565,4267.901437453703,2,2,event
113,4948.7177729999985,4774.3588869999985,30299.355968677526,17518.307952926647,3,3,event
114,4661.025879,4634.3588869999985,4110.914926542797,5639.1688287276875,2,2,event
115,4653.846191,4662.563965,6061.002156629328,9304.771065673978,2,3,event
116,4514.871582,5783.0771479999985,2118.4559270961977,98721.66136849327,2,3,event
117,4562.563965,6149.230957,3062.3247374275165,138628.65429221102,2,3,event
118,4716.410156,6225.6411130000015,6181.2567923389615,129069.89537236233,2,2,event
119,4744.102539,4413.333496,13400.91348171862,11137.52097924593,3,0,event
120,4630.769043,4631.2822270000015,3967.325204875658,8129.361577084047,2,3,event
121,4612.820313,4592.307617,3452.798135536188,5045.402986044781,2,2,event
122,4550.769043,6932.820312999998,2213.6611665323912,355366.0113887833,2,2,event
123,4695.384765999999,7168.717773,4555.173330024412,215528.6691717504,2,2,event
124,5326.666504,4754.3588869999985,25621.067083212813,8444.600521370712,2,2,event
125,4634.3588869999985,4636.410156,11070.849267036969,15714.304660893436,2,2,event
126,4901.538574,6976.410156,13701.921935578774,291734.87919820665,2,3,event
127,4567.692383,4529.743652,4797.1141363324905,2992.9954367181444,3,2,event
128,4674.3588869999985,4609.743652,4154.486608392831,5820.998803857982,3,2,event
0,4376.410156,4327.692383,352.86296745676157,323.84536895138683,1,0,baseline
1,4406.666504,4422.05127,752.9969144296322,3750.8148301004107,0,0,baseline
2,4379.487305,4362.05127,456.6976045788243,371.04375258211854,0,2,baseline
3,4429.230957,4391.2822270000015,590.1919930432407,513.0252937142967,1,1,baseline
4,4452.307617,4341.538574,1508.04811819075,868.9838746963036,0,0,baseline
5,4348.205078,4316.410156,681.1130152093587,735.0412323275328,0,1,baseline
6,4366.153809,4340.0,376.98043536543224,496.74368290666655,0,0,baseline
7,4352.307617,4355.897461,454.56427007444614,480.293246072179,1,1,baseline
8,4536.410156,4422.05127,3767.1098137466856,1766.0597831735888,2,2,baseline
9,4404.102539,4347.692383,365.0670182335558,505.74364227215864,1,1,baseline
10,4394.871582,4351.2822270000015,477.5111322979992,537.2517518138443,1,1,baseline
11,4361.025879,4335.897461,465.20274162761723,403.9755965935047,2,2,baseline
12,4423.589844,4366.153809,805.3224424061045,742.8263898534477,2,0,baseline
13,4356.9228520000015,4336.410156,240.07057522828413,435.16441770851384,1,0,baseline
14,4380.512695,4349.743652,362.1307921317303,327.2339320245029,1,1,baseline
15,4369.230957,4354.3588869999985,323.0919162207908,560.3090705606145,0,0,baseline
16,4420.0,4379.487305,386.5387811841487,360.6788978414601,1,1,baseline
17,4365.128418,4303.589844,2157.417431365353,565.1889222107488,0,0,baseline
18,4410.256348,4343.0771479999985,783.7315534780151,504.65651185105327,2,0,baseline
19,4382.05127,4361.025879,2447.315995391081,686.500938935676,0,1,baseline
20,4393.333496,4351.794922,372.30684564609277,335.4610885588649,0,1,baseline
21,4437.436035,4375.384765999999,31252.555039678926,32434.077606220413,0,0,baseline
22,4377.94873,4357.94873,494.2453110441461,570.446096292595,0,0,baseline
23,4375.384765999999,4337.94873,477.4615627033887,343.4263986011785,0,1,baseline
24,4367.179688,4333.333496,379.0304026026435,331.3523308174686,1,1,baseline
25,4377.94873,4345.128418,408.26410106789797,349.22811335610913,1,1,baseline
26,4366.153809,4328.7177729999985,282.3428871458072,293.76379262130285,1,0,baseline
27,4408.7177729999985,4446.666504,766.1683831904043,1569.4486190474083,1,1,baseline
28,4402.05127,4430.256348,332.9551061218661,13728.387660730114,2,0,baseline
29,4403.0771479999985,4391.2822270000015,561.3731879201022,704.7704186825263,2,1,baseline
30,4388.205078,4400.0,905.0256786216534,1174.7965794628205,0,1,baseline
31,4351.794922,4336.410156,289.3899035090035,295.8074109930062,0,1,baseline
32,4359.487305,4336.9228520000015,315.9041125589217,389.9956253553217,1,0,baseline
33,4371.794922,4340.0,358.74369862540146,479.99281136578423,1,1,baseline
34,4818.461426,4705.128418,19649.8601769965,12553.790501987427,0,0,baseline
35,4358.461426,4338.974121,258.12354317020976,348.6854870496229,1,1,baseline
36,4345.128418,4326.153809,476.15399267512527,444.6485385768231,0,1,baseline
37,4416.9228520000015,4369.230957,1428.3525830474803,1943.1465348239803,0,0,baseline
38,4374.871582,4375.897461,15265.969383350459,35189.71246679266,0,0,baseline
39,4372.820313,4344.102539,411.21516469113845,454.61412572572056,1,0,baseline
40,4433.333496,4418.974121,9991.526282944407,6238.647652051372,0,0,baseline
41,4465.6411130000015,4436.410156,2684.740501371987,2437.181562730944,0,0,baseline
42,4377.436035,4358.461426,391.74333144929614,381.8611300483693,1,1,baseline
43,4344.102539,4305.6411130000015,568.9892705735224,1225.4749950416465,0,0,baseline
44,4346.666504,4315.897461,849.4429125271898,4440.645437785074,0,0,baseline
45,4395.897461,4371.794922,487.9605454173897,555.549435238724,1,1,baseline
46,4432.820313,4442.05127,428.1785906119653,960.0691417182603,1,0,baseline
47,4403.589844,4344.102539,472.5877602119461,399.4853914064601,0,1,baseline
48,4378.974121,4351.2822270000015,453.68227605054784,416.94790723797064,0,1,baseline
49,4375.384765999999,4344.615234000001,311.86640974696064,520.3875050659219,0,0,baseline
50,4433.846191,4361.025879,428.01863609041135,452.4396595776429,2,2,baseline
51,4398.461426,4329.743652,419.9789204100705,393.62785241810593,2,1,baseline
52,4378.974121,4350.769043,446.0280380134257,380.92150784090614,1,1,baseline
53,4396.9228520000015,4378.974121,399.30457227063624,359.1322025446244,1,1,baseline
54,4384.615234000001,4330.769043,384.47069860215106,432.3195059562089,1,0,baseline
55,4488.205078,4409.230957,5097.005363937685,18393.9189748948,1,0,baseline
56,4446.153809,4405.6411130000015,713.61758737665,1654.6249199556441,0,0,baseline
57,4387.692383,4346.153809,350.8149972603158,460.7924496772164,1,2,baseline
58,4358.974121,4334.3588869999985,1283.1900647525554,1115.1629213358872,0,0,baseline
59,4365.128418,4342.05127,333.39239304177795,370.7068083456705,1,1,baseline
60,4394.871582,4362.05127,417.00399135818276,541.0823397487254,1,1,baseline
61,4360.512695,4332.307617,319.94360979753657,394.5544630001739,0,1,baseline
62,4496.410156,4460.512695,1283.2743206819778,1167.2418161673397,3,2,baseline
63,4437.436035,4361.025879,979.7567209195628,482.67915058597634,0,0,baseline
64,4394.3588869999985,4353.846191,331.8012284335189,326.6878942018085,1,1,baseline
65,4398.974121,4429.743652,741.4285820536468,1452.4767470351037,0,1,baseline
66,4416.410156,4371.2822270000015,450.44034796427246,668.1883533611732,2,0,baseline
67,4373.846191,4349.230957,381.70485536053695,357.157060484213,0,2,baseline
68,4381.025879,4357.436035,686.960919589129,711.0833773020364,0,1,baseline
69,4366.666504,4314.3588869999985,425.94903926389196,284.9353427153813,0,1,baseline
70,4499.487305,4409.230957,1146.9077323865338,749.2284807765463,2,2,baseline
71,4392.820313,4364.615234000001,553.8781972743476,616.2406618910317,0,1,baseline
72,4362.563965,4330.256348,376.3856674158856,389.2149296692003,1,1,baseline
73,4455.384765999999,4391.794922,936.0641724795122,596.0207027500236,0,2,baseline
74,4372.307617,4352.820313,403.56675714653795,438.58037823235827,0,1,baseline
75,4374.3588869999985,4354.3588869999985,416.1872939961514,384.85549119506084,2,0,baseline
76,4371.2822270000015,4327.692383,1442.5178058818524,1349.3163117552165,0,0,baseline
77,4433.846191,4406.666504,436.5263359228187,414.9332155220543,1,1,baseline
78,4388.205078,4362.563965,357.96225983544065,560.1760433863162,1,0,baseline
79,4393.333496,4356.9228520000015,845.3155958248263,452.30317900251936,2,1,baseline
80,4404.615234000001,4344.615234000001,398.2452318262865,313.2941777924165,1,1,baseline
81,4373.333496,4348.205078,389.31671397393603,504.92873115186535,1,1,baseline
82,4363.0771479999985,4344.615234000001,345.7131129604793,376.93512926380384,0,1,baseline
83,4395.897461,4393.846191,287.1179437984997,406.13921040794054,2,1,baseline
84,4360.512695,4338.974121,297.1070785140512,265.7555843588007,0,2,baseline
85,4360.512695,4348.7177729999985,396.49727610637603,313.88337561690327,0,1,baseline
86,4357.94873,4334.3588869999985,346.03065087131694,341.9999607913983,0,1,baseline
87,4385.128418,4329.743652,1264.1187918616192,4789.228927430768,0,0,baseline
88,4393.846191,4366.153809,453.05197718326525,1487.8371790883189,1,0,baseline
89,4384.102539,4350.769043,349.945032031566,538.065682015794,1,1,baseline
90,4390.256348,4358.974121,308.4353659125853,316.2595604368213,1,1,baseline
91,4231.2822270000015,4242.563965,2628.508171592105,7078.234667377632,0,0,baseline
92,4383.589844,4341.538574,512.3875422224233,632.0375052546333,0,0,baseline
93,4385.128418,4326.666504,443.93947516903825,399.61616885734884,1,0,baseline
94,4377.436035,4345.6411130000015,358.5767976838552,388.63441595557805,1,2,baseline
95,4384.615234000001,4335.384765999999,301.3444885971835,217.7592664194534,1,1,baseline
96,4397.94873,4387.692383,916.7485916704376,1342.1380528987522,1,1,baseline
97,4366.666504,4333.846191,514.7733622678087,498.8014501652486,0,0,baseline
98,4373.846191,4340.0,384.8369937460243,478.80730798456125,0,0,baseline
99,4440.0,4361.025879,1000.1354457465768,515.9139588675177,1,1,baseline
100,4386.666504,4345.128418,920.5728927984002,1279.8188061878477,0,0,baseline
101,4460.0,4394.871582,1562.7365168894073,1520.3378636526365,0,0,baseline
102,4370.769043,4345.128418,366.2757405342242,377.6069839043374,1,1,baseline
103,4408.7177729999985,4342.563965,446.9590440191652,327.5199710770249,0,1,baseline
104,4384.102539,4350.769043,342.6401100522178,330.16234839332617,1,1,baseline
105,4385.6411130000015,4361.538574,489.9974218791252,580.9321341140183,0,1,baseline
106,4472.307617,4382.563965,838.6998482783247,682.8223429735029,2,1,baseline
107,4403.589844,4325.128418,1328.6194170758536,455.2931000382243,0,0,baseline
108,4428.205078,4327.692383,476.6637254714526,281.9782612475715,1,0,baseline
109,4446.666504,4429.230957,1246.788803435356,1478.266426088534,2,2,baseline
110,4405.128418,4365.6411130000015,594.8836547080408,628.5454111498774,0,1,baseline
111,4380.0,4316.410156,324.572093290121,349.9327736958449,1,1,baseline
112,4372.307617,4352.820313,872.4262537782791,1279.286490806446,0,0,baseline
113,4403.0771479999985,4342.05127,575.9892259979187,516.3963078155369,0,1,baseline
114,4358.461426,4309.743652,284.5658267773088,269.0325192591325,1,1,baseline
115,4377.94873,4395.897461,272.78569934170156,921.1347800473351,1,1,baseline
116,4368.205078,4336.9228520000015,292.50231359870116,393.32893140567813,1,1,baseline
117,4403.0771479999985,4353.846191,370.68137923248474,415.1712037270418,1,0,baseline
118,4418.461426,4370.769043,283.1939665587473,431.6676488053391,1,1,baseline
119,4355.384765999999,4258.974121,8590.622689981219,10528.738026835814,0,0,baseline
120,4374.871582,4318.974121,298.2671726636434,290.70749378318055,1,0,baseline
121,4365.6411130000015,4327.179688,306.9335072565583,360.75244084664473,0,0,baseline
122,4359.487305,4341.538574,358.76848755653003,362.47892445693327,1,1,baseline
123,4389.230957,4358.974121,557.6178116893041,430.7675571405323,2,1,baseline
124,4389.230957,4343.0771479999985,491.6736015660766,364.7366620570353,0,0,baseline
125,4374.3588869999985,4340.512695,424.3994220120172,416.4433732084251,1,1,baseline
126,4447.179688,4325.6411130000015,910.9445665917195,4240.195161708313,0,0,baseline
127,4369.743652,4342.563965,455.48408080866636,358.72478072172413,1,1,baseline
128,4402.05127,4612.307617,579.4353894254498,11742.538148198071,0,0,baseline
129,4400.512695,4334.871582,441.87566939697103,431.2275917868075,1,1,baseline
130,4373.846191,4363.589844,314.90839771489334,441.8808255632457,0,0,baseline
131,4581.025879,4751.794922,2435.6545518855723,8233.07586442773,0,0,baseline
132,4396.410156,4329.230957,406.2713861966115,319.83746805375205,1,1,baseline
133,4371.2822270000015,4316.9228520000015,334.5742804000081,388.91799162936127,1,0,baseline
134,4381.538574,4337.94873,359.77761130040926,369.3677348029452,0,1,baseline
135,4375.384765999999,4370.256348,2658.1242704355363,2512.561110631521,0,0,baseline
136,4370.769043,4328.7177729999985,476.0669431188817,509.9215154024263,0,0,baseline
137,4368.7177729999985,4336.9228520000015,401.9656082325303,354.6196720670813,0,1,baseline
138,4403.0771479999985,4358.974121,525.9794145919841,552.1196424226881,1,1,baseline
139,4370.256348,4477.94873,782.7809305955279,3837.499871145869,1,0,baseline
140,4385.128418,4346.666504,297.82285623999724,358.9464125775993,0,2,baseline
141,4377.94873,4339.487305,334.8672742787508,439.8312161626836,1,1,baseline
142,4388.7177729999985,4340.0,347.78188781547243,373.6288597190867,0,2,baseline
143,4423.589844,4388.7177729999985,725.3561585541087,1225.7091400918353,2,0,baseline
144,4397.94873,4351.794922,516.3998760512816,544.585499729828,1,1,baseline
145,4390.256348,4326.666504,591.9723778168479,562.5682236423236,0,0,baseline
146,4362.05127,4355.897461,302.334438526358,242.5023068321029,0,1,baseline
147,4409.230957,4343.589844,573.3413271307539,471.1364692813081,1,0,baseline
148,4384.615234000001,4350.769043,394.900093350818,449.9346542723392,1,2,baseline
149,4367.179688,4342.05127,331.1036240452556,319.01784761563385,1,0,baseline
150,4467.692383,4559.487305,2248.367407628019,6063.902178677344,0,0,baseline
151,4402.05127,4365.6411130000015,617.4851993623525,540.4288196372195,2,1,baseline
152,4390.769043,4361.538574,262.79270801020573,351.7676546187273,1,1,baseline
153,4772.820313,4555.897461,121743.30759912549,107791.81395394575,1,0,baseline
154,4664.615234000001,4508.7177729999985,3432.4153470657475,1728.4099025042544,2,2,baseline
155,4549.230957,4442.05127,3926.7420733527847,2245.548160864746,3,3,baseline
156,4388.205078,4402.563965,352.4709190355777,484.0823307989692,1,1,baseline
157,4393.846191,4346.153809,882.2420428342901,615.4783141972001,0,1,baseline
158,4426.153809,4369.230957,568.3889856061297,697.7062459104999,1,0,baseline
159,4367.179688,4334.3588869999985,327.7706292858146,383.71969848246016,1,1,baseline
160,4462.563965,4343.0771479999985,2047.2081779105981,748.7396199247663,1,1,baseline
161,4382.05127,4340.512695,2748.9678959481416,3131.3706200204088,0,0,baseline
162,4469.230957,4389.230957,866.3640696603635,1133.5971364899863,0,0,baseline
163,4408.7177729999985,4372.820313,391.67652952522684,324.6406832851297,1,1,baseline
164,4396.410156,4367.179688,419.3634907241154,409.03073855396616,1,1,baseline
165,4530.256348,4422.05127,1353.9701996117624,740.5115642293864,1,1,baseline
166,4412.307617,4348.205078,12582.685255026561,344.13882889095714,0,1,baseline
167,4396.9228520000015,4335.897461,417.9891898280243,491.4767795462777,1,0,baseline
168,4426.666504,4396.9228520000015,1457.860573441778,1633.2797718023128,1,1,baseline
169,4375.384765999999,4351.2822270000015,329.56628203725694,396.1346347590848,2,1,baseline
170,4376.410156,4334.3588869999985,363.34033478095614,343.5451830529593,0,0,baseline
171,4497.94873,4334.3588869999985,16520.054050065053,52584.1117400683,0,0,baseline
172,4369.230957,4362.563965,379.95838881795436,925.4671175956847,1,0,baseline
173,4425.128418,4386.666504,406.31263772674765,519.8302694548307,1,1,baseline
0,5043.589844,4658.974121,34674.47034187246,9603.351749527244,1,1,event
1,7851.282227,4904.615234000001,1169712.2498679978,26840.73126152076,4,3,event
2,4968.7177729999985,4702.05127,30557.040702238344,12818.548305956863,3,2,event
3,7926.666504000002,5181.025879,1439570.8805547461,48174.228790130765,2,2,event
4,7862.05127,5042.563965,1057667.4913272057,28764.090241764934,2,2,event
5,4971.2822270000015,4683.589844,28815.07207056808,10818.760602655428,1,2,event
6,5248.205078,4822.563965,56322.22026829919,16880.268800470574,3,3,event
7,5057.436035,4683.0771479999985,49906.06270669909,11019.156551544143,3,3,event
8,5165.128418,4810.256348,54195.17355148148,20229.59095104782,3,3,event
9,4996.410156,4706.666504,28042.20002571595,11683.297393733315,3,3,event
10,8007.692383,5329.743652,1611396.2072401943,45239.612187133906,3,2,event
11,7974.871581999999,5718.461426,3327618.5301526072,110009.47196263103,0,3,event
12,4816.9228520000015,4513.846191,17857.81354435564,4007.0886382889466,4,3,event
13,4856.9228520000015,4562.05127,18986.988146478994,5388.437275906188,2,4,event
14,4959.487305,4677.94873,31929.87321868432,13108.873015803874,4,4,event
15,4869.230957,4584.102539,18019.639377224747,5424.209747333326,2,3,event
16,4793.333496,4507.692383,12676.008310416742,3466.9271868582214,3,3,event
17,5103.0771479999985,4682.05127,42554.51313891098,14043.595983540466,2,3,event
18,4303.0771479999985,4383.0771479999985,79251.94003963741,6435.282601710852,0,0,event
19,4855.384765999999,4611.2822270000015,14433.85841964565,5855.066520084051,2,2,event
20,5016.410156,4716.410156,24308.91602147498,9936.129225329414,3,3,event
21,5093.846191,4654.871582,45567.197413155074,11580.051167637597,2,2,event
22,4975.384765999999,4731.2822270000015,32207.163761541025,14933.423127243677,3,3,event
23,5216.410156,4823.0771479999985,47306.265579377665,19440.58105187191,3,3,event
24,4965.6411130000015,4632.820313,37037.27540178634,9161.716058428723,2,2,event
25,7977.94873,5271.2822270000015,1500192.1516894305,40174.97257642953,3,2,event
26,4952.307617,4649.230957,22968.403635356837,8234.80931572319,2,2,event
27,4984.615234000001,4720.512695,25146.149590375917,11394.447666644892,3,3,event
28,5106.666504,4674.871582,44992.07097327741,11542.501082956282,3,2,event
29,5227.179688,4763.589844,69673.62546262018,19240.28797832714,2,2,event
30,5859.487305,4631.794922,83528.93681967742,8464.972145139274,2,2,event
31,4906.666504,4633.846191,24819.39427104776,10837.854227101096,3,2,event
32,5233.333496,5066.666504,43147.154687160146,28610.32120721038,2,1,event
33,6068.7177729999985,4805.6411130000015,92988.19776328071,6146.364632949298,2,2,event
34,4728.7177729999985,4520.512695,11542.522808641663,4434.499766967338,4,2,event
35,5024.102539,4751.2822270000015,37090.35645975367,15739.140348246745,4,3,event
36,7783.077148,4923.0771479999985,733037.8941845484,24847.933969923204,3,2,event
37,6429.230957,4703.0771479999985,160763.73106143714,14081.534130823835,2,2,event
38,5031.794922,4658.974121,39811.0495312143,10079.839437258817,2,2,event
39,4936.9228520000015,4703.0771479999985,27770.28494174096,11696.589625756598,4,3,event
40,7950.256348000001,4962.563965,1230335.1076552463,22263.135506805564,3,2,event
41,5154.3588869999985,4783.0771479999985,101320.9325410734,28462.245352497615,1,1,event
42,6317.94873,4664.615234000001,114488.86873402882,7438.197270356583,2,3,event
43,7970.769043000001,4713.846191,945468.8400633998,15967.81869971825,2,3,event
44,7970.256348000001,5109.743652,1219191.0035171602,29816.983032257183,2,2,event
45,7884.615234000001,5037.436035,1167649.1595833704,43252.19488743705,4,3,event
46,8026.153809,5602.05127,2365933.6495705224,114163.76644169271,2,2,event
47,5335.384765999999,4956.9228520000015,65818.22985431904,27929.709078797332,3,2,event
48,4866.153809,4617.436035,33128.804876192924,10302.448204288272,3,3,event
49,4781.538574,4522.563965,12619.202895445527,3599.4846258903904,4,3,event
50,5187.179688,4779.487305,63571.24793730542,20326.001366175624,2,3,event
51,4776.9228520000015,4531.794922,19589.095973131698,5655.269178260136,4,4,event
52,7902.05127,4909.230957,952987.316795159,25510.397900407886,2,2,event
53,4930.256348,4649.743652,20767.676317736834,7756.293584241987,3,3,event
54,4762.05127,4502.563965,8391.610437215335,2415.8771809088344,2,2,event
55,8047.692383,5382.563965,3193402.6610560706,78240.18713001675,0,2,event
56,8046.153809,5030.769043,3034141.228543511,57673.09876355593,0,2,event
57,4774.3588869999985,4564.615234000001,12625.097429289237,3904.2185946576756,2,1,event
58,4826.666504,4529.743652,11900.86804704678,4640.488017979395,2,2,event
59,5068.7177729999985,4632.820313,33618.4795896005,10079.286556445222,3,3,event
60,4836.410156,4574.3588869999985,16194.091733437366,5149.207900396361,3,3,event
61,4861.025879,4621.025879,18282.974345355928,6306.464419275819,3,2,event
62,4872.820313,4589.743652,19030.501781538514,5640.615350910714,4,4,event
63,8036.410156,5428.205078,3185236.2785302424,105861.91611691866,0,3,event
64,7931.794922,4854.3588869999985,1343505.272581726,21270.933903315366,3,1,event
65,4920.0,4660.0,26117.291608251988,10444.24363813974,3,3,event
66,5046.153809,4812.820313,41296.310051036846,17637.527011606282,3,3,event
67,5069.230957,4671.2822270000015,31364.81189616704,8348.28349457495,3,3,event
68,4822.563965,4567.179688,15602.855816741545,6772.324292393677,3,2,event
69,5315.897461,4875.897461,57732.15771634045,20012.00052704817,2,3,event
70,4909.743652,4591.794922,30497.193236013878,7314.676709579428,3,4,event
71,4905.6411130000015,4596.410156,23707.87229676471,6230.401098792272,3,3,event
72,5046.153809,4737.94873,33029.03614312707,13947.856528570486,4,3,event
73,5252.820313,4808.7177729999985,50457.7560213577,15614.653444192401,2,3,event
74,5176.410156,4808.205078,45350.85904901154,18365.719321653178,2,2,event
75,5031.794922,4774.3588869999985,43510.68210649496,19526.96782835115,3,2,event
76,5046.153809,4824.102539,37886.46128007642,16079.926411624305,3,4,event
77,5215.897461,4837.94873,60923.11370842219,22570.74242979765,2,3,event
78,5642.563965,4665.128418,60931.677060892405,9985.775471850553,1,1,event
79,7871.794922,5163.589844,909030.0434737817,45442.827293211696,2,2,event
80,5173.333496,4810.256348,50144.12209409585,18426.816168486825,3,3,event
81,5046.153809,4615.897461,48863.39368097222,29543.44189119145,2,1,event
82,4959.487305,4695.384765999999,30072.68832036707,12416.964016142127,3,3,event
83,4982.563965,4657.436035,42655.317925392024,10870.778712421072,3,3,event
84,5028.205078,4792.307617,38268.44783151767,15985.850941228571,3,3,event
85,4991.2822270000015,4522.563965,30636.280116020826,16634.38982226989,2,1,event
86,7917.94873,5429.230957,1669043.9552912216,63269.83875389903,3,2,event
87,4838.974121,4568.7177729999985,16738.613639359184,5389.341355529088,3,2,event
88,4980.0,4657.436035,28791.888787275097,15484.133324411223,3,1,event
89,8017.94873,5353.333496,3449273.0401934963,89672.29244096333,0,3,event
90,4989.230957,4540.0,25916.0256289124,5761.936142096221,4,4,event
91,7893.333495999998,5450.769043,1758697.1079116596,61702.09771294383,3,2,event
92,7911.794922,5163.0771479999985,1606166.1088845409,35333.771023335394,4,2,event
93,4983.0771479999985,4727.692383,25504.9289596791,10772.625527651191,3,3,event
94,5017.94873,4718.974121,38515.90808869581,15377.233773163363,4,3,event
95,4986.666504,4607.692383,29218.158708420917,7368.238734534193,3,3,event
96,4929.230957,4690.256348,33598.054910804225,14991.835203677352,3,3,event
97,5201.538574,4801.025879,50524.67904003385,17598.554244612453,4,3,event
98,4949.230957,4709.743652,42404.45472114177,18058.58450448156,4,4,event
99,4841.538574,4546.666504,34559.61763630555,54783.48156858167,2,0,event
100,5135.897461,4677.94873,64630.27115566344,13120.62211882399,2,2,event
101,7947.179687999998,5340.512695,1735622.6813407426,50438.18057299873,3,2,event
102,5035.384765999999,4618.974121,37186.270370595485,9899.436552579615,3,3,event
103,5014.3588869999985,4636.410156,47402.13498906736,9776.310238353011,3,2,event
104,4932.307617,4672.307617,25885.618334290026,11215.576606872966,2,2,event
105,4625.128418,4802.05127,84162.10077419339,170938.6116558137,0,0,event
106,8053.846191,5393.333496,2628373.457479124,88538.56093139513,0,2,event
107,7863.077148,4702.05127,582493.362754786,10499.342517296238,3,2,event
108,6618.461426,4780.512695,186428.26700097637,11754.830155748754,2,3,event
109,7693.846191,4842.05127,479417.995888738,18544.57573540594,2,2,event
110,4942.563965,4664.615234000001,46961.72653790111,17800.946331089664,2,2,event
111,5051.2822270000015,4773.333496,32041.965334780805,13611.805919644707,3,3,event
112,5153.846191,4658.974121,40663.63406632274,9152.769057610882,3,3,event
113,5387.179688,5213.333496,62123.45779877017,50493.239482666395,2,1,event
114,4904.615234000001,4617.436035,19385.292067063132,6548.3372779421525,3,3,event
115,7973.333495999998,5209.230957,2498881.0976892808,53528.03571981596,3,4,event
116,7942.05127,5317.436035,1597256.0548733156,46458.54197105508,2,2,event
117,5357.436035,4718.974121,55926.77400454036,10242.417700451497,2,3,event
118,5066.666504,4593.333496,32369.901764556595,7891.75245153809,3,3,event
119,5054.3588869999985,4765.128418,49716.672154134176,21946.1388724402,3,4,event
120,5000.0,4648.7177729999985,27239.294130342503,8614.563933205414,2,2,event
121,5382.05127,4963.0771479999985,89784.07435700436,29570.964959623514,3,3,event
122,8070.256348000001,5551.2822270000015,3030845.490604047,98528.89388676119,3,4,event
123,5133.846191,4719.487305,57317.34210548036,15052.13994062399,3,3,event
124,4933.846191,4698.461426,25129.99069977787,10422.16095402939,4,3,event
125,5071.2822270000015,4763.0771479999985,36382.14595526761,13932.269835741621,4,3,event
126,5015.897461,4757.436035,30658.51314791052,13326.039110553254,3,3,event
127,4965.6411130000015,4607.179688,66023.79267748652,26838.010642622216,2,2,event
128,4951.2822270000015,4611.794922,24054.305781024676,7346.5545396201915,2,3,event
129,4981.025879,4754.871582,58182.67719553648,27121.687590098474,2,2,event
130,5112.307617,4765.128418,50740.863088387814,17564.70949188556,3,3,event
131,5034.871582,4757.94873,57383.18646248644,26145.782926708634,3,3,event
132,5192.820313,4787.692383,42976.537060940704,14229.727281761017,2,2,event
133,7810.769043000001,4864.615234000001,655591.3987436814,18628.406280180552,2,2,event
134,4836.410156,4618.974121,44685.68848378114,12036.60762332249,3,3,event
135,4973.846191,4737.436035,15166.611073864004,6975.799469250087,2,2,event
136,5054.871582,4635.897461,34699.8956126713,6974.396867232207,3,3,event
137,4686.666504,4519.487305,9898.22975504483,5348.878217673999,2,2,event
138,5047.692383,4761.538574,35253.9538119149,14768.407956834613,2,2,event
139,4870.769043,4602.563965,26390.926151883752,8917.010293918049,4,2,event
140,5438.461426,4695.384765999999,56516.66902679627,11679.428969190212,3,2,event
141,4985.128418,4531.794922,26012.07673308795,8509.898874206561,2,1,event
142,4968.7177729999985,4597.436035,29580.313365414,7747.860023579881,2,2,event
143,5122.05127,4770.256348,32833.91043951439,12608.464709844347,3,3,event
144,5251.794922,4606.666504,62689.67343604602,12371.205919462114,2,3,event
145,4844.102539,4567.179688,12720.256528299613,4303.626878492973,2,2,event
146,5083.589844,4736.9228520000015,44916.845070151976,14930.377835492416,3,3,event
147,4932.307617,4614.871582,22117.18179373124,6321.788080606211,2,2,event
148,4791.794922,4589.230957,16938.33742465822,7527.6425414459145,2,2,event
149,6734.871581999999,4824.102539,139977.7725854509,12647.176670505483,2,2,event
150,4891.2822270000015,4656.9228520000015,26959.155462948387,10658.62009157937,4,3,event
151,5028.7177729999985,4692.820313,35431.864810131745,13408.817755654967,3,3,event
152,5187.179688,4605.128418,39708.474973608725,9505.630881431907,2,4,event
153,5195.897461,4792.307617,87750.30943937604,23367.386148863126,2,4,event
154,5211.794922,4661.025879,37008.84471451551,9592.328781778144,2,4,event
155,5291.794922,4834.871582,115336.20756526852,30397.4481793277,2,2,event
156,5318.974121,4627.692383,50316.31744824395,8468.99561870735,3,2,event
157,5025.128418,4666.153809,37505.34745852383,10385.852402969853,4,4,event
158,7916.922852,5015.897461,1643197.1566375252,78663.12836565037,4,2,event
159,5045.6411130000015,4714.871582,39631.77482895199,15257.302738089487,2,4,event
160,5005.6411130000015,4720.0,29419.644782991476,12221.590794062266,3,3,event
161,4869.230957,4570.769043,20248.289099843267,6293.0778130408735,3,3,event
162,4998.461426,4669.230957,32144.603971000502,8932.458256799939,2,2,event
163,5490.769043,4682.563965,60409.6915970145,10492.510701040848,2,2,event
164,8025.128418000001,5371.794922,1664578.6779340287,45377.565450462185,3,2,event
165,4826.666504,4553.846191,16357.51680733173,5677.320064628232,3,3,event
166,5184.102539,5580.512695,63159.8674920529,93283.30943857793,2,2,event
167,5014.871582,4812.307617,37490.01960735098,21674.869150395076,3,0,event
168,7885.641113,4677.94873,1052083.6908782132,40362.16034905314,4,2,event
169,7932.307617,5139.487305,2248829.8596928,48244.413421182464,4,3,event
170,4885.128418,4482.563965,25073.071523743958,11141.50311396315,3,0,event
171,4980.0,4633.333496,24963.62026076155,7870.382250596752,3,3,event
172,7867.692383,4854.871582,641067.2288132786,15557.412898789205,3,1,event
173,4975.897461,4692.307617,30457.001000636683,12495.365395604213,4,4,event
174,7775.384765999999,4801.025879,652336.2117200161,18485.541523540556,3,2,event
175,5190.256348,4809.230957,72400.16066339167,26554.84616983435,3,3,event
176,7860.512695,4850.256348,1014502.8457958222,17549.781444390366,2,2,event
177,4980.0,4654.871582,28936.052070041915,10429.658031205317,2,3,event
178,5147.692383,4837.94873,45893.755682337905,17653.252722813148,4,4,event
179,4834.3588869999985,4650.256348,18148.173614693867,7071.2329331086685,4,1,event
180,5189.230957,4901.025879,66238.7136310152,28705.186735901378,3,3,event
181,4822.05127,4551.2822270000015,15742.933001350246,4700.952015339387,2,2,event
182,5008.205078,4708.205078,40053.04014529121,15019.989934135905,3,3,event
183,5011.2822270000015,4626.153809,27072.9944385954,6285.638486113608,3,3,event
184,4906.153809,4563.589844,22256.804491302908,6034.827398810182,2,3,event
185,5083.589844,4522.563965,31854.60214278441,9049.960636004256,2,2,event
186,5106.666504,4636.9228520000015,33477.25509288323,8041.700255818626,2,4,event
187,4893.333496,4642.563965,16110.512099113634,7496.066763521948,2,2,event
188,5040.0,4753.846191,34328.929360812814,14178.994108621506,4,4,event
189,5065.6411130000015,4714.3588869999985,33231.967760929256,11383.68264547927,2,2,event
190,5369.230957,4699.487305,62465.70376369991,10685.517987861655,3,3,event
191,5051.2822270000015,4658.974121,34813.89631760243,10465.77413541298,2,2,event
192,5160.512695,4844.615234000001,60237.25993413915,24746.30363368748,3,4,event
193,5630.769043,4658.974121,76778.0226064434,12670.634945562173,2,3,event
194,8031.282227,5460.0,3004375.5150760342,74613.26289444046,0,2,event
195,5062.563965,4753.846191,42977.142272865334,18776.827687404068,3,3,event
196,4953.846191,4609.230957,31004.86292864395,8625.710132213779,4,3,event
197,5147.179688,4786.153809,35504.04687000989,14084.443301216781,2,2,event
198,5126.153809,4737.436035,100243.57702572262,25017.507650845153,2,2,event
199,5508.7177729999985,4868.205078,73568.95866761981,20452.921846791665,2,1,event
200,5146.153809,4656.9228520000015,46348.804470026465,9769.764338572611,4,4,event
201,4966.153809,4530.769043,31692.516435399142,6892.50124462447,2,1,event
202,6315.384765999999,4661.025879,117984.07797494529,8072.2939614329725,1,2,event
203,5167.692383,4842.563965,48196.30823659792,19963.93607125203,3,2,event
204,5021.025879,4746.666504,37959.0221041283,14326.755714121518,3,3,event
205,5215.897461,4871.794922,51729.266787844856,20657.67232303079,3,3,event
206,7960.512695,4892.307617,1210591.6728707987,17065.01855916055,3,2,event
207,4975.384765999999,4708.7177729999985,18743.52897575554,8035.598720831546,2,2,event
208,4947.179688,4596.9228520000015,27645.1395066055,8827.956583450154,2,2,event
209,5021.538574,4735.897461,37295.512905731244,14953.646041842645,3,3,event
210,4955.384765999999,4638.974121,25932.438239153787,8360.98078999775,2,2,event
211,4898.461426,4590.769043,39783.20945348993,10243.81935122788,4,3,event
212,5016.9228520000015,4668.205078,85793.23480004827,22815.971826179175,0,1,event
213,4893.846191,4564.102539,21536.554655978245,5890.488212229185,2,3,event
214,5077.94873,4692.820313,59443.50012160416,15670.089479524677,2,2,event
215,5125.128418,4636.410156,46702.07032574808,7829.635902685291,2,2,event
216,7913.333495999998,4792.820313,1033012.4076396329,13184.395690308002,3,3,event
217,4936.9228520000015,4702.05127,34423.08093517901,13914.330519357502,2,1,event
218,4847.692383,4557.436035,19274.397017691852,5473.76285812644,3,3,event
219,7961.025879000002,5342.05127,1820410.400353373,43008.31818292479,3,2,event
220,4849.230957,4584.102539,23446.581747589196,7095.924782324147,2,4,event
221,4824.615234000001,4533.846191,15307.670831346091,5152.676441218845,3,3,event
222,4973.846191,4616.410156,28992.02921351694,8234.392241238673,3,3,event
0,4829.743652,4534.3588869999985,26459.7690908887,7025.52683307028,2,2,event
1,7640.0,4722.05127,343324.64594804833,11102.443083648455,2,1,event
2,7471.794922,4702.05127,501085.6114062406,14889.741469528073,4,3,event
3,7833.846191,4753.846191,968946.3660051211,21912.402591810045,2,2,event
4,4973.333496,4694.3588869999985,28357.913532506405,12851.325342059969,3,2,event
5,5040.512695,4732.820313,29761.652590102454,10813.019689506447,3,3,event
6,7852.307617,4953.333496,858221.7782985768,19753.448475956648,2,1,event
7,4851.794922,4553.333496,21660.105549468622,5775.354345235974,2,2,event
8,4920.0,4703.589844,28729.99833070507,11351.155998245238,2,2,event
9,7086.153809,4672.820313,563933.1454040114,12235.243119193341,2,2,event
10,8043.077148,5015.384765999999,2525169.436405014,30734.58683886028,4,2,event
11,4917.94873,4617.436035,34516.005565009444,11029.038231456123,2,1,event
12,8057.436035,5597.94873,2613513.8718567537,110864.92133102068,2,2,event
13,4970.256348,4592.820313,28805.77354136301,8453.524879247105,2,1,event
14,4996.9228520000015,4799.487305,32255.676439546496,35163.521758949675,2,1,event
15,4887.179688,4618.974121,28122.58190352981,12038.577602307923,3,2,event
16,4986.666504,4716.410156,38750.69783210288,12330.205681413869,2,2,event
17,7940.512695,4899.487305,1832767.2321424622,23021.394722424448,3,2,event
18,4982.563965,4752.307617,38978.65324392198,17221.19102873438,2,2,event
19,4752.307617,4487.179688,28529.582031579117,6751.093268802237,0,0,event
20,4921.538574,4675.897461,26017.135198717024,9993.767922350045,4,2,event
21,4943.0771479999985,4698.461426,30881.385919625634,14828.041109086027,3,3,event
22,4941.538574,4669.743652,28610.225719803988,11195.296285335313,3,2,event
23,5072.820313,4744.615234000001,35659.77918007943,12997.566497720343,1,1,event
24,4846.153809,4538.461426,22761.90546411851,6860.164144135802,2,3,event
25,4966.666504,4700.512695,40403.75807751037,17434.073057411588,2,1,event
26,5019.487305,4712.307617,28195.775899575186,8639.04382709624,2,2,event
27,5034.871582,4737.436035,28693.95846268133,11513.142130421513,2,2,event
28,4985.128418,4718.461426,37336.65412451154,15781.70943858432,2,2,event
29,5384.102539,5131.2822270000015,59790.57944887039,40607.13585637294,2,2,event
30,4992.307617,4853.846191,29597.185016053943,25177.38826919272,2,1,event
31,4979.487305,4711.794922,30882.050135142395,11716.33244546295,1,1,event
32,4992.307617,4655.897461,33316.944638510635,11570.738361782547,2,1,event
33,5105.128418,4734.3588869999985,46990.44667870067,17237.80240032724,1,2,event
34,5028.7177729999985,4731.2822270000015,30160.6627280825,11964.040664102595,3,2,event
35,4724.102539,4769.230957,10256.966471968495,132172.46467208688,3,0,event
36,4998.974121,4680.0,33396.02140537627,12669.589277617964,2,2,event
37,4985.6411130000015,4726.153809,31347.611791036725,12353.549140424035,2,3,event
38,7938.974120999998,4984.102539,1190641.5424508455,23675.702470391552,2,2,event
39,7940.0,5310.256348,2703492.2721708943,58844.26006782792,0,2,event
40,7945.641113,4919.487305,1627199.9168658531,23698.179399944915,3,3,event
41,8029.743651999999,5572.307617,2848775.8713123356,145662.02479295386,1,3,event
42,7808.717773,4712.820313,443187.2536481428,11496.833486487163,2,2,event
43,5021.538574,4722.05127,30637.896819661637,12114.960464024112,2,3,event
44,5033.333496,4729.743652,36016.01864560197,13738.869495100067,2,2,event
45,4862.05127,4576.410156,45565.79303534621,10575.140621627383,0,1,event
46,8007.692383,4924.615234000001,785562.8194620141,20474.258095384135,2,2,event
47,5031.2822270000015,4673.333496,36065.631393146294,11753.361521310786,2,4,event
48,7934.358887,4842.563965,854788.8367252942,17655.513607040342,3,2,event
49,4902.05127,4616.9228520000015,30633.925002467015,9611.849883661449,2,2,event
50,5008.7177729999985,4684.615234000001,31306.237275669348,11416.069257127461,1,1,event
51,5062.05127,4762.05127,49249.397840809,13333.195254672364,2,2,event
52,4883.589844,4649.230957,36553.65076908135,12851.198749611214,2,3,event
53,5013.846191,4701.538574,31874.17816669913,11134.02013832101,2,2,event
54,5076.9228520000015,4704.102539,52123.06159741435,12307.899142454176,2,1,event
55,5010.769043,4646.153809,26465.48747769459,9446.121816907951,2,1,event
56,5023.589844,4715.384765999999,31159.237239469712,13239.206585166534,2,1,event
57,5004.615234000001,4737.436035,34203.91577939631,12360.057180345413,2,1,event
58,5017.436035,4723.0771479999985,38175.87935462633,16090.999119610677,1,2,event
59,5037.94873,4727.692383,38448.31970654373,13827.337330401479,2,2,event
60,7900.0,5143.589844,1638381.42332377,32250.95981805948,2,1,event
61,8050.769043000001,5488.205078,3028555.6240101764,79924.53836424524,0,2,event
62,6177.94873,4609.743652,182686.98520939721,8031.203407615693,2,2,event
63,5004.615234000001,4699.487305,33326.23384702835,12946.00267809084,3,2,event
64,4782.563965,4592.820313,19336.997272485158,6008.800025831395,1,1,event
65,5012.307617,4664.615234000001,33379.41239582136,11426.300317655161,2,4,event
66,5006.666504,4581.538574,47261.69996259228,12474.154784411288,1,1,event
67,5043.589844,4772.820313,41038.17718957566,17071.753180140666,2,2,event
68,4805.128418,4513.333496,21287.845983119496,5830.01740636464,2,3,event
69,5047.692383,4745.6411130000015,51745.58930785676,21253.179160466727,1,1,event
70,5087.692383,4652.820313,80118.57268546222,16944.256010031684,1,1,event
71,5003.0771479999985,4742.563965,35790.23026527803,14562.654476514872,2,1,event
72,8000.0,5176.410156,2770351.0650176806,55631.54791270143,0,1,event
73,7912.820312999998,5377.436035,2628787.148093419,54354.98944937637,0,2,event
74,4981.538574,4698.461426,30949.977320264694,11627.856451491147,1,1,event
75,5417.436035,4947.179688,87742.6610955656,30375.06975267555,2,2,event
76,4755.897461,4614.871582,24545.986752723,13566.363783121955,1,0,event
77,5026.153809,4710.769043,67157.35279643649,27705.278515289556,2,3,event
78,7861.538573999998,4794.3588869999985,1372111.1127430096,18193.63357489441,3,3,event
79,5064.615234000001,4742.563965,36794.100366713006,15210.446380755353,2,2,event
80,8035.384765999999,5371.794922,3166877.543142703,66489.79266078601,0,2,event
81,5112.820313,4807.179688,42970.374661147194,17145.519241500286,2,2,event
82,5069.230957,4764.615234000001,50322.09165517636,19826.249562818437,1,1,event
83,5026.666504,4714.871582,36329.33973111148,15291.010881120957,2,1,event
84,4955.384765999999,4691.794922,27714.60019926702,11812.469152751299,3,3,event
85,4956.410156,4857.436035,30363.308208402228,16141.447988360978,3,2,event
86,7917.436035,5427.692383,3323849.5158109297,97754.70874539901,0,2,event
87,4972.820313,4689.743652,33164.42424810449,14586.468893218644,1,2,event
88,4908.205078,4718.974121,22350.66449363176,12252.778650946982,2,1,event
89,4986.666504,4686.666504,30718.741229679523,11367.53616597958,2,2,event
90,8021.538573999998,5468.205078,2532001.905137069,65802.03026443857,0,2,event
91,4969.230957,4664.615234000001,29149.315900274974,8794.039251583807,2,2,event
92,5027.692383,4742.563965,35768.019466266116,13300.27603624053,2,2,event
93,5027.692383,4725.128418,47629.90404230627,21153.464685023137,3,2,event
94,4894.871582,4572.820313,44980.3856051015,10084.510908297918,2,2,event
95,4911.2822270000015,4509.230957,31098.29713369591,7163.678120218997,2,2,event
96,4850.769043,4556.9228520000015,34281.554741566026,8382.30184017981,1,1,event
97,7900.0,4864.102539,707242.4883686744,16404.526788173356,2,1,event
98,4938.461426,4674.3588869999985,26407.544139112535,11029.152384551277,1,1,event
99,4972.820313,4623.0771479999985,38800.96101607491,7371.350939898567,2,2,event
100,5052.307617,4770.256348,37893.320494142405,14502.669358884164,2,3,event
101,7238.461426000002,4731.2822270000015,340448.90451342217,11045.309286419953,2,3,event
102,7940.0,5273.333496,2732266.012741757,51351.94219440918,0,2,event
103,5011.794922,4674.3588869999985,32686.90277742445,11474.93580851579,2,2,event
104,4869.743652,4555.897461,25058.654858725495,5550.971567227057,1,1,event
105,4843.589844,4528.205078,22960.758904879887,5195.0218686186745,1,2,event
106,4900.512695,4640.512695,27507.44014359258,11145.47159072245,3,4,event
107,4811.794922,4567.692383,20285.002801425053,5831.94731742061,1,2,event
108,4939.487305,4923.589844,24955.919422153573,23523.612322737044,1,2,event
109,4925.6411130000015,4683.589844,35098.9437124489,13669.861151423125,1,1,event
110,7285.128418000001,4666.666504,327591.7839477808,10716.311031167143,2,2,event
111,5030.769043,4786.153809,44691.73677300943,13352.153099698426,1,2,event
112,4761.538574,4541.025879,14269.975337924077,4641.092015693209,4,2,event
113,5067.692383,4743.0771479999985,61423.19165658294,22570.645778444927,2,2,event
114,5847.179688,4700.0,93015.1353890338,8809.351281354317,2,2,event
115,5038.461426,4749.743652,36914.812245826295,14398.146456762786,1,1,event
116,4980.0,4703.589844,32752.17153730537,12513.998600927533,2,2,event
117,4915.384765999999,4608.205078,32095.32634192457,9421.41601345931,2,2,event
118,4901.025879,4685.128418,31337.282745125693,13612.62649303009,2,3,event
119,4994.3588869999985,4687.179688,28022.181512666197,11728.55627006651,1,2,event
120,5057.436035,4726.153809,33965.931577567884,11813.97614712497,2,1,event
121,4964.615234000001,4630.256348,34775.50442233367,9340.25603385564,1,1,event
122,5012.820313,4774.3588869999985,43274.80711185816,19812.39271527171,2,2,event
123,4996.9228520000015,4705.6411130000015,36570.602791751495,14037.19873934082,2,2,event
124,4955.897461,4682.05127,39243.99025113279,14753.849135919043,1,1,event
125,4972.820313,4653.333496,42168.622989216834,11679.279996748148,1,2,event
126,4940.0,4720.0,29247.56832552581,14410.616569200922,3,3,event
127,4985.128418,4717.94873,25219.593648648293,11280.445646498487,2,3,event
128,8004.102539,5258.974121,2791664.308534712,54386.65740493767,0,3,event
129,4865.6411130000015,4557.436035,26971.40122413591,5425.170491649425,2,2,event
130,5031.794922,4766.666504,39290.208706324855,16267.076716823221,3,2,event
131,5005.6411130000015,4706.153809,30703.24113771058,12602.963994718679,2,2,event
132,4974.871582,4705.6411130000015,37916.320484936994,14769.611728891507,3,3,event
133,7857.436035,4730.769043,760941.5631806041,14843.698338000513,2,3,event
134,5261.025879,4761.025879,140422.77188393555,37928.19024912852,1,1,event
135,5066.153809,4735.384765999999,48116.502122260485,18587.987378693582,2,2,event
136,4795.384765999999,4537.436035,20203.736628148938,6978.58000318595,2,1,event
137,5044.102539,4734.871582,39514.05034320211,13597.101604085932,1,1,event
138,4770.769043,4546.666504,24444.265838502397,7183.046045364863,2,1,event
139,4954.871582,4693.846191,33701.781422379354,13950.437821001333,1,1,event
140,7906.153809,4736.410156,2417939.115638384,21197.932423792023,0,2,event
141,7991.794922,4949.743652,787028.9830881067,18507.377122247883,3,1,event
142,4886.153809,4561.025879,20542.93333735505,4814.538073511706,2,2,event
143,7911.794922,4890.769043,748401.8252893246,15210.719332964642,3,2,event
144,4910.769043,4708.7177729999985,32573.54401115711,14479.376259656845,2,2,event
145,4970.256348,4711.794922,40642.68879386467,15474.886276096382,2,2,event
146,4955.897461,4708.7177729999985,102408.34049365432,86104.0502645848,3,0,event
147,4884.615234000001,4625.128418,16569.752502079133,7870.744237488846,3,3,event
148,5017.94873,4734.871582,41625.54247587382,17352.941702403725,2,2,event
149,4971.794922,4684.102539,27587.957161430917,12025.429766639467,2,2,event
150,4976.9228520000015,4751.2822270000015,38155.008282374816,15520.320274006473,1,2,event
151,5013.333496,4766.666504,38781.980828387896,17689.603560811785,2,1,event
152,4801.538574,4534.871582,20079.718901153345,6019.979281985686,2,1,event
153,5019.487305,4746.666504,45808.59797916324,18696.19427156468,2,2,event
154,5016.9228520000015,4719.487305,33849.008843371535,13457.243200494777,1,1,event
155,4966.153809,4723.0771479999985,46983.23184913132,21543.911576383605,2,2,event
156,4847.692383,4554.871582,42755.63223846483,11197.407512861817,0,0,event
157,8004.102539,5070.256348,3266841.5535757453,37101.83321576493,0,3,event
158,5182.05127,4811.794922,64740.776993241576,23186.11981883342,3,3,event
159,4946.666504,4684.102539,29857.77908113947,12568.636716188266,2,2,event
160,7982.05127,4850.769043,964534.6848727451,19576.64064080034,2,1,event
161,7858.974120999998,4741.538574,525375.4616562378,13385.521087266998,2,3,event
162,7938.461426000002,4916.410156,1426087.2418489116,22971.608719705695,3,2,event
163,4889.230957,4550.256348,32168.767452984408,8604.887867293599,1,1,event
164,4792.307617,4488.205078,16575.338323009335,7189.156213197035,3,1,event
165,5052.307617,4752.820313,40992.00689267775,14884.415114818074,2,2,event
166,5072.820313,4708.7177729999985,44918.78028195291,16666.514516201372,2,2,event
167,4829.743652,4426.153809,49091.699572788886,14989.776934777385,0,0,event
168,5138.461426,4827.179688,58573.833573969234,24812.385904161547,2,2,event
169,5011.794922,4704.102539,35362.35835965936,13810.195396535373,1,2,event
170,5060.0,4904.615234000001,30137.457443246258,20457.26070001704,2,2,event
171,5061.025879,4735.897461,38973.56605191966,14744.028606259177,2,2,event
172,4799.487305,4528.7177729999985,19749.150673820353,5510.181424303304,2,2,event
173,5036.9228520000015,4742.563965,42690.24239270768,16047.276084396253,1,1,event
174,4968.7177729999985,4698.461426,32772.61317695937,12305.36860978155,3,2,event
175,4989.743652,4701.538574,32427.541691911607,8517.350585237198,3,2,event
176,8028.717773,5000.512695,2475580.1224593227,35617.85633397827,0,1,event
177,8038.974120999998,5135.897461,3309306.9612907167,75548.88334256285,0,2,event
178,4988.7177729999985,4690.769043,31081.68813501406,12785.159396637822,2,2,event
179,7909.230956999999,5004.615234000001,1271026.4289545212,25698.928549944296,2,2,event
180,7898.974120999998,4862.05127,677729.1102484297,14528.02599969556,2,2,event
181,4959.487305,4698.974121,24222.07856064341,9260.89652761227,2,3,event
182,6595.897461,4618.974121,377979.71136135515,10314.00790249522,3,3,event
183,4757.436035,4816.410156,25121.85998183785,24054.237735988987,1,0,event
184,7994.358887,4796.9228520000015,2076907.9597531948,22321.03997588736,0,3,event
185,5035.384765999999,4725.6411130000015,37390.670834536264,14636.547617150258,2,2,event
186,4967.692383,4737.436035,40250.49083965811,20865.48740707686,2,1,event
187,4966.153809,4728.205078,39954.34270096734,16787.464385110427,3,3,event
188,6389.743652,4657.94873,257717.3272313619,10949.022766741582,2,2,event
189,7899.487305,4803.589844,1171872.2649435832,18497.24446299173,3,2,event
190,5043.589844,4737.436035,34117.36224107637,11623.73244337455,2,2,event
191,4924.102539,4622.05127,37726.25736166995,13653.010596375221,3,2,event
192,5006.666504,4720.0,31661.767835526745,11688.036667710681,3,2,event
193,4918.461426,4695.384765999999,39011.12806025667,14675.660457176238,1,2,event
194,4960.512695,4624.102539,32189.816816496594,8607.493537822838,2,2,event
195,8010.769043000001,5414.3588869999985,2588380.9882553765,58905.43558311177,0,2,event
196,4909.743652,4845.128418,29162.613805083136,16893.711316254994,2,1,event
197,4991.794922,4681.538574,35348.000578244006,12797.623341807108,2,2,event
198,5014.3588869999985,4736.410156,38042.2188970861,12537.709823803527,2,2,event
199,4963.589844,4790.256348,59067.62199920939,46743.4608566989,1,0,event
200,5031.2822270000015,4738.974121,36834.38936951959,15286.328149556492,2,3,event
201,5015.897461,4711.2822270000015,35780.15626455122,13842.530187909453,2,2,event
202,5014.871582,4718.461426,36376.71439986174,14979.112741782516,3,2,event
203,4772.307617,4497.94873,16115.173363407115,4124.298035015892,1,2,event
204,5038.974121,4729.743652,61681.18147607203,28427.432006375595,2,2,event
205,5046.666504,4720.0,32584.029398622806,11472.887825761334,2,2,event
206,4942.05127,4669.743652,40237.47332817108,17734.639122536286,2,2,event
207,4981.538574,4703.0771479999985,22553.448041184758,9838.67170898473,1,1,event
208,7916.922852,5227.692383,1455351.1568744767,37614.17290711237,2,2,event
209,4896.410156,4644.615234000001,30372.173662692483,10719.896423660926,1,1,event
210,4999.487305,4662.05127,32549.5402762951,11118.379333098446,2,2,event
211,7962.05127,5236.410156,2353023.4577889116,44869.56735627732,0,2,event
212,5038.974121,4728.205078,35214.27297572064,12933.563984787748,2,2,event
213,4893.333496,4704.615234000001,33162.863497201986,13322.442637464575,2,2,event
