,AF3_max,AF4_max,AF3_kurtosis,AF4_kurtosis,label
0,7867.692383,6775.384765999999,7.636713085338995,11.096605306382504,event
1,7903.589844,6857.94873,4.699941244662652,9.787262436190144,event
2,5900.0,4894.3588869999985,8.733608381350454,7.167370450841958,event
3,4923.0771479999985,4674.3588869999985,4.781765563549109,3.6358590187348225,event
4,8023.589844,5321.538574,6.086605887956891,11.459747680953587,event
5,8023.077148,5315.384765999999,4.648219910548255,8.501725919163814,event
6,8067.179687999998,5215.384765999999,4.604707795561,3.8557421593329915,event
7,7877.94873,5661.538574,11.660342674237606,5.0397515223495635,event
8,7972.820312999998,5343.0771479999985,6.224887260596137,10.311737945743337,event
9,5043.0771479999985,4782.05127,1.106064066839049,1.503195274448788,event
10,7957.436035,5285.128418,5.556175741594071,9.40912468895315,event
11,5003.589844,4757.94873,5.965262115831049,5.204417623782158,event
12,4900.0,4680.0,4.930791402344534,6.247160349859497,event
13,7903.077148,5641.025879,10.042279734684952,14.78963453250596,event
14,7858.974120999998,6750.256348000001,7.059096593042616,11.04911234111058,event
15,6317.94873,4929.743652,15.604881640906473,9.79721261536993,event
16,7887.179687999998,6187.692383,7.395595852205279,13.75404104616032,event
17,5284.615234000001,4839.487305,1.5523947442478159,1.8422246028438982,event
18,7856.922852,5475.384765999999,9.975302890183844,3.626132810820689,event
19,8043.589844,5101.538574,12.707584748897409,3.056456196890095,event
20,5050.769043,4712.307617,1.1512255010255048,1.4703577170063777,event
21,4941.025879,4758.974121,0.024084032370553565,0.4885131226282047,event
22,5067.692383,4704.615234000001,8.686167376297655,6.293387415109374,event
23,7965.641113,5674.871582,3.6668379802604445,7.2433352739897785,event
24,5036.410156,4748.205078,4.07784016283812,4.628344948351612,event
25,5012.820313,4750.256348,1.4358922334569262,1.9306713988497255,event
26,7909.230956999999,5014.3588869999985,7.485759377477834,9.253669276983645,event
27,5790.256348,4605.128418,17.506834782092472,2.3166699824769506,event
28,7869.743651999999,5886.666504,5.641397480056385,11.033663604867554,event
29,7883.077148,5119.487305,9.850838104474931,9.954658872937301,event
30,7862.05127,6178.461426,5.537559340094985,2.5846016009473742,event
31,7980.0,4993.333496,8.82319688034539,8.956583476199764,event
32,7845.641113,6341.025879,11.973992793468849,8.690753160057422,event
33,7907.692383,6168.205078,5.079921671864273,10.183508993772099,event
34,7637.94873,4801.538574,19.495709968981277,9.854623173102437,event
35,7857.94873,5208.7177729999985,14.176716926049336,0.40000128067826957,event
36,5139.487305,4799.487305,0.9615864707224899,1.3993046342093391,event
37,5363.0771479999985,5000.512695,9.773071847335922,9.320888962073871,event
38,7986.666504000002,4676.9228520000015,11.842747050510448,1.115602171933146,event
39,5129.743652,4777.436035,6.146969473296348,4.29926588406662,event
40,4944.615234000001,4649.230957,4.507777648182706,3.7394978433125035,event
41,7830.769043000001,5804.615234000001,12.69589389747995,5.44007248531018,event
42,7941.025879000002,5600.512695,2.322241826014272,7.974113464993865,event
43,4946.153809,4722.563965,0.5010972037144068,0.8891260376607906,event
44,5013.846191,4732.820313,8.41890727495598,7.7971918649773215,event
45,7872.820312999998,7058.461426000002,6.039000838836813,11.970263244148445,event
46,7908.717773,7472.307617,4.958923462684421,12.477029345914119,event
47,7927.692383,5364.615234000001,4.282108212632452,7.548485951874595,event
48,7883.077148,5963.589844,5.826545000373381,10.034499120239882,event
49,7975.384765999999,5270.769043,6.130381223202834,10.51398674735624,event
50,7876.410156,5161.025879,6.344628406710717,11.171876939639112,event
51,5010.256348,4735.897461,3.6553204176705734,3.1003702580579136,event
52,5029.743652,4727.179688,-0.7301015737015981,-0.6625591469836012,event
53,7877.436035,6248.7177729999985,4.441791371641124,7.193623347731357,event
54,5510.769043,4791.794922,12.058944906575023,11.864013698018178,event
55,5043.589844,4766.153809,3.7319521592920575,3.2826376466006195,event
56,5132.820313,4799.487305,3.122964259854564,3.356938987440212,event
57,5004.615234000001,4768.205078,0.8964567774459984,1.7505940173260681,event
58,5015.897461,4752.820313,4.981093190558608,5.088772557203482,event
59,5074.3588869999985,4778.461426,1.3118080545401938,1.7127135065156827,event
60,6171.2822270000015,4868.7177729999985,9.86020365166205,6.697291857202803,event
61,7852.307617,6192.820313,5.76022668952667,9.854795083533041,event
62,7782.563965,5238.461426,0.055954585461976514,1.4543312635705306,event
63,5125.6411130000015,4746.153809,7.796843021349151,8.026550795943448,event
64,6803.589844,5121.025879,14.968342218205562,1.8977671934956106,event
65,5100.0,4796.410156,-0.07304091379793132,0.2016849466235886,event
66,5083.589844,4616.9228520000015,7.2824517628832535,6.821833111984173,event
67,4866.153809,4626.153809,3.526157186573233,3.3068009291182223,event
68,5221.025879,4801.538574,7.567801193520998,6.435083776908735,event
69,5054.3588869999985,4745.6411130000015,-0.4026321771599122,-0.31334883645607814,event
70,7966.153809,5364.102539,6.184012216563982,10.616863273903142,event
71,7909.230956999999,5292.307617,4.818370136947163,9.345516145217102,event
72,5046.666504,4763.0771479999985,10.909090002782028,10.474280207385522,event
73,4898.461426,4589.230957,-0.6525584328751792,-0.4848374015713173,event
74,5204.102539,4861.538574,6.140630927980649,6.0933399923448,event
75,5396.9228520000015,4773.333496,9.094975960043463,8.065361080291321,event
76,7851.282227,5977.94873,6.101769221517063,4.945469394666518,event
77,7894.358887,5064.615234000001,9.55240656681581,6.731967428374466,event
78,5989.743652,5118.974121,13.327089942547047,8.672861531396107,event
79,4953.333496,4674.871582,6.717616482803191,3.638596454258204,event
80,4908.7177729999985,4677.436035,3.0552515651492707,2.3904348645765925,event
81,7893.333495999998,6681.538574,4.517217533641335,8.329436129864586,event
82,6931.282227,4871.2822270000015,22.243034678934595,11.91594237962237,event
83,7854.358887,6605.128418,6.592493750336335,10.632596414401323,event
84,7874.358887,6996.410156,5.181501991786151,13.087892233916467,event
85,7853.846191,5397.94873,11.238678588925954,7.86983563673156,event
86,5040.0,4747.692383,7.158355133352149,7.95388288956239,event
87,7534.358887,4939.487305,18.882540531725372,12.751492830900801,event
88,5025.6411130000015,4739.487305,2.3458884269658453,2.736126775834137,event
89,5565.6411130000015,4835.897461,5.808269014629399,4.7983218191113135,event
90,7871.794922,7155.384765999999,8.403952132065701,14.013955764010538,event
91,4929.743652,4722.05127,5.61455691451345,7.110403067783812,event
92,4980.512695,4771.794922,0.8330583453233404,1.3745600184114446,event
93,5055.897461,4703.0771479999985,6.94063524965002,6.393344650906862,event
94,7870.769043000001,7171.282227,7.132086695763704,15.14473552119987,event
95,7862.05127,6016.410156,3.569954149816623,5.7157384803952915,event
96,5048.205078,4786.153809,1.5793478825254477,1.978017132486614,event
97,7982.563965,5521.025879,4.777505394557306,10.572258790723353,event
98,7935.897461,5766.666504,9.337883838864277,13.666462057986344,event
99,7845.641113,5035.897461,13.570634537953307,10.192654238249737,event
100,4880.512695,4711.2822270000015,1.7999586493631137,3.847784109978817,event
101,7883.589844,5094.3588869999985,9.337854623485738,12.792721585103227,event
102,7938.461426000002,5335.384765999999,4.210940212176919,12.80864974311271,event
103,7864.102539,5620.0,5.712360036626064,7.257402907965199,event
104,7894.358887,7277.436035,7.503591724799044,15.572767432023241,event
105,4995.384765999999,4662.563965,6.165038189121955,5.938394668000557,event
106,6989.743651999999,5262.563965,12.769490253482106,6.998635975370803,event
107,7854.871581999999,6615.897461,6.931907106407607,9.948731437831402,event
108,7852.820312999998,6281.538574,5.545895737989859,7.915446852083731,event
109,5100.512695,4794.3588869999985,1.9266002213253515,2.3021419530792055,event
110,7862.563965,5882.563965,4.341261679364932,5.43147557727014,event
111,5168.7177729999985,4802.05127,1.778938388470248,2.4597712095192596,event
112,7877.436035,5914.3588869999985,5.698312788810107,6.790534711146494,event
113,7851.282227,5438.974121,6.079242649412281,3.7094105879026866,event
114,7964.102539,6073.846191,3.3863678728189432,12.141562029947782,event
115,4899.487305,4617.436035,4.627776201947802,5.723407291402786,event
116,5010.769043,4736.410156,5.076475960453246,4.618897187977006,event
117,8002.563965,5141.025879,4.792429241505544,7.39526020447102,event
118,7880.512695,5452.307617,1.952176843050859,5.014164239898641,event
119,5013.846191,4735.384765999999,8.115364872312867,7.554060171101247,event
120,7861.025879000002,4984.615234000001,7.162738821569546,3.0065367759822665,event
121,7893.846191,5842.05127,3.191473239407086,4.660050304319114,event
122,7877.94873,5727.179688,6.877276448528576,10.176633785174358,event
123,7884.615234000001,5686.153809,5.821351176198554,4.789186015712561,event
124,7758.974120999998,6360.0,3.9146689903278995,8.460653458708666,event
125,5035.897461,4702.563965,5.847401459183127,6.333692419257215,event
126,7882.05127,6350.256348,9.01280974808038,13.888814833943751,event
127,4991.794922,4777.436035,-0.12093321407866497,0.132953851024479,event
128,5323.0771479999985,4593.333496,15.5396395373641,4.669465601929741,event
129,7876.922852,5893.846191,18.207012225190688,12.30606018537382,event
130,7895.384765999999,4984.102539,9.320770488204847,7.247541929933487,event
131,5014.871582,4717.94873,7.664252437529564,6.627884338027176,event
132,5007.179688,4780.0,3.7426556108030917,4.032859676257921,event
133,5518.974121,4970.769043,12.99422619233522,11.316470542870377,event
134,7989.230956999999,5560.512695,5.04968673091687,9.355730811446604,event
135,7814.358887,4868.7177729999985,8.11785583546314,6.352321706168498,event
136,7975.897461,5330.256348,5.5522131486687645,9.656146208083939,event
137,7933.333495999998,5222.563965,7.8547854591693635,13.490319832166133,event
138,7823.589844,6580.0,5.539510070152074,9.602640096823219,event
139,4961.025879,4686.153809,3.156294211583056,2.7469534623755667,event
140,4952.820313,4647.179688,10.76719001864355,10.452312389708716,event
141,4925.128418,4678.974121,3.5062540467377366,2.5397762191467637,event
142,7977.94873,5195.384765999999,9.901177873896687,15.16871930977831,event
143,7872.820312999998,5419.487305,4.125232795865992,11.200305008757597,event
144,7346.153809,4903.589844,16.54911468513856,10.472251219463288,event
145,7871.282227,6902.05127,5.313866622502431,10.47559355259867,event
146,5163.589844,4798.461426,8.326010151575604,6.478575864934916,event
147,7848.717773,6388.205078,6.244243182039547,10.254750684231418,event
148,7878.461426000002,5590.769043,3.9743595917112158,8.843262933530006,event
149,5074.871582,4794.3588869999985,4.792262857653382,5.1097990142787815,event
150,7888.205078,5247.179688,8.750979463465383,0.9439194595897571,event
151,5102.563965,4778.974121,7.071162332507022,6.127457257599589,event
152,7867.179687999998,6424.615234000001,6.7222412894851225,9.497465977927252,event
153,7945.128418000001,5558.974121,5.87034716904218,11.685171617659604,event
154,5115.897461,4692.307617,0.6097040242899863,0.8006060677053202,event
155,5049.743652,4681.538574,5.327960658034938,6.54733981152596,event
156,4883.589844,4632.820313,5.46019736941704,4.688747989912383,event
157,4904.615234000001,4657.94873,5.4861005861755014,4.677050105632229,event
158,5055.897461,4777.94873,0.18774680266760013,0.5592251173711458,event
159,7950.769043000001,5320.0,6.966914215553384,10.273501898304687,event
160,5954.3588869999985,4708.7177729999985,14.817752146795424,6.271394074478806,event
161,7994.871581999999,5047.692383,5.180478771490801,5.487740406440492,event
162,7883.589844,5107.692383,10.211007983610244,12.539595523807549,event
163,7871.282227,6521.538574,3.9793759658426135,9.782322716914354,event
164,7883.589844,6943.077148,1.1253671781834784,4.118734310980715,event
165,5085.6411130000015,4795.897461,0.289007529847352,0.6097315627663455,event
166,4996.9228520000015,4670.256348,3.7846933325276133,3.286597175484726,event
167,4958.974121,4649.743652,8.230536416980284,5.703998184032214,event
168,7885.128418000001,5622.05127,8.054468593727274,13.008528016691791,event
169,7866.666504000002,6893.846191,3.892834857566272,7.768040833474748,event
170,5071.794922,4658.461426,7.2109747457779925,7.431148107614291,event
171,4935.897461,4706.666504,7.103670536486089,5.661238856458645,event
172,7903.077148,5115.897461,7.172698342971106,9.34161310571163,event
173,7872.820312999998,7205.128418000001,3.500709903021469,8.315065292248715,event
174,5142.563965,4825.6411130000015,0.5995449892605764,1.0549320398395405,event
175,5030.769043,4671.794922,10.499510362027115,7.604774211832764,event
176,4975.897461,4678.461426,5.683386867580994,5.180852350704006,event
177,4799.487305,4617.436035,2.9724105551131217,3.011212341384332,event
178,7963.589844,5294.871582,5.319559117055389,9.10426544003646,event
179,5015.384765999999,4732.820313,3.068254118310543,3.160127790996796,event
180,4949.743652,4658.461426,9.719747746981744,9.806711264018837,event
181,7945.641113,5171.794922,6.177490217793196,10.681921662374197,event
182,5068.205078,4791.794922,2.5348020867505063,2.7818244945934643,event
183,7893.846191,7329.230956999999,4.465691011305664,8.90770700284068,event
184,8098.974120999998,4877.436035,5.520350045044573,2.6649733649074037,event
185,7925.641113,5914.3588869999985,6.319051012982486,12.51240455438865,event
186,4929.230957,4660.0,6.538137646282516,5.493019200635205,event
187,7914.358887,5188.205078,8.36327874493622,11.23601989362484,event
188,7869.743651999999,6714.871581999999,6.3653285090687515,9.903752034392339,event
189,7875.897461,6827.692383,8.979240869821725,15.673132168478883,event
190,7908.717773,5030.769043,7.789115080928026,8.085095949634699,event
191,5768.7177729999985,4803.589844,10.774285292688702,6.373804740731821,event
192,5207.692383,4833.333496,1.5994955150870407,2.363710907452538,event
193,4976.9228520000015,4715.384765999999,6.619454575805433,5.690061748978632,event
194,5114.3588869999985,4789.743652,4.943789802246937,4.982813681343734,event
195,7867.179687999998,6935.897461,6.045322179352617,10.89390280019876,event
196,4940.512695,4707.179688,6.393752365017713,5.66339067318286,event
197,4927.179688,4683.589844,5.441541238227034,5.0218194209361915,event
198,7991.794922,5119.487305,9.258510990436902,10.765622879218363,event
199,7849.743651999999,5872.307617,7.950348365351772,11.6183086287144,event
200,5227.179688,4813.846191,12.822994620394422,10.767555570361319,event
201,7946.153809,5466.153809,4.823047115321578,11.73428823903791,event
202,7795.897461,4938.974121,18.846877854018004,11.282969325385091,event
203,7792.820312999998,4925.6411130000015,17.84890679310153,9.194563134864575,event
204,8045.641113,5637.94873,3.781153681997269,7.332364708414342,event
205,7958.461426000002,5153.846191,5.055977172682159,7.60591288951227,event
206,7947.692383,5496.410156,4.871653965190568,13.29929181928065,event
207,4988.7177729999985,4665.128418,7.892806422753555,6.182883841055197,event
208,5018.974121,4707.179688,3.6491429027969966,4.022936390668497,event
209,7920.0,5548.7177729999985,3.833869297694513,7.543498261863949,event
210,7851.794922,5634.871582,10.244453114547523,3.831678905094341,event
211,5114.871582,4800.512695,1.9284417260050066,2.6191054302971697,event
212,4932.307617,4715.897461,7.237243810640624,6.641041308657334,event
213,7876.922852,5065.128418,11.321168860071445,8.947662092546711,event
214,5016.9228520000015,4731.794922,0.26912094263686814,0.4730394544358778,event
215,4902.05127,4663.0771479999985,3.779892600046094,2.8874052837407076,event
216,7821.538573999998,5189.230957,11.114483743440848,6.996274243898341,event
217,5581.025879,4517.94873,10.083591254329946,-1.4238545378470482,event
218,4901.025879,4614.871582,4.765831350570796,3.7354464041059305,event
219,7859.487305,7080.512695,4.957758492522596,10.979081785545763,event
220,5802.05127,4794.3588869999985,16.65252643861523,11.366296118325314,event
221,7884.615234000001,5437.94873,5.061907781101889,12.115574845336436,event
222,7881.538573999998,5474.3588869999985,3.2012485834192415,9.74527756608775,event
223,7861.538573999998,5950.769043,9.697187348070567,9.34965770359891,event
224,7769.230956999999,5462.05127,16.520120910409805,11.526196033679765,event
225,7862.563965,6917.94873,4.54914978385479,11.9812522004657,event
226,7907.179687999998,6358.461426,7.55736573740332,12.602634745694935,event
227,6635.384765999999,4912.307617,14.812332147237726,8.723457242729081,event
228,4968.7177729999985,4700.512695,3.845519331295474,1.7363757045292534,event
229,7955.384765999999,5174.871582,9.273452408459313,11.517788233404994,event
230,5075.384765999999,4802.563965,3.523574333745363,4.3952828828862085,event
231,4997.436035,4682.563965,6.630749368269395,5.248922164729487,event
232,7873.333495999998,7050.769043000001,4.145076124226314,12.65099709528777,event
233,7901.538573999998,6055.384765999999,5.5039705983449085,2.447955684549677,event
234,4898.974121,4619.487305,8.46592732574479,8.869098289052747,event
235,7925.128418000001,6006.666504,5.813624505121222,12.135670698662535,event
236,7846.153809,5305.128418,8.34555246008863,1.109386728958321,event
237,7887.692383,5125.6411130000015,8.789445779979685,18.82505244520703,event
238,7905.641113,5829.230957,2.5871614998649353,10.814154540387646,event
239,4821.538574,4632.820313,5.255510341747151,4.382519311785253,event
240,5023.0771479999985,4744.102539,3.5217619816486634,3.8381948334309275,event
241,7954.358887,5085.6411130000015,7.066202600696936,5.0631262689443055,event
242,7830.769043000001,5325.128418,13.034604340526165,3.4353034569356,event
243,5115.897461,4847.179688,9.883133351166565,9.936274378442741,event
244,7949.230956999999,5170.256348,4.844257742862502,8.300862971951533,event
245,4994.871582,4725.6411130000015,4.0036493633139125,3.489852237912107,event
246,7926.666504000002,5147.179688,6.968170838997484,9.960414899776618,event
247,4915.384765999999,4677.94873,2.7967671027284133,2.09645997200772,event
248,5125.6411130000015,4756.410156,-0.8896445862555677,-1.4458791644401376,event
249,5139.487305,4764.615234000001,7.26056906380286,7.047886830695292,event
250,4929.743652,4681.538574,6.932871208451061,5.969398394077954,event
251,5102.05127,4806.666504,1.540512748182039,2.0587932935324065,event
252,7921.538573999998,5192.820313,4.839493067808972,5.4708123886069675,event
0,7739.487305,4466.666504,11.411865413977294,2.563689961798607,event
1,7823.077148,4621.025879,5.343142919848907,5.13205948589793,event
2,7783.077148,4500.512695,8.744760323879898,2.498611201865372,event
3,5938.974121,4464.102539,10.096022482214023,2.955896444684063,event
4,6902.05127,4724.102539,1.977708838976394,1.737235622249405,event
5,7881.538573999998,6549.230957,1.916658032642892,9.01540177366974,event
6,7738.974120999998,4455.384765999999,10.224426057056437,2.756212090890285,event
7,7308.205078,5406.666504,11.278517201977513,5.870239787228819,event
8,6397.436035,4516.9228520000015,0.7324015185520785,-1.2514579914536335,event
9,7855.384765999999,6157.94873,2.6606646918215775,11.816094016218393,event
10,6576.9228520000015,5558.461426,13.255470149191968,12.190729875466596,event
11,6721.538573999998,4394.3588869999985,2.217176074775203,2.40444210133277,event
12,7907.179687999998,6056.410156,3.514437244718377,9.416560030274702,event
13,7860.512695,6160.0,3.5095042223504866,10.664827950339747,event
14,7889.230956999999,6109.743652,3.230601326503308,13.448407588702853,event
15,7333.333495999998,4503.0771479999985,13.556856971438691,1.038324234777773,event
16,7890.769043000001,4459.487305,3.3274975273663614,1.7071236989663712,event
17,6476.9228520000015,4580.512695,1.0516414098995037,-0.28295371176814843,event
18,6417.436035,4507.179688,1.1701559656924303,1.0622393047072345,event
19,7874.871581999999,6332.307617,4.9329222113577345,13.676906056798678,event
20,7876.410156,5938.974121,6.4938223604758765,14.352210209616004,event
21,7884.102539,6204.102539,3.3564571248549617,13.152082698855079,event
22,4909.743652,4577.94873,7.951755400527752,3.092720296780403,event
23,7912.820312999998,6275.384765999999,1.8147071568035598,7.5993600699009125,event
24,7857.94873,4543.0771479999985,7.565480826019156,7.01512685627779,event
25,6981.025879000002,4569.230957,13.755390760014048,4.568545713779614,event
26,7831.282227,4518.974121,8.751070826971512,4.641212791513841,event
27,6082.563965,4509.743652,13.038719917173122,3.54138261454996,event
28,7860.0,6170.769043,2.218866011769263,8.163236320002135,event
29,6980.512695,4694.871582,1.0911865638531895,2.378433580022592,event
30,7882.563965,6076.9228520000015,2.827490687002017,10.738723097195855,event
31,7514.358887,4485.128418,7.256915126906074,0.05699141872606628,event
32,7430.769043000001,4452.307617,11.144077967189157,3.7242749685209495,event
33,5072.820313,4442.563965,8.108607875359906,1.0570583275796501,event
34,7881.538573999998,6014.3588869999985,2.611460086138801,7.40225933444901,event
35,7835.384765999999,4518.974121,5.930634363483815,3.9369532516383954,event
36,7885.641113,5743.589844,4.7226744656351896,8.764625559811362,event
37,7893.846191,5731.2822270000015,6.268672246421952,15.990149678435436,event
38,6637.436035,4680.0,1.5673395936398027,3.4433870932732145,event
39,6730.769043000001,5506.153809,11.333228488351509,12.17202210406321,event
40,7327.692383,4475.384765999999,13.659574648471944,2.969328098526545,event
41,6231.794922,5346.153809,5.874438550169835,8.607999869629914,event
42,7878.461426000002,6116.9228520000015,3.262641144927514,11.665917543598576,event
43,7851.794922,4489.743652,6.435232446099469,3.59145484482197,event
44,6502.05127,4615.897461,0.6657169667109457,-0.3072898663915744,event
45,7873.846191,6177.436035,3.388743152604773,11.937257845971082,event
46,5853.333496,5145.128418,5.044700683193653,8.752306724312726,event
47,7838.974120999998,4508.7177729999985,10.400312239606098,4.134584368429036,event
48,7868.717773,4530.256348,6.528682691494209,7.427609761534656,event
49,7872.307617,4472.820313,6.409857043040887,4.8128488581030915,event
50,7824.615234000001,4479.487305,7.754570947370526,0.7852921710377112,event
51,7809.743651999999,5800.0,6.019603209419396,7.9247041893146175,event
52,7899.487305,6415.897461,3.146142721290012,12.47519444942749,event
53,6536.410156,5711.794922,7.460342328183707,9.911680850708377,event
54,7900.0,6167.692383,2.0472673276953612,7.659053582112769,event
55,7458.461426000002,4492.307617,13.046349565222094,4.653841239637572,event
56,7853.333495999998,5736.9228520000015,3.7808963635280053,12.406442071025541,event
57,7397.436035,4484.615234000001,10.652582208081483,1.5130722439014184,event
58,7870.769043000001,6114.3588869999985,2.0133483992282564,9.257270824232405,event
59,7852.820312999998,4437.436035,7.300198960235644,3.7699867317890634,event
60,7902.05127,6594.3588869999985,3.1765085314201684,12.342422356029077,event
61,7744.615234000001,4450.769043,7.849441721435278,3.705284264737804,event
62,7877.436035,6165.128418,2.6032272139454156,8.60021647642217,event
63,7870.256348000001,6097.436035,2.5475530624700626,9.597490434009787,event
64,7842.563965,4509.743652,10.729885195371205,4.631264258519542,event
65,7899.487305,5735.384765999999,3.5616187702142073,8.003015980342717,event
66,7396.410156,4491.2822270000015,4.547368463519309,2.4081700050995307,event
67,7810.256348000001,4510.256348,4.019094402302639,2.337621021826121,event
68,7878.974120999998,4473.846191,7.697661851491741,4.5673287438516965,event
69,7884.615234000001,5873.846191,3.4964405324910874,13.55681519658177,event
70,7926.666504000002,6180.0,4.450959445281948,12.035723015016424,event
71,7304.615234000001,4464.615234000001,9.279873820812766,3.5865301160143277,event
72,7805.641113,4468.7177729999985,6.823405564151207,5.5735925182535215,event
73,5701.538574,4548.205078,13.151783054429767,2.0042773029169307,event
74,7853.333495999998,4491.2822270000015,6.515270641726589,4.882269428568683,event
75,7376.410156,5695.384765999999,10.478386598426209,10.191074483582542,event
76,6743.077148,4787.179688,1.1915715069570991,3.355062618938538,event
77,7888.717773,6132.820313,4.159610097403406,12.859790981406949,event
78,7873.846191,6223.0771479999985,1.9839800371867575,8.592338695781264,event
79,5215.897461,4503.0771479999985,6.095621264231635,3.9981128589107877,event
80,5660.0,4443.589844,9.283792756265324,1.4650387916620913,event
81,7874.358887,5529.743652,2.7924173226234474,6.292230495317355,event
82,7855.897461,4563.589844,5.889082789114685,3.218097393543326,event
83,6797.94873,4743.589844,0.6007609009438113,2.979348989035249,event
84,7809.743651999999,4485.128418,6.999125922704046,3.6787732200567618,event
85,6580.512695,4632.307617,1.3781598377234099,0.8294162291863652,event
86,7745.128418000001,5536.410156,9.831191561868879,10.637842060793558,event
87,6205.128418,5585.128418,8.653139233542667,11.150855948981532,event
88,6675.384765999999,4707.179688,1.194291745189739,2.3923586369549064,event
89,7854.358887,4543.589844,5.646819649157544,4.361002530218704,event
90,7869.743651999999,4475.897461,6.0631179120412835,2.3155897910823136,event
91,7900.512695,6258.974121,2.451925506959567,9.819010825270258,event
92,6298.461426,4500.0,1.1591860871106459,-0.8931574263910487,event
93,7805.641113,4461.538574,8.774897561671112,0.7206712029628961,event
94,5952.307617,5375.897461,5.436837151327058,8.341214103210849,event
95,6245.6411130000015,4525.6411130000015,0.9981239006472968,-0.7397409553832826,event
96,5818.974121,4812.820313,5.110910067447628,-0.2833022227477655,event
97,6665.128418,4616.410156,3.2639182093250785,3.1753013355086344,event
98,7824.615234000001,4491.2822270000015,7.9562349484693975,3.4038213737020007,event
99,5816.410156,5177.436035,7.161847103997143,10.964084971214264,event
100,7842.05127,4548.7177729999985,10.17952007075263,5.753015117626163,event
101,7893.333495999998,6275.384765999999,2.5356944385255757,10.141463172987644,event
102,7868.205078,6297.94873,3.679786297034089,12.070503584672668,event
103,7829.230956999999,4490.769043,10.467887998741736,2.725768353038782,event
104,7853.333495999998,4555.384765999999,7.409362029458233,5.196788016971068,event
105,7257.436035,4728.205078,0.7655528930234605,5.009437514925711,event
106,7822.563965,4494.3588869999985,7.667372721578387,4.040256434352144,event
107,7526.153809,4453.333496,12.137184168259166,3.3270104973183985,event
108,7879.487305,6052.820313,3.3024680555244466,14.420525945339023,event
109,7394.871581999999,4438.974121,14.943849272407864,1.6975130407648162,event
110,5943.589844,5267.179688,7.932362723520361,11.70565075478407,event
111,7890.256348000001,4488.7177729999985,3.8644991249008163,2.646119089254184,event
112,7897.436035,5749.230957,3.519399854810898,14.092967984509102,event
113,7869.230956999999,4482.563965,8.649760316718464,3.515826608477991,event
114,7885.128418000001,4787.179688,7.03635820791148,7.079816895711685,event
115,7298.974120999998,4513.846191,13.868462632279652,3.4893212156181215,event
116,7880.0,4579.487305,8.856040758100304,3.3565545358965614,event
117,5452.820313,4504.615234000001,9.291409621273502,0.8487261245820443,event
118,7852.307617,4476.9228520000015,8.957413375164458,2.8517995474440077,event
119,7825.641113,4578.461426,9.564101160065562,6.82108576533974,event
120,7826.153809,4503.0771479999985,6.498375705167835,3.4650733845653567,event
121,7825.641113,4615.897461,7.076074538394993,6.014970973449801,event
122,5933.846191,4898.974121,6.202659699041041,10.318497960066207,event
123,7860.512695,5902.05127,5.052145109030503,13.152898009225265,event
124,7853.333495999998,5526.153809,3.694230592785403,7.990666465491541,event
125,7884.102539,6314.3588869999985,3.489845715393126,12.368569786754957,event
126,7302.563965,4509.230957,13.02282222315786,3.731605233843358,event
127,7873.846191,5903.0771479999985,6.610574492424078,11.024448429749512,event
128,7854.871581999999,4465.128418,9.597604354300119,2.942695705923849,event
129,7878.974120999998,4958.974121,4.207837305510908,2.771004587342344,event
130,7811.794922,4445.128418,7.8760393192023574,2.5024462104712746,event
0,4675.897461,6878.461426000002,12.234439079759087,22.14779121230038,event
1,4616.410156,6418.974121,9.036380776861574,13.24666057477684,event
2,4869.230957,4874.871582,7.8690995028033495,9.430169955836515,event
3,4741.025879,7208.205078,10.790975955015119,11.230374899555756,event
4,4653.333496,7054.871581999999,12.687342081722845,16.98268705094099,event
5,4596.9228520000015,4577.436035,7.724821961096513,7.942847776891368,event
6,4931.794922,6786.153809,4.111090607639475,12.78683518498557,event
7,4585.128418,4502.563965,9.59501704498889,7.653052052666478,event
8,4724.615234000001,4650.256348,14.393264626138375,8.553324483818683,event
9,4773.846191,4763.0771479999985,7.660805947019929,8.521928470616036,event
10,4720.0,4564.615234000001,9.231735498420987,6.610470037627099,event
11,4592.820313,4552.820313,3.940236431631389,4.694213996955655,event
12,4731.2822270000015,4549.230957,3.2526672554568345,6.450591225005121,event
13,4570.256348,6026.153809,10.21642418453138,13.97001398091802,event
14,4546.153809,5863.589844,4.67232646961182,10.699277324984534,event
15,4823.0771479999985,4767.179688,7.2136169195189535,11.55677291988198,event
16,4676.9228520000015,4455.384765999999,2.043783978054834,1.9375618026340655,event
17,4608.7177729999985,4589.743652,8.598596426371813,8.25630929665891,event
18,4570.769043,4568.7177729999985,5.938430869334956,9.20333389345602,event
19,4772.820313,4562.05127,6.627575662839348,3.2461205531464894,event
20,4606.666504,4548.205078,8.333531615653083,6.445774016071878,event
21,4567.692383,4503.0771479999985,4.564637459945486,3.6715058789391586,event
22,4793.846191,6836.922852,10.874684226253798,15.932410193930279,event
23,4678.974121,6189.230957,11.674842931877443,11.792314272877155,event
24,4870.769043,6953.333495999998,9.246802028943614,17.707225152383447,event
25,4630.256348,4554.871582,8.824587398737497,6.98003761849635,event
26,4537.436035,7045.641113,10.001194537849244,12.913658016686567,event
27,4654.871582,5529.743652,6.277405687153182,13.863143450150979,event
28,4657.94873,4648.7177729999985,2.2931753749606516,3.6388296501365733,event
29,4715.897461,7086.153809,10.829973439212392,21.412850824438095,event
30,4676.410156,5303.589844,8.413980338901567,12.772631551052886,event
31,4536.410156,4578.461426,8.17523408504782,8.029818406459109,event
32,4594.871582,5660.512695,2.3999192582925866,10.50020289697685,event
33,4727.179688,4634.3588869999985,5.158311594234162,2.3553072837368747,event
34,4520.512695,6204.102539,11.685619946520434,12.90106208366649,event
35,4766.153809,7475.384765999999,14.078632484553587,10.463295389771357,event
36,4733.846191,5424.615234000001,9.714571762685338,16.737228503321,event
37,4556.410156,4609.230957,7.212705154136096,8.28606851936152,event
38,4762.05127,4672.820313,7.028146027362881,6.847796069228256,event
39,4727.692383,4607.692383,17.025047786811296,11.24035301344875,event
40,4551.794922,4574.3588869999985,3.4428140844174093,3.7785911294407732,event
41,4734.3588869999985,6409.230957,13.334900924303913,21.497059868463758,event
42,4596.410156,4495.897461,1.1362059669989968,2.4567176299171667,event
43,4819.487305,5475.384765999999,11.76809014949964,10.786343805388213,event
44,4947.179688,4687.692383,6.059329257867027,4.3260458701849895,event
45,4653.846191,4512.307617,2.899206869568763,4.937961226706681,event
46,4611.794922,7428.205078,9.456329136478425,11.785000719247916,event
47,4811.2822270000015,5286.153809,12.055704659707265,9.345410311115613,event
48,5139.487305,4876.9228520000015,9.599034691826253,8.463447640578698,event
49,4597.94873,4462.563965,1.7760132554072698,3.0435990639156327,event
50,4743.0771479999985,4536.9228520000015,14.532228706460472,7.025514962494487,event
51,4465.128418,6023.0771479999985,3.3809928991450295,11.584333085132727,event
52,5194.871582,4842.563965,5.28541801947269,2.5291762454047495,event
53,4538.974121,4527.179688,0.7625928854657102,3.4149405996219295,event
54,4568.205078,6126.666504,8.959796616519865,14.22359267936121,event
55,4680.0,6208.7177729999985,10.140685829862797,13.921855949190196,event
56,4698.461426,4671.2822270000015,6.185573414271266,4.484253803170526,event
57,4669.743652,4595.384765999999,5.9120094573382005,4.62481654483863,event
58,4928.205078,6520.0,9.945584918241154,20.961869082906485,event
59,5076.410156,7068.717773,14.2200997326655,18.605941165679948,event
60,4786.666504,4627.692383,14.549591540619044,11.073237851834817,event
61,4644.102539,4560.512695,8.665740626934033,4.892905305683379,event
62,4615.384765999999,4393.846191,2.3677994428662172,0.5010625050770514,event
63,4589.230957,7185.128418000001,10.915271589684378,9.769785232115058,event
64,4613.333496,7014.358887,10.97583714433249,7.456035147599348,event
65,4672.820313,7208.205078,5.159444505857076,16.314191072420638,event
66,4598.974121,4616.9228520000015,10.296846762197477,7.562369798757295,event
67,4705.128418,6115.384765999999,10.357063831281977,11.908788995356609,event
68,4631.2822270000015,4623.0771479999985,3.2609489189210645,4.393493912235954,event
69,4718.461426,5901.025879,14.993556271348961,12.867744109006155,event
70,4671.2822270000015,6040.0,13.356274080009385,13.017685512894083,event
71,4700.0,4600.0,10.700909289534769,10.249178594402684,event
72,4742.05127,4664.102539,6.594702372837659,7.693001544655001,event
73,4718.461426,7174.358887,6.927385733456244,11.658907694920565,event
74,4611.2822270000015,4577.94873,1.4307104057732913,3.486218405597475,event
75,4794.871582,5503.589844,12.834576009425582,13.928757666053789,event
76,4624.615234000001,4604.615234000001,5.7871468269049,6.79655051932234,event
77,4555.384765999999,4417.94873,5.481409242306192,3.2309465355351783,event
78,4477.436035,6413.846191,1.6582992784418726,10.19518999776681,event
79,4700.0,4698.974121,10.984990785052013,6.421274222289789,event
80,4651.2822270000015,6221.538574,6.947436618734926,13.163543129336835,event
81,4801.538574,5528.205078,9.769887687894016,14.682543617379391,event
82,4612.307617,4575.897461,7.953066118360747,5.503836999917526,event
83,4720.512695,7072.820312999998,12.852534516454694,21.224172885395056,event
84,5148.7177729999985,7080.512695,14.406067547153823,11.30130797983655,event
85,4878.461426,7212.307617,15.163210342122856,18.196538890121026,event
86,4661.538574,4573.846191,1.45987648061314,1.6677121248877045,event
87,5749.743652,4831.2822270000015,18.728806478192695,11.995384249650803,event
88,4821.538574,7120.0,11.641227218981877,9.336573931252545,event
89,4562.05127,6458.974121,4.77823809872459,10.154303225479188,event
90,4753.846191,6749.230956999999,13.838889363733426,11.60510740926967,event
91,4631.2822270000015,6178.461426,8.481828416060845,13.625437595281499,event
92,4790.256348,5607.179688,14.196243081428745,16.74039328012966,event
93,4641.538574,4543.589844,7.017521553294388,6.535872983441852,event
94,4624.102539,4582.563965,11.107607451148041,9.429443917709477,event
95,4570.256348,5394.3588869999985,8.98947067569087,15.080906968408655,event
96,4660.0,4597.94873,9.938804929966004,8.514877059819247,event
97,4566.153809,5582.05127,2.055278401525203,16.62372437306544,event
98,4646.153809,7418.974120999998,14.204154305128888,14.793575426861725,event
99,5275.384765999999,4927.179688,9.205583749485703,4.199083371339072,event
100,4674.871582,4623.0771479999985,3.775932366222716,5.65383304403421,event
101,4968.205078,5978.461426,12.923460832893142,12.53433067387866,event
102,4573.846191,4581.025879,5.434822630900312,9.454556788356618,event
103,4777.94873,4605.6411130000015,13.538231555407943,7.253268656189125,event
104,5097.436035,4797.436035,12.131605038267223,7.084068552333012,event
105,4637.436035,5663.0771479999985,13.121432334608912,9.90227464778317,event
106,4633.333496,6098.461426,11.80783079277038,25.774966084743788,event
107,4713.846191,7006.153809,7.4201090728465715,10.959498963940128,event
108,4671.2822270000015,6824.102539,9.332989342953766,8.479927318237579,event
109,4611.2822270000015,4566.666504,5.943021549912649,4.770457044620291,event
110,4702.563965,5470.769043,10.152654676109513,14.556195606044247,event
111,4976.9228520000015,5434.3588869999985,5.805895162543459,14.561809749010521,event
112,4725.6411130000015,4627.692383,6.995145588692173,10.066332396530566,event
113,4948.7177729999985,4774.3588869999985,3.321479977987454,3.9121616293110875,event
114,4661.025879,4634.3588869999985,9.925646488567143,8.15235923742726,event
115,4653.846191,4662.563965,6.687686604504638,6.15964761403494,event
116,4514.871582,5783.0771479999985,5.816974524340042,12.621276389449994,event
117,4562.563965,6149.230957,8.110090742300173,13.411108722738488,event
118,4716.410156,6225.6411130000015,10.850245346582774,18.275312048651315,event
119,4744.102539,4413.333496,2.046491024548324,0.521135071186142,event
120,4630.769043,4631.2822270000015,8.178378902807157,5.5896298602041,event
121,4612.820313,4592.307617,9.718765363031187,8.901103188861331,event
122,4550.769043,6932.820312999998,3.1114787446946117,10.213557793355744,event
123,4695.384765999999,7168.717773,13.384551062212111,25.50011476164364,event
124,5326.666504,4754.3588869999985,21.152149046926212,11.88626317098966,event
125,4634.3588869999985,4636.410156,1.7977844456456076,2.0194623209898435,event
126,4901.538574,6976.410156,10.459597002372268,13.567340905917057,event
127,4567.692383,4529.743652,1.5946837961745812,6.965930674543898,event
128,4674.3588869999985,4609.743652,10.25833434078274,8.235310780335022,event
0,4376.410156,4327.692383,1.5552102443721298,0.5162023439073993,baseline
1,4406.666504,4422.05127,-0.049015530839854105,0.43944860291579957,baseline
2,4379.487305,4362.05127,0.054160870979869546,0.6005480735579836,baseline
3,4429.230957,4391.2822270000015,2.4798306609238945,1.3801175527124143,baseline
4,4452.307617,4341.538574,-1.157382445504748,-0.679677407515932,baseline
5,4348.205078,4316.410156,0.2092158212621542,1.9910270210785823,baseline
6,4366.153809,4340.0,-0.21380071599769757,-0.376998914938214,baseline
7,4352.307617,4355.897461,0.04037952568986736,0.2624696445485428,baseline
8,4536.410156,4422.05127,1.6286127394196965,1.34805310234883,baseline
9,4404.102539,4347.692383,0.2368056983843303,-0.5743808396809871,baseline
10,4394.871582,4351.2822270000015,-0.28358821340581875,0.0781997948272104,baseline
11,4361.025879,4335.897461,0.5957204963875733,-0.04913600788053163,baseline
12,4423.589844,4366.153809,2.3578634804911704,4.747532345076655,baseline
13,4356.9228520000015,4336.410156,-0.17272517086611883,-0.2773756683342623,baseline
14,4380.512695,4349.743652,-0.0948666977046071,0.0008691937480644896,baseline
15,4369.230957,4354.3588869999985,-0.0884041350003053,-0.24176298185757172,baseline
16,4420.0,4379.487305,5.27802013426288,6.3696367328563355,baseline
17,4365.128418,4303.589844,-0.9762595209140352,-0.29354954909201814,baseline
18,4410.256348,4343.0771479999985,-0.15028157008292098,-0.11651890150070443,baseline
19,4382.05127,4361.025879,-0.2698220527037556,5.0542755289713455,baseline
20,4393.333496,4351.794922,-0.3394270002819346,-0.28550388055458553,baseline
21,4437.436035,4375.384765999999,-1.1632939862246314,-1.1751624615392655,baseline
22,4377.94873,4357.94873,0.8562411680994204,0.02076190769514419,baseline
23,4375.384765999999,4337.94873,-0.47682666235431626,-0.01688078921349412,baseline
24,4367.179688,4333.333496,-0.004506702407134355,-0.1815966087216525,baseline
25,4377.94873,4345.128418,0.08085609892113066,-0.10668008663156314,baseline
26,4366.153809,4328.7177729999985,0.00145912329422071,-0.15701603451551627,baseline
27,4408.7177729999985,4446.666504,-0.030389747451982085,1.9624834553744415,baseline
28,4402.05127,4430.256348,3.8655465906784543,-1.296459667833827,baseline
29,4403.0771479999985,4391.2822270000015,0.30359256240269383,-0.28399899989641186,baseline
30,4388.205078,4400.0,-0.1875932200140582,-0.1766826270291113,baseline
31,4351.794922,4336.410156,-0.5429440357133215,-0.188127285985896,baseline
32,4359.487305,4336.9228520000015,0.00105923659361995,-0.2721338765368997,baseline
33,4371.794922,4340.0,1.6310427143088653,0.6968882198491575,baseline
34,4818.461426,4705.128418,-0.8649728539754875,-0.8978849577284778,baseline
35,4358.461426,4338.974121,0.010642982497439224,-0.3216252769782191,baseline
36,4345.128418,4326.153809,0.7996116246764222,0.07003505917769504,baseline
37,4416.9228520000015,4369.230957,0.5792064184710721,0.6327404414175177,baseline
38,4374.871582,4375.897461,-1.0385022225917435,-1.4807485252307426,baseline
39,4372.820313,4344.102539,-0.25296575647679287,-0.18184159103717645,baseline
40,4433.333496,4418.974121,-0.982300743750625,-1.2474222769896472,baseline
41,4465.6411130000015,4436.410156,-0.5729586664271191,-0.6342975808395468,baseline
42,4377.436035,4358.461426,0.7079984604884251,2.08516586840019,baseline
43,4344.102539,4305.6411130000015,-0.3647561852904544,-0.3439239806499348,baseline
44,4346.666504,4315.897461,0.34690979954600953,-0.779826385528275,baseline
45,4395.897461,4371.794922,-0.23535180177525827,0.5354398599914423,baseline
46,4432.820313,4442.05127,0.683353898885132,-0.1862748803383063,baseline
47,4403.589844,4344.102539,-0.10378035582920253,-0.22417349686330956,baseline
48,4378.974121,4351.2822270000015,0.40876083539453045,0.03341023125862774,baseline
49,4375.384765999999,4344.615234000001,-0.21713730389457142,-0.4280094308259459,baseline
50,4433.846191,4361.025879,1.6057306732329564,1.0719409829555757,baseline
51,4398.461426,4329.743652,-0.2860023432243204,-0.09478266523487422,baseline
52,4378.974121,4350.769043,0.20248783279143234,-0.05355443816616168,baseline
53,4396.9228520000015,4378.974121,-0.11960812152682809,1.4353295882285155,baseline
54,4384.615234000001,4330.769043,-0.0894015458059223,-0.20349277134158283,baseline
55,4488.205078,4409.230957,0.045493026198561104,-1.1812199690228835,baseline
56,4446.153809,4405.6411130000015,-0.44173438859709035,-0.9952114834469201,baseline
57,4387.692383,4346.153809,-0.43812711906712876,0.34653014456369746,baseline
58,4358.974121,4334.3588869999985,-0.15356085476628767,-0.33323571762212634,baseline
59,4365.128418,4342.05127,-0.45281891265304663,0.070929341165888,baseline
60,4394.871582,4362.05127,-0.008996453670194526,-0.33009715306299947,baseline
61,4360.512695,4332.307617,0.795263697965217,0.039543296766465286,baseline
62,4496.410156,4460.512695,3.0546133662335127,1.244957797521109,baseline
63,4437.436035,4361.025879,1.2358683075017893,-0.154557829160328,baseline
64,4394.3588869999985,4353.846191,-0.2666320703358678,-0.10587390536050778,baseline
65,4398.974121,4429.743652,0.10740027483042613,1.0372195156010386,baseline
66,4416.410156,4371.2822270000015,0.26624738237127676,0.36989815781770785,baseline
67,4373.846191,4349.230957,-0.13346292191671605,-0.12824811470954556,baseline
68,4381.025879,4357.436035,3.8010389873904726,4.230032662918174,baseline
69,4366.666504,4314.3588869999985,-0.607420003513655,0.040932479732392224,baseline
70,4499.487305,4409.230957,9.865408035674685,4.810943679426875,baseline
71,4392.820313,4364.615234000001,-0.2621337420087424,0.039789994590057276,baseline
72,4362.563965,4330.256348,-0.3666271520371507,-0.17285318188280074,baseline
73,4455.384765999999,4391.794922,-0.5591752646892028,-0.06386372161760212,baseline
74,4372.307617,4352.820313,0.1374295478508638,-0.11536325443587048,baseline
75,4374.3588869999985,4354.3588869999985,0.5516006402964222,0.20543936673628904,baseline
76,4371.2822270000015,4327.692383,0.8726353491872856,0.8577823847264354,baseline
77,4433.846191,4406.666504,3.0022313994821763,9.385767392289782,baseline
78,4388.205078,4362.563965,-0.14737961556927193,-0.5242656203331975,baseline
79,4393.333496,4356.9228520000015,-0.3236951642540973,-0.19678125479804187,baseline
80,4404.615234000001,4344.615234000001,0.13903814069115983,0.06370022308173562,baseline
81,4373.333496,4348.205078,-0.29755887635817846,-0.5605322339015353,baseline
82,4363.0771479999985,4344.615234000001,-0.018226874476003907,-0.3688017960938499,baseline
83,4395.897461,4393.846191,1.6034523091229427,3.570258054835483,baseline
84,4360.512695,4338.974121,-0.37042905538497317,0.46036741811780324,baseline
85,4360.512695,4348.7177729999985,-0.4394650093134711,0.15865592325987876,baseline
86,4357.94873,4334.3588869999985,-0.11946483944496133,0.13533761652441667,baseline
87,4385.128418,4329.743652,-0.746570948832328,-0.9374387330556249,baseline
88,4393.846191,4366.153809,-0.33054910264023185,-0.8967031864427746,baseline
89,4384.102539,4350.769043,0.7335818894459849,0.2907083401089574,baseline
90,4390.256348,4358.974121,0.7492073544072411,0.7914241192434468,baseline
91,4231.2822270000015,4242.563965,-0.821507431824342,-1.2321141356797194,baseline
92,4383.589844,4341.538574,-0.2872810738206577,-0.3536447848673152,baseline
93,4385.128418,4326.666504,0.5913805198474735,0.19438617218216558,baseline
94,4377.436035,4345.6411130000015,-0.10691193975322166,0.017408353725601344,baseline
95,4384.615234000001,4335.384765999999,-0.08952915508330994,0.16210810236733142,baseline
96,4397.94873,4387.692383,0.07942996283617543,-0.6302086530826201,baseline
97,4366.666504,4333.846191,-0.5113904620736625,-0.20514220360737445,baseline
98,4373.846191,4340.0,-0.263519714234449,-0.20584220106249873,baseline
99,4440.0,4361.025879,-0.43847434300194355,0.2564784429806557,baseline
100,4386.666504,4345.128418,-0.1821779687567875,1.1618604637753638,baseline
101,4460.0,4394.871582,0.5440447137508784,0.0463298417861453,baseline
102,4370.769043,4345.128418,-0.04267475478000993,-0.1328340619845152,baseline
103,4408.7177729999985,4342.563965,-0.3566068487079326,0.01337147257814042,baseline
104,4384.102539,4350.769043,2.5776762691671244,0.35392121287857137,baseline
105,4385.6411130000015,4361.538574,0.1632214401372356,-0.2134875504483138,baseline
106,4472.307617,4382.563965,0.9919961951848535,-0.5975410244073003,baseline
107,4403.589844,4325.128418,-0.5593434656581415,-0.03901661047329208,baseline
108,4428.205078,4327.692383,-0.245499769122123,-0.49859857911125394,baseline
109,4446.666504,4429.230957,1.4496909431321088,0.9341988384451962,baseline
110,4405.128418,4365.6411130000015,-0.3964727745920751,-0.5011941315299153,baseline
111,4380.0,4316.410156,0.22126103920767193,0.7744917141642556,baseline
112,4372.307617,4352.820313,1.0668279722635567,2.74754559320128,baseline
113,4403.0771479999985,4342.05127,-0.0564188232810765,0.24044901868143986,baseline
114,4358.461426,4309.743652,0.24600024625738737,0.3304118859549532,baseline
115,4377.94873,4395.897461,0.2845548300332714,0.9753572591643116,baseline
116,4368.205078,4336.9228520000015,0.04323517368297658,0.1176030801038066,baseline
117,4403.0771479999985,4353.846191,-0.20613104022957307,-0.2726253677471604,baseline
118,4418.461426,4370.769043,2.6037561631580566,0.7639289391138719,baseline
119,4355.384765999999,4258.974121,-1.2029024185314825,-0.7923064344406714,baseline
120,4374.871582,4318.974121,0.3127706701218016,-0.012381408604420052,baseline
121,4365.6411130000015,4327.179688,0.7101244018599666,1.651957592244515,baseline
122,4359.487305,4341.538574,0.06747951581010492,-0.23803083458112662,baseline
123,4389.230957,4358.974121,2.1447747301054454,1.9230155600494694,baseline
124,4389.230957,4343.0771479999985,0.14587408729051798,-0.10596026999489716,baseline
125,4374.3588869999985,4340.512695,0.16298233364182568,-0.08976910730432097,baseline
126,4447.179688,4325.6411130000015,-0.8401267892360371,-0.727915851523234,baseline
127,4369.743652,4342.563965,-0.20394561255887078,0.1381599887702265,baseline
128,4402.05127,4612.307617,-0.027225987017094777,-0.9850743265368926,baseline
129,4400.512695,4334.871582,-0.25661643854227156,-0.25201380879347113,baseline
130,4373.846191,4363.589844,-0.07213306055212332,-0.2647883751385698,baseline
131,4581.025879,4751.794922,-1.1202672123869635,-0.6798501241230119,baseline
132,4396.410156,4329.230957,0.4540673332893874,0.09669277976806567,baseline
133,4371.2822270000015,4316.9228520000015,-0.10379673101579456,0.08903976968994876,baseline
134,4381.538574,4337.94873,-0.055372404372258544,-0.33861267165300424,baseline
135,4375.384765999999,4370.256348,-0.08091063318521208,-0.9535848468686163,baseline
136,4370.769043,4328.7177729999985,-0.4264297797144456,-0.5709601543171932,baseline
137,4368.7177729999985,4336.9228520000015,-0.29090108104918544,-0.06548136417615336,baseline
138,4403.0771479999985,4358.974121,-0.1298365838538591,0.058422104965264676,baseline
139,4370.256348,4477.94873,-0.2581315120203733,-0.8477414413572273,baseline
140,4385.128418,4346.666504,0.2828120880962093,-0.054941967899536426,baseline
141,4377.94873,4339.487305,0.41085598103163035,0.41756621925659587,baseline
142,4388.7177729999985,4340.0,0.372265789095394,0.39906084181804635,baseline
143,4423.589844,4388.7177729999985,-0.40167858117626976,-0.899031372308265,baseline
144,4397.94873,4351.794922,0.011358026554959544,-0.08518175447896192,baseline
145,4390.256348,4326.666504,0.47721020318112206,-0.15775518476104367,baseline
146,4362.05127,4355.897461,1.299421460540663,1.909667239697237,baseline
147,4409.230957,4343.589844,-0.23249339814598757,-0.5046085948418026,baseline
148,4384.615234000001,4350.769043,-0.29800118776885176,0.17198769735784136,baseline
149,4367.179688,4342.05127,0.2073023651483492,-0.07313580692141963,baseline
150,4467.692383,4559.487305,-0.888507967378994,-1.1194223405720618,baseline
151,4402.05127,4365.6411130000015,0.7385622669183789,0.08110826397504223,baseline
152,4390.769043,4361.538574,0.591170440725342,2.0701283123213985,baseline
153,4772.820313,4555.897461,-0.9793456047067619,-1.2265446537027833,baseline
154,4664.615234000001,4508.7177729999985,16.972967474778443,13.463583083413653,baseline
155,4549.230957,4442.05127,1.8918491125833086,0.7792849016388343,baseline
156,4388.205078,4402.563965,1.118371425970758,3.1138055486558747,baseline
157,4393.846191,4346.153809,0.48134808222498826,0.13307912940511635,baseline
158,4426.153809,4369.230957,-0.36741604933831074,-0.11404964585495847,baseline
159,4367.179688,4334.3588869999985,0.15043251333864038,0.3550078948697193,baseline
160,4462.563965,4343.0771479999985,1.5280950417807313,0.4841704321902718,baseline
161,4382.05127,4340.512695,6.990747329693535,8.140216283866291,baseline
162,4469.230957,4389.230957,-0.15244074263080742,-0.7411156653054558,baseline
163,4408.7177729999985,4372.820313,1.306319259593777,2.53590948522037,baseline
164,4396.410156,4367.179688,-0.08224762993178025,0.7074662092295148,baseline
165,4530.256348,4422.05127,11.856125745104306,6.191169042020729,baseline
166,4412.307617,4348.205078,-0.9072560382603565,-0.34762399691060164,baseline
167,4396.9228520000015,4335.897461,-0.09578002647534811,-0.2248413347797955,baseline
168,4426.666504,4396.9228520000015,-0.3917509839143172,0.15285488423419524,baseline
169,4375.384765999999,4351.2822270000015,0.2610455813732431,-0.2380037296918358,baseline
170,4376.410156,4334.3588869999985,0.9475335477766507,0.33985137597802506,baseline
171,4497.94873,4334.3588869999985,-0.039648475890153634,-0.8073671493035484,baseline
172,4369.230957,4362.563965,-0.14391169166666673,-0.6527557657409799,baseline
173,4425.128418,4386.666504,0.7699531851995491,0.42856024043912555,baseline
0,5043.589844,4658.974121,4.0539086590669315,3.7750824047548175,event
1,7851.282227,4904.615234000001,3.9478960692240466,3.800857130677763,event
2,4968.7177729999985,4702.05127,3.9416725397684296,3.8329354560106976,event
3,7926.666504000002,5181.025879,3.693970215689772,6.698735869919835,event
4,7862.05127,5042.563965,5.246427138264734,6.198657636559766,event
5,4971.2822270000015,4683.589844,4.028004645709251,2.364051865911896,event
6,5248.205078,4822.563965,3.8335701788898087,4.843284557133419,event
7,5057.436035,4683.0771479999985,2.3434490737196683,3.6445403390335285,event
8,5165.128418,4810.256348,3.546246481654612,3.9981575939121905,event
9,4996.410156,4706.666504,5.382058752802211,5.181102805262842,event
10,8007.692383,5329.743652,2.3517026429578483,9.916415729759763,event
11,7974.871581999999,5718.461426,0.4435689938857603,5.557499596141726,event
12,4816.9228520000015,4513.846191,3.847906808002774,2.5741659834791886,event
13,4856.9228520000015,4562.05127,3.973545555063693,3.9071997463308406,event
14,4959.487305,4677.94873,3.946689592512415,3.978520144907104,event
15,4869.230957,4584.102539,4.760124812413576,3.903682852473466,event
16,4793.333496,4507.692383,5.257209522926567,5.0572661851356955,event
17,5103.0771479999985,4682.05127,3.0129124565983645,1.674670714662839,event
18,4303.0771479999985,4383.0771479999985,-0.9756581583720854,-0.44558185115576787,event
19,4855.384765999999,4611.2822270000015,6.360146542086227,4.378461808141022,event
20,5016.410156,4716.410156,7.170658081806739,7.189766367151526,event
21,5093.846191,4654.871582,3.1098630755419268,2.8391413700855996,event
22,4975.384765999999,4731.2822270000015,4.107617979986037,4.823959008057534,event
23,5216.410156,4823.0771479999985,4.7248130109260105,4.855323576545303,event
24,4965.6411130000015,4632.820313,3.536558077602847,5.105569245677486,event
25,7977.94873,5271.2822270000015,2.747098494585387,9.040730776055799,event
26,4952.307617,4649.230957,5.500463093154009,4.085897426291437,event
27,4984.615234000001,4720.512695,6.144537404721211,5.386609600074058,event
28,5106.666504,4674.871582,3.4199718755310378,2.767958837320957,event
29,5227.179688,4763.589844,2.674252867885792,2.281450058844831,event
30,5859.487305,4631.794922,11.877960786552626,5.824153760933807,event
31,4906.666504,4633.846191,3.33831026713544,1.8056755454351556,event
32,5233.333496,5066.666504,3.530631795448919,0.09105703083873262,event
33,6068.7177729999985,4805.6411130000015,9.520918529536369,7.059758277157394,event
34,4728.7177729999985,4520.512695,3.7900822681604396,2.3833601159067888,event
35,5024.102539,4751.2822270000015,3.9224592532357336,4.198786832593919,event
36,7783.077148,4923.0771479999985,6.417735801050419,4.15867979829591,event
37,6429.230957,4703.0771479999985,12.115836722460978,4.4183018309429665,event
38,5031.794922,4658.974121,2.885421326151228,3.326707658302184,event
39,4936.9228520000015,4703.0771479999985,5.124983455341221,5.099295920088673,event
40,7950.256348000001,4962.563965,3.8151370916547047,6.9461883895918906,event
41,5154.3588869999985,4783.0771479999985,0.24250440278399665,0.44034710938553845,event
42,6317.94873,4664.615234000001,14.903238960121623,6.415559116436272,event
43,7970.769043000001,4713.846191,4.085509558624541,3.095241679408553,event
44,7970.256348000001,5109.743652,5.127048054305821,8.92198816457596,event
45,7884.615234000001,5037.436035,4.451298491806348,0.5741104445882579,event
46,8026.153809,5602.05127,1.318955979722804,4.8009986698459075,event
47,5335.384765999999,4956.9228520000015,4.349027642400098,4.22751724541627,event
48,4866.153809,4617.436035,1.5146884138160042,1.1094299192236408,event
49,4781.538574,4522.563965,4.513634515054097,2.8136301787053926,event
50,5187.179688,4779.487305,2.459950691599727,3.2829137545871463,event
51,4776.9228520000015,4531.794922,2.586270231395413,2.2043151082671937,event
52,7902.05127,4909.230957,6.335868059719148,5.359328341595985,event
53,4930.256348,4649.743652,5.655201873394358,4.873275314765621,event
54,4762.05127,4502.563965,6.168766237971857,4.276690102485556,event
55,8047.692383,5382.563965,0.46022981569807175,6.206745122300546,event
56,8046.153809,5030.769043,0.5587354355585692,2.223543992114115,event
57,4774.3588869999985,4564.615234000001,4.75123386998946,4.274087500906146,event
58,4826.666504,4529.743652,5.796069485907543,1.002424632734578,event
59,5068.7177729999985,4632.820313,4.96593107526809,3.5641024464508435,event
60,4836.410156,4574.3588869999985,4.418334339608574,4.222176235876198,event
61,4861.025879,4621.025879,4.231565629152262,3.3163050919887747,event
62,4872.820313,4589.743652,5.216157274861951,4.27131824281439,event
63,8036.410156,5428.205078,0.5762636172944271,3.3293502779718374,event
64,7931.794922,4854.3588869999985,3.573493050272285,3.0164628924449373,event
65,4920.0,4660.0,4.270265718158334,4.39420196773203,event
66,5046.153809,4812.820313,3.5889812956129923,4.563005697960434,event
67,5069.230957,4671.2822270000015,5.422032666300691,4.385373032191632,event
68,4822.563965,4567.179688,4.297928989833411,1.34356194898524,event
69,5315.897461,4875.897461,4.268760171970905,4.604365247000457,event
70,4909.743652,4591.794922,2.7826249501420657,3.0463392851443105,event
71,4905.6411130000015,4596.410156,3.697214847291575,3.210291302249616,event
72,5046.153809,4737.94873,5.501786406870989,5.455322586042916,event
73,5252.820313,4808.7177729999985,5.6443361572627975,7.433989080865784,event
74,5176.410156,4808.205078,4.558757129529854,4.200196914929473,event
75,5031.794922,4774.3588869999985,2.965766643789549,3.098383712284625,event
76,5046.153809,4824.102539,3.9189571979694833,2.131529847053949,event
77,5215.897461,4837.94873,2.4674206295926444,3.103974057439065,event
78,5642.563965,4665.128418,11.003135034857864,2.3500621643147737,event
79,7871.794922,5163.589844,8.208789618276796,4.932856231616206,event
80,5173.333496,4810.256348,3.674784200762109,4.336102197146336,event
81,5046.153809,4615.897461,1.677406624947099,-0.8814373469826031,event
82,4959.487305,4695.384765999999,4.447284533992729,4.4675075968575655,event
83,4982.563965,4657.436035,1.8184548753747025,2.3225833463675176,event
84,5028.205078,4792.307617,3.597040501475817,4.3831575991064895,event
85,4991.2822270000015,4522.563965,3.9262565705994437,-0.388101653843822,event
86,7917.94873,5429.230957,2.3544781488243567,6.812783493218371,event
87,4838.974121,4568.7177729999985,5.172131696937232,4.6754231487278615,event
88,4980.0,4657.436035,4.9077436308232105,0.3618688951264275,event
89,8017.94873,5353.333496,0.38022722016019417,2.243881339559345,event
90,4989.230957,4540.0,5.902792877710771,3.9510128051047486,event
91,7893.333495999998,5450.769043,2.2888918671350194,9.904372911000767,event
92,7911.794922,5163.0771479999985,2.698112815730679,5.448107520002983,event
93,4983.0771479999985,4727.692383,6.375654813758523,6.207766798441927,event
94,5017.94873,4718.974121,3.735796260928196,4.231527171846587,event
95,4986.666504,4607.692383,5.2283318151526,5.568706832983292,event
96,4929.230957,4690.256348,2.8151979683163804,2.9442535421874636,event
97,5201.538574,4801.025879,3.6064620618713015,4.788735970202575,event
98,4949.230957,4709.743652,2.092597907989439,2.253809797412222,event
99,4841.538574,4546.666504,-0.24903117598484226,-1.4626674107897009,event
100,5135.897461,4677.94873,1.8397992838257782,2.3258435168074225,event
101,7947.179687999998,5340.512695,2.3869299460500217,8.350195004843153,event
102,5035.384765999999,4618.974121,4.3137704574827564,3.6985642162700234,event
103,5014.3588869999985,4636.410156,2.8028176036305252,4.458692530703275,event
104,4932.307617,4672.307617,5.085492531083814,4.5933771501695775,event
105,4625.128418,4802.05127,-1.3974907481951697,-1.588337099355452,event
106,8053.846191,5393.333496,0.8534662950100533,4.865343793960552,event
107,7863.077148,4702.05127,9.479144721082811,6.396799652087676,event
108,6618.461426,4780.512695,10.613763680250552,4.972502289951418,event
109,7693.846191,4842.05127,12.256755279237408,5.5027179376489475,event
110,4942.563965,4664.615234000001,1.2174406707318788,1.061871706319904,event
111,5051.2822270000015,4773.333496,6.470191860716733,6.317357878848197,event
112,5153.846191,4658.974121,5.454517706128499,4.779016771848662,event
113,5387.179688,5213.333496,1.994149404294376,-0.4814236176692406,event
114,4904.615234000001,4617.436035,5.328599061404862,5.165035733319218,event
115,7973.333495999998,5209.230957,1.242520553506993,5.7354814790604625,event
116,7942.05127,5317.436035,2.4490630441809493,8.613881530820212,event
117,5357.436035,4718.974121,6.486266694231462,5.120683309472003,event
118,5066.666504,4593.333496,4.682759441327834,4.321117942869884,event
119,5054.3588869999985,4765.128418,3.3327812790292164,3.096591335404253,event
120,5000.0,4648.7177729999985,5.7547380915360815,4.527156380632889,event
121,5382.05127,4963.0771479999985,3.251946492919231,5.787028721285999,event
122,8070.256348000001,5551.2822270000015,0.5637146346784068,5.889152268594163,event
123,5133.846191,4719.487305,2.5791627455293487,2.473970382956143,event
124,4933.846191,4698.461426,4.801073949702005,4.674027049186358,event
125,5071.2822270000015,4763.0771479999985,4.545816519599955,5.699219958905385,event
126,5015.897461,4757.436035,5.278008535517763,5.518577633000813,event
127,4965.6411130000015,4607.179688,0.6716584984047995,-0.03643131101476804,event
128,4951.2822270000015,4611.794922,4.667647742771587,3.9790160803712027,event
129,4981.025879,4754.871582,1.2975359134832143,0.9630782366585793,event
130,5112.307617,4765.128418,2.8506230471351675,3.8976157108038665,event
131,5034.871582,4757.94873,1.5718354271059631,1.090772715821588,event
132,5192.820313,4787.692383,3.8084927072000845,1.9080859318764594,event
133,7810.769043000001,4864.615234000001,7.254870246871688,5.110400699218429,event
134,4836.410156,4618.974121,0.6258238530650098,1.0640287834809667,event
135,4973.846191,4737.436035,4.560623018608981,2.841555407605769,event
136,5054.871582,4635.897461,5.056484233408272,5.32214224684108,event
137,4686.666504,4519.487305,3.7053785903375367,1.9436547268224595,event
138,5047.692383,4761.538574,4.808141928983727,4.789726173235344,event
139,4870.769043,4602.563965,2.8684367577259167,2.175599671113299,event
140,5438.461426,4695.384765999999,6.998845202174191,4.919136689377623,event
141,4985.128418,4531.794922,5.029114277701952,-0.6323861760861482,event
142,4968.7177729999985,4597.436035,3.4877757137989844,2.848695806254546,event
143,5122.05127,4770.256348,6.364266887516804,6.598333212312506,event
144,5251.794922,4606.666504,4.301294963915752,2.5673744383943244,event
145,4844.102539,4567.179688,6.035944594660675,4.029227567087257,event
146,5083.589844,4736.9228520000015,3.539092300769706,4.449436241539523,event
147,4932.307617,4614.871582,4.598872503465298,4.253707743536051,event
148,4791.794922,4589.230957,3.188492956188383,2.001408571901446,event
149,6734.871581999999,4824.102539,18.61749614615029,3.907736758081577,event
150,4891.2822270000015,4656.9228520000015,3.6811092525260483,3.878406677782574,event
151,5028.7177729999985,4692.820313,4.1077453176135466,4.209393966537391,event
152,5187.179688,4605.128418,5.841972508214724,4.117830445070369,event
153,5195.897461,4792.307617,1.103152415433987,1.78803643428849,event
154,5211.794922,4661.025879,5.724527326625216,4.942878365924778,event
155,5291.794922,4834.871582,0.9518846407645061,1.3850088052015632,event
156,5318.974121,4627.692383,7.308538039087976,3.8337385333632645,event
157,5025.128418,4666.153809,3.702402563745083,3.612681094349524,event
158,7916.922852,5015.897461,2.882299430406877,1.1819493458371237,event
159,5045.6411130000015,4714.871582,4.250366495455193,4.240096328053049,event
160,5005.6411130000015,4720.0,5.660484072169265,5.677990903852226,event
161,4869.230957,4570.769043,4.23198878729122,3.0736676624132855,event
162,4998.461426,4669.230957,4.599544595519737,4.704490681699443,event
163,5490.769043,4682.563965,7.4000546060772034,3.940685955806577,event
164,8025.128418000001,5371.794922,2.4121231435653594,9.182633649783766,event
165,4826.666504,4553.846191,4.129790358075601,2.7820654632545043,event
166,5184.102539,5580.512695,2.8336330069072346,2.7979112371747554,event
167,5014.871582,4812.307617,0.7287019729542963,-0.37752794318660765,event
168,7885.641113,4677.94873,4.2192374792418175,0.19266280748456266,event
169,7932.307617,5139.487305,1.2175317552124882,6.140208445592778,event
170,4885.128418,4482.563965,2.704724006526657,-0.8528852977726098,event
171,4980.0,4633.333496,5.155467476330722,5.177208528396267,event
172,7867.692383,4854.871582,10.10675031408479,7.4004138988994175,event
173,4975.897461,4692.307617,4.856290790065746,4.644468806031396,event
174,7775.384765999999,4801.025879,7.893674300929977,4.18587498060959,event
175,5190.256348,4809.230957,2.086352186734719,2.619500648244415,event
176,7860.512695,4850.256348,4.813458940050909,5.097898690158317,event
177,4980.0,4654.871582,4.67971596014848,4.309126008098817,event
178,5147.692383,4837.94873,4.9510476539951345,6.179891411652564,event
179,4834.3588869999985,4650.256348,4.150384857092275,3.856731196446023,event
180,5189.230957,4901.025879,2.8338099725619035,3.471118183841698,event
181,4822.05127,4551.2822270000015,5.330196470416778,5.089749411781495,event
182,5008.205078,4708.205078,3.0380801473523027,3.2188312568367516,event
183,5011.2822270000015,4626.153809,5.5380984146719054,7.243302496224564,event
184,4906.153809,4563.589844,5.233232735180607,3.4681630185043106,event
185,5083.589844,4522.563965,4.038722802404251,-0.6747236591105024,event
186,5106.666504,4636.9228520000015,6.186720469662001,5.135019342461627,event
187,4893.333496,4642.563965,6.906469286034449,3.7678666675095034,event
188,5040.0,4753.846191,4.867901193356599,5.7164756176284595,event
189,5065.6411130000015,4714.3588869999985,5.316064386378791,4.20472383098796,event
190,5369.230957,4699.487305,5.999233799487207,3.7794526502154784,event
191,5051.2822270000015,4658.974121,4.762314396051096,3.387762025826698,event
192,5160.512695,4844.615234000001,2.7259926009188886,2.9948673641878854,event
193,5630.769043,4658.974121,6.675330135946476,2.7674583207802836,event
194,8031.282227,5460.0,0.1718977452702144,4.9234879208330415,event
195,5062.563965,4753.846191,2.8999368342589387,3.177402006419973,event
196,4953.846191,4609.230957,3.86186854769402,3.0419850312304337,event
197,5147.179688,4786.153809,7.3577359859935605,7.148068207159211,event
198,5126.153809,4737.436035,0.26194202245810416,0.748815209772546,event
199,5508.7177729999985,4868.205078,4.497257789110479,0.017976188619100775,event
200,5146.153809,4656.9228520000015,4.751133463396201,4.671708595019458,event
201,4966.153809,4530.769043,2.908229764239657,1.4590769908545322,event
202,6315.384765999999,4661.025879,12.379125106080547,4.151161715149067,event
203,5167.692383,4842.563965,4.623854617386643,5.097186279579686,event
204,5021.025879,4746.666504,3.8341941611467902,4.604410979927143,event
205,5215.897461,4871.794922,4.342215930580996,4.397694554609405,event
206,7960.512695,4892.307617,3.6357930943263,5.7115321562458465,event
207,4975.384765999999,4708.7177729999985,9.447596729112218,6.496120545854296,event
208,4947.179688,4596.9228520000015,3.98561715734669,2.4331114374882468,event
209,5021.538574,4735.897461,4.044696825545977,4.759811644926961,event
210,4955.384765999999,4638.974121,4.667036039923233,3.3245619890335343,event
211,4898.461426,4590.769043,1.6267178000008382,1.357062626597557,event
212,5016.9228520000015,4668.205078,-0.11258521914060626,-0.05959295693465849,event
213,4893.846191,4564.102539,5.004024347169606,2.865440163715685,event
214,5077.94873,4692.820313,1.2579888459696065,1.382596902394777,event
215,5125.128418,4636.410156,2.6650063610592154,4.137547525744698,event
216,7913.333495999998,4792.820313,4.436060452280461,4.949813482392562,event
217,4936.9228520000015,4702.05127,3.097950423428938,2.7289882096000158,event
218,4847.692383,4557.436035,3.735104739051673,3.320083755083166,event
219,7961.025879000002,5342.05127,2.1035783663175267,8.814120483299693,event
220,4849.230957,4584.102539,2.924255429312354,2.7973837392663574,event
221,4824.615234000001,4533.846191,5.039315725935069,2.5985992465293313,event
222,4973.846191,4616.410156,3.7944575715354416,4.214732743655405,event
0,4829.743652,4534.3588869999985,1.2535583563628556,1.3763447565088898,event
1,7640.0,4722.05127,14.919394331304595,3.303709926088975,event
2,7471.794922,4702.05127,6.53923458135462,2.242803812660224,event
3,7833.846191,4753.846191,2.934520105724028,1.2538370961342564,event
4,4973.333496,4694.3588869999985,3.11450887395239,2.6869931261690128,event
5,5040.512695,4732.820313,4.053123476943533,4.064654195905554,event
6,7852.307617,4953.333496,6.916751652664081,6.64794662042776,event
7,4851.794922,4553.333496,2.374249198896768,1.483487897258871,event
8,4920.0,4703.589844,3.072970811270232,3.167424342826881,event
9,7086.153809,4672.820313,3.3213800328524226,2.7322140470814897,event
10,8043.077148,5015.384765999999,0.7253497515976948,4.48370501936553,event
11,4917.94873,4617.436035,0.8996936425796656,0.4705613937814541,event
12,8057.436035,5597.94873,0.5685311636390051,4.774920953265562,event
13,4970.256348,4592.820313,2.2990681985302333,0.7738114169031616,event
14,4996.9228520000015,4799.487305,3.1656573865049342,0.17643288702512772,event
15,4887.179688,4618.974121,2.16145645778792,1.529563089861158,event
16,4986.666504,4716.410156,2.5512708122904906,3.1597229142931162,event
17,7940.512695,4899.487305,1.6065068452515092,3.701149458043961,event
18,4982.563965,4752.307617,2.0790499051711,2.4361175625730276,event
19,4752.307617,4487.179688,-0.13096093597787783,-0.08682326983707656,event
20,4921.538574,4675.897461,3.7510975727385016,3.550946934627081,event
21,4943.0771479999985,4698.461426,2.8588258346609505,2.2080563617953723,event
22,4941.538574,4669.743652,3.1951229139002226,2.90855258883838,event
23,5072.820313,4744.615234000001,4.214069183647566,3.733607951253642,event
24,4846.153809,4538.461426,2.0146125924999083,1.190238746408676,event
25,4966.666504,4700.512695,1.6753503474655567,1.600788582721254,event
26,5019.487305,4712.307617,5.249846698829854,5.409209207276675,event
27,5034.871582,4737.436035,5.506493380998872,5.046800565110594,event
28,4985.128418,4718.461426,2.2782909455678126,2.4016445130874953,event
29,5384.102539,5131.2822270000015,1.0184424222332735,-0.424070728246821,event
30,4992.307617,4853.846191,2.7952006004333447,1.05572627153142,event
31,4979.487305,4711.794922,3.584696728552839,3.571204514160081,event
32,4992.307617,4655.897461,3.5218303620296583,2.689198864639052,event
33,5105.128418,4734.3588869999985,2.945651986100308,2.235336133163372,event
34,5028.7177729999985,4731.2822270000015,3.4824020441602554,3.4870215875849633,event
35,4724.102539,4769.230957,4.3498143862260354,0.4005597272993935,event
36,4998.974121,4680.0,3.1824372679997595,2.7131487940049768,event
37,4985.6411130000015,4726.153809,3.2516725923303307,3.5353516416078072,event
38,7938.974120999998,4984.102539,4.405465420904862,6.443514305919521,event
39,7940.0,5310.256348,0.7600931592198497,5.6745480550804395,event
40,7945.641113,4919.487305,2.141434860297827,3.7011470198627174,event
41,8029.743651999999,5572.307617,0.6666702044076205,2.853531662912566,event
42,7808.717773,4712.820313,13.897449687751113,4.201009605028628,event
43,5021.538574,4722.05127,4.040907755835169,3.7161310797761518,event
44,5033.333496,4729.743652,3.090490364182223,2.820912327586808,event
45,4862.05127,4576.410156,-0.2386273598387323,-0.27477708676310675,event
46,8007.692383,4924.615234000001,8.143154270910305,5.914724632109852,event
47,5031.2822270000015,4673.333496,3.311579882683505,3.618150919514303,event
48,7934.358887,4842.563965,5.752914131782687,4.379532432068368,event
49,4902.05127,4616.9228520000015,1.4217875289927706,1.0434425411571286,event
50,5008.7177729999985,4684.615234000001,3.1566054284553555,2.9301488586881,event
51,5062.05127,4762.05127,1.9452566883449807,4.702227464331714,event
52,4883.589844,4649.230957,1.4258172934703097,1.6739470160691292,event
53,5013.846191,4701.538574,3.086504722785431,2.733025216238527,event
54,5076.9228520000015,4704.102539,1.114040576127986,1.9481103548905447,event
55,5010.769043,4646.153809,4.508990311768139,3.398778365542403,event
56,5023.589844,4715.384765999999,2.501146766833359,1.6362350714522043,event
57,5004.615234000001,4737.436035,3.2779185774994373,3.756112132086158,event
58,5017.436035,4723.0771479999985,2.294385777674449,2.337451593366261,event
59,5037.94873,4727.692383,3.010387670313434,2.444892867300956,event
60,7900.0,5143.589844,1.9776338220134022,6.879694043394776,event
61,8050.769043000001,5488.205078,0.3183069035708952,5.785840666732945,event
62,6177.94873,4609.743652,5.519693934910583,3.736229921813707,event
63,5004.615234000001,4699.487305,3.096467565677358,2.739623705530475,event
64,4782.563965,4592.820313,1.3376738570787499,1.0655124533302232,event
65,5012.307617,4664.615234000001,3.4646817419306055,3.158568083969616,event
66,5006.666504,4581.538574,0.9194344344787315,0.10374053976805886,event
67,5043.589844,4772.820313,2.612632452383608,2.5697074296879676,event
68,4805.128418,4513.333496,2.0752356457873953,1.5070189218485046,event
69,5047.692383,4745.6411130000015,1.1787127758547342,1.0542958696633749,event
70,5087.692383,4652.820313,0.3870445296478757,0.3687451558785728,event
71,5003.0771479999985,4742.563965,3.408942524764971,3.4537675052137993,event
72,8000.0,5176.410156,-0.5378459653199439,2.0514024266589077,event
73,7912.820312999998,5377.436035,0.5836484232228503,8.346728073257065,event
74,4981.538574,4698.461426,2.6479241887213534,2.8216336257788757,event
75,5417.436035,4947.179688,2.0503549444384253,2.192406140269197,event
76,4755.897461,4614.871582,0.5197908277552075,-0.8001888904317318,event
77,5026.153809,4710.769043,0.7623480403801435,0.7343444423740912,event
78,7861.538573999998,4794.3588869999985,2.4244371376918847,3.373104191321149,event
79,5064.615234000001,4742.563965,3.5398760596466614,3.332330524757949,event
80,8035.384765999999,5371.794922,0.2438856583392095,4.612066628460048,event
81,5112.820313,4807.179688,3.0379374099859193,3.1327145968982144,event
82,5069.230957,4764.615234000001,0.943476175233632,0.8761760624437152,event
83,5026.666504,4714.871582,2.401501838808227,2.3176037080803704,event
84,4955.384765999999,4691.794922,3.331731525272825,3.3254315259594147,event
85,4956.410156,4857.436035,3.2553904548189405,2.5374227776299167,event
86,7917.436035,5427.692383,-0.030438588134292566,2.9517359901393987,event
87,4972.820313,4689.743652,2.9525800573589924,1.9807804691084634,event
88,4908.205078,4718.974121,3.1348016950007382,-0.15587175935859054,event
89,4986.666504,4686.666504,3.0669025368008445,2.958431254366678,event
90,8021.538573999998,5468.205078,0.6672804889210111,7.844084617571497,event
91,4969.230957,4664.615234000001,3.053481099843589,3.8502637532812356,event
92,5027.692383,4742.563965,4.218993224113256,4.344212055616232,event
93,5027.692383,4725.128418,1.7478479469324384,0.7414332927663585,event
94,4894.871582,4572.820313,0.067021060800462,0.4984719973932408,event
95,4911.2822270000015,4509.230957,1.0395543501805804,0.7698373072421516,event
96,4850.769043,4556.9228520000015,1.0113361323024632,0.8475200610945226,event
97,7900.0,4864.102539,6.907053339497109,4.469496516027527,event
98,4938.461426,4674.3588869999985,3.832430925946453,2.6187906313312443,event
99,4972.820313,4623.0771479999985,1.6041243952720485,2.6655703519779355,event
100,5052.307617,4770.256348,2.917698236398575,3.4593835617421895,event
101,7238.461426000002,4731.2822270000015,9.661948488358258,3.9872637957202937,event
102,7940.0,5273.333496,0.5921838824862622,6.411838510438731,event
103,5011.794922,4674.3588869999985,4.030006417584865,3.4158675125462397,event
104,4869.743652,4555.897461,1.647686949720426,1.8445179311029172,event
105,4843.589844,4528.205078,2.1600791278719624,1.7745246328700777,event
106,4900.512695,4640.512695,3.375921598427442,3.0451674940781817,event
107,4811.794922,4567.692383,1.7091278247589905,1.8022817511346556,event
108,4939.487305,4923.589844,4.004761963402886,2.3750968038064117,event
109,4925.6411130000015,4683.589844,2.1828782591456646,2.146268718318068,event
110,7285.128418000001,4666.666504,10.859882272094838,2.668083374598606,event
111,5030.769043,4786.153809,2.283009771584555,4.840407486358429,event
112,4761.538574,4541.025879,3.3062275039628757,1.9016119636988673,event
113,5067.692383,4743.0771479999985,0.9690379398126137,1.1406578673045016,event
114,5847.179688,4700.0,8.248208220775304,2.8790918643586023,event
115,5038.461426,4749.743652,3.0767199502040103,2.988700084699083,event
116,4980.0,4703.589844,2.972532631143705,2.760041881092913,event
117,4915.384765999999,4608.205078,1.3840698883758327,1.0066891148470773,event
118,4901.025879,4685.128418,2.2689404266544586,2.660477954738632,event
119,4994.3588869999985,4687.179688,2.423533931280013,1.2535226978895064,event
120,5057.436035,4726.153809,4.510898804579327,4.524980043449895,event
121,4964.615234000001,4630.256348,2.002424772939171,2.1625196641081716,event
122,5012.820313,4774.3588869999985,1.9113257051463144,2.110517219110645,event
123,4996.9228520000015,4705.6411130000015,2.959037438403432,2.2506750815146237,event
124,4955.897461,4682.05127,1.4526161195173137,1.0876912724557397,event
125,4972.820313,4653.333496,1.307084706456843,1.8400833040912135,event
126,4940.0,4720.0,3.0155941460554168,2.550289216840997,event
127,4985.128418,4717.94873,3.666715856064009,2.4150280237299473,event
128,8004.102539,5258.974121,0.6126996995972247,5.797661709745324,event
129,4865.6411130000015,4557.436035,1.7308272876392818,1.9628432797268625,event
130,5031.794922,4766.666504,3.3763936799734884,3.108411173435054,event
131,5005.6411130000015,4706.153809,4.1508300459408005,3.731445566359983,event
132,4974.871582,4705.6411130000015,2.443761166304543,2.85891862915176,event
133,7857.436035,4730.769043,5.313143525065369,3.028016798607098,event
134,5261.025879,4761.025879,-0.06850980368178927,-0.2313304127955389,event
135,5066.153809,4735.384765999999,2.161697424372084,1.6215694830528924,event
136,4795.384765999999,4537.436035,1.4041073501647854,0.5169191321111173,event
137,5044.102539,4734.871582,1.2154899607548963,1.3875190159432207,event
138,4770.769043,4546.666504,0.8045932107602929,0.6025343889521224,event
139,4954.871582,4693.846191,2.5551406358810573,1.8107621156721243,event
140,7906.153809,4736.410156,0.4885246165015724,2.201166410104858,event
141,7991.794922,4949.743652,9.204345789583687,7.012263409644284,event
142,4886.153809,4561.025879,4.46795705746286,3.8257318665141833,event
143,7911.794922,4890.769043,7.515914638542364,5.922496935059849,event
144,4910.769043,4708.7177729999985,2.0286595043691467,2.3528561318020182,event
145,4970.256348,4711.794922,1.8027396013912433,2.2866390671457095,event
146,4955.897461,4708.7177729999985,2.419111938214523,3.286665995924457,event
147,4884.615234000001,4625.128418,5.5542484006019475,3.5279948104200436,event
148,5017.94873,4734.871582,2.2123974826658195,2.0038636634614635,event
149,4971.794922,4684.102539,3.908602942943193,2.7602641876641947,event
150,4976.9228520000015,4751.2822270000015,2.099635563275333,2.6250122144682697,event
151,5013.333496,4766.666504,1.565557272884142,0.7820537424220579,event
152,4801.538574,4534.871582,1.7075158590678372,1.1826059878923711,event
153,5019.487305,4746.666504,1.5433158265946019,2.306872455092162,event
154,5016.9228520000015,4719.487305,3.6370166102148223,3.0352307771246756,event
155,4966.153809,4723.0771479999985,1.6301099605151022,1.6711635958819677,event
156,4847.692383,4554.871582,0.15103296963384238,0.1551338982855648,event
157,8004.102539,5070.256348,0.11623314338922253,4.9048756428543046,event
158,5182.05127,4811.794922,2.7558290497334417,2.714756646023263,event
159,4946.666504,4684.102539,3.1696295930721696,2.806776841450387,event
160,7982.05127,4850.769043,5.094898320093472,3.691887812058324,event
161,7858.974120999998,4741.538574,10.315094322551573,3.6972175718326996,event
162,7938.461426000002,4916.410156,3.0261193021500232,4.846730160080053,event
163,4889.230957,4550.256348,1.5460089817759464,1.1058873687231685,event
164,4792.307617,4488.205078,3.0866522123915017,0.34725249788060886,event
165,5052.307617,4752.820313,3.3141656164611577,3.5750275253925388,event
166,5072.820313,4708.7177729999985,2.5416403594794277,2.065660269115578,event
167,4829.743652,4426.153809,0.2606998802294451,-0.007038944906939015,event
168,5138.461426,4827.179688,1.7996967918248128,1.65090916212037,event
169,5011.794922,4704.102539,3.16213663541033,2.823787826529328,event
170,5060.0,4904.615234000001,3.815133078578288,1.7305404255406698,event
171,5061.025879,4735.897461,3.043845320746496,3.143055899376752,event
172,4799.487305,4528.7177729999985,2.2226019193579534,1.839280151456605,event
173,5036.9228520000015,4742.563965,2.2988575983270803,2.150403120612414,event
174,4968.7177729999985,4698.461426,3.466538778863738,3.3482492004247497,event
175,4989.743652,4701.538574,3.5146005185123235,5.421616675741509,event
176,8028.717773,5000.512695,0.8626204551898748,3.39561503542241,event
177,8038.974120999998,5135.897461,0.42923874047752175,1.5837715753463453,event
178,4988.7177729999985,4690.769043,3.219951993615939,2.088635353389849,event
179,7909.230956999999,5004.615234000001,3.3580354958076377,6.313243900738536,event
180,7898.974120999998,4862.05127,10.831689052342306,7.870685813432946,event
181,4959.487305,4698.974121,4.737860367156648,4.541331857136086,event
182,6595.897461,4618.974121,4.750572735936913,2.6684577398150235,event
183,4757.436035,4816.410156,0.22130717100158792,-1.0686068445574703,event
184,7994.358887,4796.9228520000015,1.165618780572094,2.235336705908218,event
185,5035.384765999999,4725.6411130000015,3.584815656937167,3.217108305249021,event
186,4967.692383,4737.436035,1.0938463580450182,0.6757087840906562,event
187,4966.153809,4728.205078,1.4406684537817291,1.5274769526138563,event
188,6389.743652,4657.94873,4.271240595911295,1.881375323272822,event
189,7899.487305,4803.589844,3.3638802593731443,2.8845798759593295,event
190,5043.589844,4737.436035,3.823866046154695,3.6316516166006005,event
191,4924.102539,4622.05127,1.8811242129512875,1.6286329800357633,event
192,5006.666504,4720.0,2.9740565641004117,3.3627069643299485,event
193,4918.461426,4695.384765999999,1.3858595507496752,1.8630629963314593,event
194,4960.512695,4624.102539,1.9180700296929816,1.734914562437031,event
195,8010.769043000001,5414.3588869999985,0.7725597098102415,8.018064852272197,event
196,4909.743652,4845.128418,2.9818432089991074,1.9134975384613462,event
197,4991.794922,4681.538574,3.209740131403524,2.4763840661107754,event
198,5014.3588869999985,4736.410156,2.4491832061111283,3.614716944115258,event
199,4963.589844,4790.256348,-0.39120546133491896,-1.424973015763933,event
200,5031.2822270000015,4738.974121,2.5202288980793117,2.6012817033397857,event
201,5015.897461,4711.2822270000015,3.109686853710055,3.14634188387889,event
202,5014.871582,4718.461426,3.172030536257479,2.177624585131188,event
203,4772.307617,4497.94873,2.514643468732282,1.2094657051011053,event
204,5038.974121,4729.743652,1.5423737507324748,1.4018067511256156,event
205,5046.666504,4720.0,4.396452414046976,4.556615284784932,event
206,4942.05127,4669.743652,1.2206394126340276,0.9476539629498135,event
207,4981.538574,4703.0771479999985,5.082506238026159,4.011653620348217,event
208,7916.922852,5227.692383,2.854282549534339,9.589005789680837,event
209,4896.410156,4644.615234000001,0.6656324072849422,0.18527956833641834,event
210,4999.487305,4662.05127,3.517782783647663,3.049472210881015,event
211,7962.05127,5236.410156,0.8826648737071006,7.014630241642511,event
212,5038.974121,4728.205078,3.7503123841590273,3.421293068494144,event
213,4893.333496,4704.615234000001,1.9238265913424968,2.384781585188483,event
