,AF3_max,AF4_max,label
0,7867.692383,6775.384765999999,example
1,7903.589844,6857.94873,example
2,5900.0,4894.3588869999985,example
3,4923.0771479999985,4674.3588869999985,example
4,8023.589844,5321.538574,example
5,8023.077148,5315.384765999999,example
6,8067.179687999998,5215.384765999999,example
7,7877.94873,5661.538574,example
8,7972.820312999998,5343.0771479999985,example
9,5043.0771479999985,4782.05127,example
10,7957.436035,5285.128418,example
11,5003.589844,4757.94873,example
12,4900.0,4680.0,example
13,7903.077148,5641.025879,example
14,7858.974120999998,6750.256348000001,example
15,6317.94873,4929.743652,example
16,7887.179687999998,6187.692383,example
17,5284.615234000001,4839.487305,example
18,7856.922852,5475.384765999999,example
19,8043.589844,5101.538574,example
20,5050.769043,4712.307617,example
21,4941.025879,4758.974121,example
22,5067.692383,4704.615234000001,example
23,7965.641113,5674.871582,example
24,5036.410156,4748.205078,example
25,5012.820313,4750.256348,example
26,7909.230956999999,5014.3588869999985,example
27,5790.256348,4605.128418,example
28,7869.743651999999,5886.666504,example
29,7883.077148,5119.487305,example
30,7862.05127,6178.461426,example
31,7980.0,4993.333496,example
32,7845.641113,6341.025879,example
33,7907.692383,6168.205078,example
34,7637.94873,4801.538574,example
35,7857.94873,5208.7177729999985,example
36,5139.487305,4799.487305,example
37,5363.0771479999985,5000.512695,example
38,7986.666504000002,4676.9228520000015,example
39,5129.743652,4777.436035,example
40,4944.615234000001,4649.230957,example
41,7830.769043000001,5804.615234000001,example
42,7941.025879000002,5600.512695,example
43,4946.153809,4722.563965,example
44,5013.846191,4732.820313,example
45,7872.820312999998,7058.461426000002,example
46,7908.717773,7472.307617,example
47,7927.692383,5364.615234000001,example
48,7883.077148,5963.589844,example
49,7975.384765999999,5270.769043,example
50,7876.410156,5161.025879,example
51,5010.256348,4735.897461,example
52,5029.743652,4727.179688,example
53,7877.436035,6248.7177729999985,example
54,5510.769043,4791.794922,example
55,5043.589844,4766.153809,example
56,5132.820313,4799.487305,example
57,5004.615234000001,4768.205078,example
58,5015.897461,4752.820313,example
59,5074.3588869999985,4778.461426,example
60,6171.2822270000015,4868.7177729999985,example
61,7852.307617,6192.820313,example
62,7782.563965,5238.461426,example
63,5125.6411130000015,4746.153809,example
64,6803.589844,5121.025879,example
65,5100.0,4796.410156,example
66,5083.589844,4616.9228520000015,example
67,4866.153809,4626.153809,example
68,5221.025879,4801.538574,example
69,5054.3588869999985,4745.6411130000015,example
70,7966.153809,5364.102539,example
71,7909.230956999999,5292.307617,example
72,5046.666504,4763.0771479999985,example
73,4898.461426,4589.230957,example
74,5204.102539,4861.538574,example
75,5396.9228520000015,4773.333496,example
76,7851.282227,5977.94873,example
77,7894.358887,5064.615234000001,example
78,5989.743652,5118.974121,example
79,4953.333496,4674.871582,example
80,4908.7177729999985,4677.436035,example
81,7893.333495999998,6681.538574,example
82,6931.282227,4871.2822270000015,example
83,7854.358887,6605.128418,example
84,7874.358887,6996.410156,example
85,7853.846191,5397.94873,example
86,5040.0,4747.692383,example
87,7534.358887,4939.487305,example
88,5025.6411130000015,4739.487305,example
89,5565.6411130000015,4835.897461,example
90,7871.794922,7155.384765999999,example
91,4929.743652,4722.05127,example
92,4980.512695,4771.794922,example
93,5055.897461,4703.0771479999985,example
94,7870.769043000001,7171.282227,example
95,7862.05127,6016.410156,example
96,5048.205078,4786.153809,example
97,7982.563965,5521.025879,example
98,7935.897461,5766.666504,example
99,7845.641113,5035.897461,example
100,4880.512695,4711.2822270000015,example
101,7883.589844,5094.3588869999985,example
102,7938.461426000002,5335.384765999999,example
103,7864.102539,5620.0,example
104,7894.358887,7277.436035,example
105,4995.384765999999,4662.563965,example
106,6989.743651999999,5262.563965,example
107,7854.871581999999,6615.897461,example
108,7852.820312999998,6281.538574,example
109,5100.512695,4794.3588869999985,example
110,7862.563965,5882.563965,example
111,5168.7177729999985,4802.05127,example
112,7877.436035,5914.3588869999985,example
113,7851.282227,5438.974121,example
114,7964.102539,6073.846191,example
115,4899.487305,4617.436035,example
116,5010.769043,4736.410156,example
117,8002.563965,5141.025879,example
118,7880.512695,5452.307617,example
119,5013.846191,4735.384765999999,example
120,7861.025879000002,4984.615234000001,example
121,7893.846191,5842.05127,example
122,7877.94873,5727.179688,example
123,7884.615234000001,5686.153809,example
124,7758.974120999998,6360.0,example
125,5035.897461,4702.563965,example
126,7882.05127,6350.256348,example
127,4991.794922,4777.436035,example
128,5323.0771479999985,4593.333496,example
129,7876.922852,5893.846191,example
130,7895.384765999999,4984.102539,example
131,5014.871582,4717.94873,example
132,5007.179688,4780.0,example
133,5518.974121,4970.769043,example
134,7989.230956999999,5560.512695,example
135,7814.358887,4868.7177729999985,example
136,7975.897461,5330.256348,example
137,7933.333495999998,5222.563965,example
138,7823.589844,6580.0,example
139,4961.025879,4686.153809,example
140,4952.820313,4647.179688,example
141,4925.128418,4678.974121,example
142,7977.94873,5195.384765999999,example
143,7872.820312999998,5419.487305,example
144,7346.153809,4903.589844,example
145,7871.282227,6902.05127,example
146,5163.589844,4798.461426,example
147,7848.717773,6388.205078,example
148,7878.461426000002,5590.769043,example
149,5074.871582,4794.3588869999985,example
150,7888.205078,5247.179688,example
151,5102.563965,4778.974121,example
152,7867.179687999998,6424.615234000001,example
153,7945.128418000001,5558.974121,example
154,5115.897461,4692.307617,example
155,5049.743652,4681.538574,example
156,4883.589844,4632.820313,example
157,4904.615234000001,4657.94873,example
158,5055.897461,4777.94873,example
159,7950.769043000001,5320.0,example
160,5954.3588869999985,4708.7177729999985,example
161,7994.871581999999,5047.692383,example
162,7883.589844,5107.692383,example
163,7871.282227,6521.538574,example
164,7883.589844,6943.077148,example
165,5085.6411130000015,4795.897461,example
166,4996.9228520000015,4670.256348,example
167,4958.974121,4649.743652,example
168,7885.128418000001,5622.05127,example
169,7866.666504000002,6893.846191,example
170,5071.794922,4658.461426,example
171,4935.897461,4706.666504,example
172,7903.077148,5115.897461,example
173,7872.820312999998,7205.128418000001,example
174,5142.563965,4825.6411130000015,example
175,5030.769043,4671.794922,example
176,4975.897461,4678.461426,example
177,4799.487305,4617.436035,example
178,7963.589844,5294.871582,example
179,5015.384765999999,4732.820313,example
180,4949.743652,4658.461426,example
181,7945.641113,5171.794922,example
182,5068.205078,4791.794922,example
183,7893.846191,7329.230956999999,example
184,8098.974120999998,4877.436035,example
185,7925.641113,5914.3588869999985,example
186,4929.230957,4660.0,example
187,7914.358887,5188.205078,example
188,7869.743651999999,6714.871581999999,example
189,7875.897461,6827.692383,example
190,7908.717773,5030.769043,example
191,5768.7177729999985,4803.589844,example
192,5207.692383,4833.333496,example
193,4976.9228520000015,4715.384765999999,example
194,5114.3588869999985,4789.743652,example
195,7867.179687999998,6935.897461,example
196,4940.512695,4707.179688,example
197,4927.179688,4683.589844,example
198,7991.794922,5119.487305,example
199,7849.743651999999,5872.307617,example
200,5227.179688,4813.846191,example
201,7946.153809,5466.153809,example
202,7795.897461,4938.974121,example
203,7792.820312999998,4925.6411130000015,example
204,8045.641113,5637.94873,example
205,7958.461426000002,5153.846191,example
206,7947.692383,5496.410156,example
207,4988.7177729999985,4665.128418,example
208,5018.974121,4707.179688,example
209,7920.0,5548.7177729999985,example
210,7851.794922,5634.871582,example
211,5114.871582,4800.512695,example
212,4932.307617,4715.897461,example
213,7876.922852,5065.128418,example
214,5016.9228520000015,4731.794922,example
215,4902.05127,4663.0771479999985,example
216,7821.538573999998,5189.230957,example
217,5581.025879,4517.94873,example
218,4901.025879,4614.871582,example
219,7859.487305,7080.512695,example
220,5802.05127,4794.3588869999985,example
221,7884.615234000001,5437.94873,example
222,7881.538573999998,5474.3588869999985,example
223,7861.538573999998,5950.769043,example
224,7769.230956999999,5462.05127,example
225,7862.563965,6917.94873,example
226,7907.179687999998,6358.461426,example
227,6635.384765999999,4912.307617,example
228,4968.7177729999985,4700.512695,example
229,7955.384765999999,5174.871582,example
230,5075.384765999999,4802.563965,example
231,4997.436035,4682.563965,example
232,7873.333495999998,7050.769043000001,example
233,7901.538573999998,6055.384765999999,example
234,4898.974121,4619.487305,example
235,7925.128418000001,6006.666504,example
236,7846.153809,5305.128418,example
237,7887.692383,5125.6411130000015,example
238,7905.641113,5829.230957,example
239,4821.538574,4632.820313,example
240,5023.0771479999985,4744.102539,example
241,7954.358887,5085.6411130000015,example
242,7830.769043000001,5325.128418,example
243,5115.897461,4847.179688,example
244,7949.230956999999,5170.256348,example
245,4994.871582,4725.6411130000015,example
246,7926.666504000002,5147.179688,example
247,4915.384765999999,4677.94873,example
248,5125.6411130000015,4756.410156,example
249,5139.487305,4764.615234000001,example
250,4929.743652,4681.538574,example
251,5102.05127,4806.666504,example
252,7921.538573999998,5192.820313,example
0,5043.589844,4658.974121,example
1,7851.282227,4904.615234000001,example
2,4968.7177729999985,4702.05127,example
3,7926.666504000002,5181.025879,example
4,7862.05127,5042.563965,example
5,4971.2822270000015,4683.589844,example
6,5248.205078,4822.563965,example
7,5057.436035,4683.0771479999985,example
8,5165.128418,4810.256348,example
9,4996.410156,4706.666504,example
10,8007.692383,5329.743652,example
11,7974.871581999999,5718.461426,example
12,4816.9228520000015,4513.846191,example
13,4856.9228520000015,4562.05127,example
14,4959.487305,4677.94873,example
15,4869.230957,4584.102539,example
16,4793.333496,4507.692383,example
17,5103.0771479999985,4682.05127,example
18,4303.0771479999985,4383.0771479999985,example
19,4855.384765999999,4611.2822270000015,example
20,5016.410156,4716.410156,example
21,5093.846191,4654.871582,example
22,4975.384765999999,4731.2822270000015,example
23,5216.410156,4823.0771479999985,example
24,4965.6411130000015,4632.820313,example
25,7977.94873,5271.2822270000015,example
26,4952.307617,4649.230957,example
27,4984.615234000001,4720.512695,example
28,5106.666504,4674.871582,example
29,5227.179688,4763.589844,example
30,5859.487305,4631.794922,example
31,4906.666504,4633.846191,example
32,5233.333496,5066.666504,example
33,6068.7177729999985,4805.6411130000015,example
34,4728.7177729999985,4520.512695,example
35,5024.102539,4751.2822270000015,example
36,7783.077148,4923.0771479999985,example
37,6429.230957,4703.0771479999985,example
38,5031.794922,4658.974121,example
39,4936.9228520000015,4703.0771479999985,example
40,7950.256348000001,4962.563965,example
41,5154.3588869999985,4783.0771479999985,example
42,6317.94873,4664.615234000001,example
43,7970.769043000001,4713.846191,example
44,7970.256348000001,5109.743652,example
45,7884.615234000001,5037.436035,example
46,8026.153809,5602.05127,example
47,5335.384765999999,4956.9228520000015,example
48,4866.153809,4617.436035,example
49,4781.538574,4522.563965,example
50,5187.179688,4779.487305,example
51,4776.9228520000015,4531.794922,example
52,7902.05127,4909.230957,example
53,4930.256348,4649.743652,example
54,4762.05127,4502.563965,example
55,8047.692383,5382.563965,example
56,8046.153809,5030.769043,example
57,4774.3588869999985,4564.615234000001,example
58,4826.666504,4529.743652,example
59,5068.7177729999985,4632.820313,example
60,4836.410156,4574.3588869999985,example
61,4861.025879,4621.025879,example
62,4872.820313,4589.743652,example
63,8036.410156,5428.205078,example
64,7931.794922,4854.3588869999985,example
65,4920.0,4660.0,example
66,5046.153809,4812.820313,example
67,5069.230957,4671.2822270000015,example
68,4822.563965,4567.179688,example
69,5315.897461,4875.897461,example
70,4909.743652,4591.794922,example
71,4905.6411130000015,4596.410156,example
72,5046.153809,4737.94873,example
73,5252.820313,4808.7177729999985,example
74,5176.410156,4808.205078,example
75,5031.794922,4774.3588869999985,example
76,5046.153809,4824.102539,example
77,5215.897461,4837.94873,example
78,5642.563965,4665.128418,example
79,7871.794922,5163.589844,example
80,5173.333496,4810.256348,example
81,5046.153809,4615.897461,example
82,4959.487305,4695.384765999999,example
83,4982.563965,4657.436035,example
84,5028.205078,4792.307617,example
85,4991.2822270000015,4522.563965,example
86,7917.94873,5429.230957,example
87,4838.974121,4568.7177729999985,example
88,4980.0,4657.436035,example
89,8017.94873,5353.333496,example
90,4989.230957,4540.0,example
91,7893.333495999998,5450.769043,example
92,7911.794922,5163.0771479999985,example
93,4983.0771479999985,4727.692383,example
94,5017.94873,4718.974121,example
95,4986.666504,4607.692383,example
96,4929.230957,4690.256348,example
97,5201.538574,4801.025879,example
98,4949.230957,4709.743652,example
99,4841.538574,4546.666504,example
100,5135.897461,4677.94873,example
101,7947.179687999998,5340.512695,example
102,5035.384765999999,4618.974121,example
103,5014.3588869999985,4636.410156,example
104,4932.307617,4672.307617,example
105,4625.128418,4802.05127,example
106,8053.846191,5393.333496,example
107,7863.077148,4702.05127,example
108,6618.461426,4780.512695,example
109,7693.846191,4842.05127,example
110,4942.563965,4664.615234000001,example
111,5051.2822270000015,4773.333496,example
112,5153.846191,4658.974121,example
113,5387.179688,5213.333496,example
114,4904.615234000001,4617.436035,example
115,7973.333495999998,5209.230957,example
116,7942.05127,5317.436035,example
117,5357.436035,4718.974121,example
118,5066.666504,4593.333496,example
119,5054.3588869999985,4765.128418,example
120,5000.0,4648.7177729999985,example
121,5382.05127,4963.0771479999985,example
122,8070.256348000001,5551.2822270000015,example
123,5133.846191,4719.487305,example
124,4933.846191,4698.461426,example
125,5071.2822270000015,4763.0771479999985,example
126,5015.897461,4757.436035,example
127,4965.6411130000015,4607.179688,example
128,4951.2822270000015,4611.794922,example
129,4981.025879,4754.871582,example
130,5112.307617,4765.128418,example
131,5034.871582,4757.94873,example
132,5192.820313,4787.692383,example
133,7810.769043000001,4864.615234000001,example
134,4836.410156,4618.974121,example
135,4973.846191,4737.436035,example
136,5054.871582,4635.897461,example
137,4686.666504,4519.487305,example
138,5047.692383,4761.538574,example
139,4870.769043,4602.563965,example
140,5438.461426,4695.384765999999,example
141,4985.128418,4531.794922,example
142,4968.7177729999985,4597.436035,example
143,5122.05127,4770.256348,example
144,5251.794922,4606.666504,example
145,4844.102539,4567.179688,example
146,5083.589844,4736.9228520000015,example
147,4932.307617,4614.871582,example
148,4791.794922,4589.230957,example
149,6734.871581999999,4824.102539,example
150,4891.2822270000015,4656.9228520000015,example
151,5028.7177729999985,4692.820313,example
152,5187.179688,4605.128418,example
153,5195.897461,4792.307617,example
154,5211.794922,4661.025879,example
155,5291.794922,4834.871582,example
156,5318.974121,4627.692383,example
157,5025.128418,4666.153809,example
158,7916.922852,5015.897461,example
159,5045.6411130000015,4714.871582,example
160,5005.6411130000015,4720.0,example
161,4869.230957,4570.769043,example
162,4998.461426,4669.230957,example
163,5490.769043,4682.563965,example
164,8025.128418000001,5371.794922,example
165,4826.666504,4553.846191,example
166,5184.102539,5580.512695,example
167,5014.871582,4812.307617,example
168,7885.641113,4677.94873,example
169,7932.307617,5139.487305,example
170,4885.128418,4482.563965,example
171,4980.0,4633.333496,example
172,7867.692383,4854.871582,example
173,4975.897461,4692.307617,example
174,7775.384765999999,4801.025879,example
175,5190.256348,4809.230957,example
176,7860.512695,4850.256348,example
177,4980.0,4654.871582,example
178,5147.692383,4837.94873,example
179,4834.3588869999985,4650.256348,example
180,5189.230957,4901.025879,example
181,4822.05127,4551.2822270000015,example
182,5008.205078,4708.205078,example
183,5011.2822270000015,4626.153809,example
184,4906.153809,4563.589844,example
185,5083.589844,4522.563965,example
186,5106.666504,4636.9228520000015,example
187,4893.333496,4642.563965,example
188,5040.0,4753.846191,example
189,5065.6411130000015,4714.3588869999985,example
190,5369.230957,4699.487305,example
191,5051.2822270000015,4658.974121,example
192,5160.512695,4844.615234000001,example
193,5630.769043,4658.974121,example
194,8031.282227,5460.0,example
195,5062.563965,4753.846191,example
196,4953.846191,4609.230957,example
197,5147.179688,4786.153809,example
198,5126.153809,4737.436035,example
199,5508.7177729999985,4868.205078,example
200,5146.153809,4656.9228520000015,example
201,4966.153809,4530.769043,example
202,6315.384765999999,4661.025879,example
203,5167.692383,4842.563965,example
204,5021.025879,4746.666504,example
205,5215.897461,4871.794922,example
206,7960.512695,4892.307617,example
207,4975.384765999999,4708.7177729999985,example
208,4947.179688,4596.9228520000015,example
209,5021.538574,4735.897461,example
210,4955.384765999999,4638.974121,example
211,4898.461426,4590.769043,example
212,5016.9228520000015,4668.205078,example
213,4893.846191,4564.102539,example
214,5077.94873,4692.820313,example
215,5125.128418,4636.410156,example
216,7913.333495999998,4792.820313,example
217,4936.9228520000015,4702.05127,example
218,4847.692383,4557.436035,example
219,7961.025879000002,5342.05127,example
220,4849.230957,4584.102539,example
221,4824.615234000001,4533.846191,example
222,4973.846191,4616.410156,example
0,7739.487305,4466.666504,example
1,7823.077148,4621.025879,example
2,7783.077148,4500.512695,example
3,5938.974121,4464.102539,example
4,6902.05127,4724.102539,example
5,7881.538573999998,6549.230957,example
6,7738.974120999998,4455.384765999999,example
7,7308.205078,5406.666504,example
8,6397.436035,4516.9228520000015,example
9,7855.384765999999,6157.94873,example
10,6576.9228520000015,5558.461426,example
11,6721.538573999998,4394.3588869999985,example
12,7907.179687999998,6056.410156,example
13,7860.512695,6160.0,example
14,7889.230956999999,6109.743652,example
15,7333.333495999998,4503.0771479999985,example
16,7890.769043000001,4459.487305,example
17,6476.9228520000015,4580.512695,example
18,6417.436035,4507.179688,example
19,7874.871581999999,6332.307617,example
20,7876.410156,5938.974121,example
21,7884.102539,6204.102539,example
22,4909.743652,4577.94873,example
23,7912.820312999998,6275.384765999999,example
24,7857.94873,4543.0771479999985,example
25,6981.025879000002,4569.230957,example
26,7831.282227,4518.974121,example
27,6082.563965,4509.743652,example
28,7860.0,6170.769043,example
29,6980.512695,4694.871582,example
30,7882.563965,6076.9228520000015,example
31,7514.358887,4485.128418,example
32,7430.769043000001,4452.307617,example
33,5072.820313,4442.563965,example
34,7881.538573999998,6014.3588869999985,example
35,7835.384765999999,4518.974121,example
36,7885.641113,5743.589844,example
37,7893.846191,5731.2822270000015,example
38,6637.436035,4680.0,example
39,6730.769043000001,5506.153809,example
40,7327.692383,4475.384765999999,example
41,6231.794922,5346.153809,example
42,7878.461426000002,6116.9228520000015,example
43,7851.794922,4489.743652,example
44,6502.05127,4615.897461,example
45,7873.846191,6177.436035,example
46,5853.333496,5145.128418,example
47,7838.974120999998,4508.7177729999985,example
48,7868.717773,4530.256348,example
49,7872.307617,4472.820313,example
50,7824.615234000001,4479.487305,example
51,7809.743651999999,5800.0,example
52,7899.487305,6415.897461,example
53,6536.410156,5711.794922,example
54,7900.0,6167.692383,example
55,7458.461426000002,4492.307617,example
56,7853.333495999998,5736.9228520000015,example
57,7397.436035,4484.615234000001,example
58,7870.769043000001,6114.3588869999985,example
59,7852.820312999998,4437.436035,example
60,7902.05127,6594.3588869999985,example
61,7744.615234000001,4450.769043,example
62,7877.436035,6165.128418,example
63,7870.256348000001,6097.436035,example
64,7842.563965,4509.743652,example
65,7899.487305,5735.384765999999,example
66,7396.410156,4491.2822270000015,example
67,7810.256348000001,4510.256348,example
68,7878.974120999998,4473.846191,example
69,7884.615234000001,5873.846191,example
70,7926.666504000002,6180.0,example
71,7304.615234000001,4464.615234000001,example
72,7805.641113,4468.7177729999985,example
73,5701.538574,4548.205078,example
74,7853.333495999998,4491.2822270000015,example
75,7376.410156,5695.384765999999,example
76,6743.077148,4787.179688,example
77,7888.717773,6132.820313,example
78,7873.846191,6223.0771479999985,example
79,5215.897461,4503.0771479999985,example
80,5660.0,4443.589844,example
81,7874.358887,5529.743652,example
82,7855.897461,4563.589844,example
83,6797.94873,4743.589844,example
84,7809.743651999999,4485.128418,example
85,6580.512695,4632.307617,example
86,7745.128418000001,5536.410156,example
87,6205.128418,5585.128418,example
88,6675.384765999999,4707.179688,example
89,7854.358887,4543.589844,example
90,7869.743651999999,4475.897461,example
91,7900.512695,6258.974121,example
92,6298.461426,4500.0,example
93,7805.641113,4461.538574,example
94,5952.307617,5375.897461,example
95,6245.6411130000015,4525.6411130000015,example
96,5818.974121,4812.820313,example
97,6665.128418,4616.410156,example
98,7824.615234000001,4491.2822270000015,example
99,5816.410156,5177.436035,example
100,7842.05127,4548.7177729999985,example
101,7893.333495999998,6275.384765999999,example
102,7868.205078,6297.94873,example
103,7829.230956999999,4490.769043,example
104,7853.333495999998,4555.384765999999,example
105,7257.436035,4728.205078,example
106,7822.563965,4494.3588869999985,example
107,7526.153809,4453.333496,example
108,7879.487305,6052.820313,example
109,7394.871581999999,4438.974121,example
110,5943.589844,5267.179688,example
111,7890.256348000001,4488.7177729999985,example
112,7897.436035,5749.230957,example
113,7869.230956999999,4482.563965,example
114,7885.128418000001,4787.179688,example
115,7298.974120999998,4513.846191,example
116,7880.0,4579.487305,example
117,5452.820313,4504.615234000001,example
118,7852.307617,4476.9228520000015,example
119,7825.641113,4578.461426,example
120,7826.153809,4503.0771479999985,example
121,7825.641113,4615.897461,example
122,5933.846191,4898.974121,example
123,7860.512695,5902.05127,example
124,7853.333495999998,5526.153809,example
125,7884.102539,6314.3588869999985,example
126,7302.563965,4509.230957,example
127,7873.846191,5903.0771479999985,example
128,7854.871581999999,4465.128418,example
129,7878.974120999998,4958.974121,example
130,7811.794922,4445.128418,example
0,4675.897461,6878.461426000002,example
1,4616.410156,6418.974121,example
2,4869.230957,4874.871582,example
3,4741.025879,7208.205078,example
4,4653.333496,7054.871581999999,example
5,4596.9228520000015,4577.436035,example
6,4931.794922,6786.153809,example
7,4585.128418,4502.563965,example
8,4724.615234000001,4650.256348,example
9,4773.846191,4763.0771479999985,example
10,4720.0,4564.615234000001,example
11,4592.820313,4552.820313,example
12,4731.2822270000015,4549.230957,example
13,4570.256348,6026.153809,example
14,4546.153809,5863.589844,example
15,4823.0771479999985,4767.179688,example
16,4676.9228520000015,4455.384765999999,example
17,4608.7177729999985,4589.743652,example
18,4570.769043,4568.7177729999985,example
19,4772.820313,4562.05127,example
20,4606.666504,4548.205078,example
21,4567.692383,4503.0771479999985,example
22,4793.846191,6836.922852,example
23,4678.974121,6189.230957,example
24,4870.769043,6953.333495999998,example
25,4630.256348,4554.871582,example
26,4537.436035,7045.641113,example
27,4654.871582,5529.743652,example
28,4657.94873,4648.7177729999985,example
29,4715.897461,7086.153809,example
30,4676.410156,5303.589844,example
31,4536.410156,4578.461426,example
32,4594.871582,5660.512695,example
33,4727.179688,4634.3588869999985,example
34,4520.512695,6204.102539,example
35,4766.153809,7475.384765999999,example
36,4733.846191,5424.615234000001,example
37,4556.410156,4609.230957,example
38,4762.05127,4672.820313,example
39,4727.692383,4607.692383,example
40,4551.794922,4574.3588869999985,example
41,4734.3588869999985,6409.230957,example
42,4596.410156,4495.897461,example
43,4819.487305,5475.384765999999,example
44,4947.179688,4687.692383,example
45,4653.846191,4512.307617,example
46,4611.794922,7428.205078,example
47,4811.2822270000015,5286.153809,example
48,5139.487305,4876.9228520000015,example
49,4597.94873,4462.563965,example
50,4743.0771479999985,4536.9228520000015,example
51,4465.128418,6023.0771479999985,example
52,5194.871582,4842.563965,example
53,4538.974121,4527.179688,example
54,4568.205078,6126.666504,example
55,4680.0,6208.7177729999985,example
56,4698.461426,4671.2822270000015,example
57,4669.743652,4595.384765999999,example
58,4928.205078,6520.0,example
59,5076.410156,7068.717773,example
60,4786.666504,4627.692383,example
61,4644.102539,4560.512695,example
62,4615.384765999999,4393.846191,example
63,4589.230957,7185.128418000001,example
64,4613.333496,7014.358887,example
65,4672.820313,7208.205078,example
66,4598.974121,4616.9228520000015,example
67,4705.128418,6115.384765999999,example
68,4631.2822270000015,4623.0771479999985,example
69,4718.461426,5901.025879,example
70,4671.2822270000015,6040.0,example
71,4700.0,4600.0,example
72,4742.05127,4664.102539,example
73,4718.461426,7174.358887,example
74,4611.2822270000015,4577.94873,example
75,4794.871582,5503.589844,example
76,4624.615234000001,4604.615234000001,example
77,4555.384765999999,4417.94873,example
78,4477.436035,6413.846191,example
79,4700.0,4698.974121,example
80,4651.2822270000015,6221.538574,example
81,4801.538574,5528.205078,example
82,4612.307617,4575.897461,example
83,4720.512695,7072.820312999998,example
84,5148.7177729999985,7080.512695,example
85,4878.461426,7212.307617,example
86,4661.538574,4573.846191,example
87,5749.743652,4831.2822270000015,example
88,4821.538574,7120.0,example
89,4562.05127,6458.974121,example
90,4753.846191,6749.230956999999,example
91,4631.2822270000015,6178.461426,example
92,4790.256348,5607.179688,example
93,4641.538574,4543.589844,example
94,4624.102539,4582.563965,example
95,4570.256348,5394.3588869999985,example
96,4660.0,4597.94873,example
97,4566.153809,5582.05127,example
98,4646.153809,7418.974120999998,example
99,5275.384765999999,4927.179688,example
100,4674.871582,4623.0771479999985,example
101,4968.205078,5978.461426,example
102,4573.846191,4581.025879,example
103,4777.94873,4605.6411130000015,example
104,5097.436035,4797.436035,example
105,4637.436035,5663.0771479999985,example
106,4633.333496,6098.461426,example
107,4713.846191,7006.153809,example
108,4671.2822270000015,6824.102539,example
109,4611.2822270000015,4566.666504,example
110,4702.563965,5470.769043,example
111,4976.9228520000015,5434.3588869999985,example
112,4725.6411130000015,4627.692383,example
113,4948.7177729999985,4774.3588869999985,example
114,4661.025879,4634.3588869999985,example
115,4653.846191,4662.563965,example
116,4514.871582,5783.0771479999985,example
117,4562.563965,6149.230957,example
118,4716.410156,6225.6411130000015,example
119,4744.102539,4413.333496,example
120,4630.769043,4631.2822270000015,example
121,4612.820313,4592.307617,example
122,4550.769043,6932.820312999998,example
123,4695.384765999999,7168.717773,example
124,5326.666504,4754.3588869999985,example
125,4634.3588869999985,4636.410156,example
126,4901.538574,6976.410156,example
127,4567.692383,4529.743652,example
128,4674.3588869999985,4609.743652,example
0,4829.743652,4534.3588869999985,example
1,7640.0,4722.05127,example
2,7471.794922,4702.05127,example
3,7833.846191,4753.846191,example
4,4973.333496,4694.3588869999985,example
5,5040.512695,4732.820313,example
6,7852.307617,4953.333496,example
7,4851.794922,4553.333496,example
8,4920.0,4703.589844,example
9,7086.153809,4672.820313,example
10,8043.077148,5015.384765999999,example
11,4917.94873,4617.436035,example
12,8057.436035,5597.94873,example
13,4970.256348,4592.820313,example
14,4996.9228520000015,4799.487305,example
15,4887.179688,4618.974121,example
16,4986.666504,4716.410156,example
17,7940.512695,4899.487305,example
18,4982.563965,4752.307617,example
19,4752.307617,4487.179688,example
20,4921.538574,4675.897461,example
21,4943.0771479999985,4698.461426,example
22,4941.538574,4669.743652,example
23,5072.820313,4744.615234000001,example
24,4846.153809,4538.461426,example
25,4966.666504,4700.512695,example
26,5019.487305,4712.307617,example
27,5034.871582,4737.436035,example
28,4985.128418,4718.461426,example
29,5384.102539,5131.2822270000015,example
30,4992.307617,4853.846191,example
31,4979.487305,4711.794922,example
32,4992.307617,4655.897461,example
33,5105.128418,4734.3588869999985,example
34,5028.7177729999985,4731.2822270000015,example
35,4724.102539,4769.230957,example
36,4998.974121,4680.0,example
37,4985.6411130000015,4726.153809,example
38,7938.974120999998,4984.102539,example
39,7940.0,5310.256348,example
40,7945.641113,4919.487305,example
41,8029.743651999999,5572.307617,example
42,7808.717773,4712.820313,example
43,5021.538574,4722.05127,example
44,5033.333496,4729.743652,example
45,4862.05127,4576.410156,example
46,8007.692383,4924.615234000001,example
47,5031.2822270000015,4673.333496,example
48,7934.358887,4842.563965,example
49,4902.05127,4616.9228520000015,example
50,5008.7177729999985,4684.615234000001,example
51,5062.05127,4762.05127,example
52,4883.589844,4649.230957,example
53,5013.846191,4701.538574,example
54,5076.9228520000015,4704.102539,example
55,5010.769043,4646.153809,example
56,5023.589844,4715.384765999999,example
57,5004.615234000001,4737.436035,example
58,5017.436035,4723.0771479999985,example
59,5037.94873,4727.692383,example
60,7900.0,5143.589844,example
61,8050.769043000001,5488.205078,example
62,6177.94873,4609.743652,example
63,5004.615234000001,4699.487305,example
64,4782.563965,4592.820313,example
65,5012.307617,4664.615234000001,example
66,5006.666504,4581.538574,example
67,5043.589844,4772.820313,example
68,4805.128418,4513.333496,example
69,5047.692383,4745.6411130000015,example
70,5087.692383,4652.820313,example
71,5003.0771479999985,4742.563965,example
72,8000.0,5176.410156,example
73,7912.820312999998,5377.436035,example
74,4981.538574,4698.461426,example
75,5417.436035,4947.179688,example
76,4755.897461,4614.871582,example
77,5026.153809,4710.769043,example
78,7861.538573999998,4794.3588869999985,example
79,5064.615234000001,4742.563965,example
80,8035.384765999999,5371.794922,example
81,5112.820313,4807.179688,example
82,5069.230957,4764.615234000001,example
83,5026.666504,4714.871582,example
84,4955.384765999999,4691.794922,example
85,4956.410156,4857.436035,example
86,7917.436035,5427.692383,example
87,4972.820313,4689.743652,example
88,4908.205078,4718.974121,example
89,4986.666504,4686.666504,example
90,8021.538573999998,5468.205078,example
91,4969.230957,4664.615234000001,example
92,5027.692383,4742.563965,example
93,5027.692383,4725.128418,example
94,4894.871582,4572.820313,example
95,4911.2822270000015,4509.230957,example
96,4850.769043,4556.9228520000015,example
97,7900.0,4864.102539,example
98,4938.461426,4674.3588869999985,example
99,4972.820313,4623.0771479999985,example
100,5052.307617,4770.256348,example
101,7238.461426000002,4731.2822270000015,example
102,7940.0,5273.333496,example
103,5011.794922,4674.3588869999985,example
104,4869.743652,4555.897461,example
105,4843.589844,4528.205078,example
106,4900.512695,4640.512695,example
107,4811.794922,4567.692383,example
108,4939.487305,4923.589844,example
109,4925.6411130000015,4683.589844,example
110,7285.128418000001,4666.666504,example
111,5030.769043,4786.153809,example
112,4761.538574,4541.025879,example
113,5067.692383,4743.0771479999985,example
114,5847.179688,4700.0,example
115,5038.461426,4749.743652,example
116,4980.0,4703.589844,example
117,4915.384765999999,4608.205078,example
118,4901.025879,4685.128418,example
119,4994.3588869999985,4687.179688,example
120,5057.436035,4726.153809,example
121,4964.615234000001,4630.256348,example
122,5012.820313,4774.3588869999985,example
123,4996.9228520000015,4705.6411130000015,example
124,4955.897461,4682.05127,example
125,4972.820313,4653.333496,example
126,4940.0,4720.0,example
127,4985.128418,4717.94873,example
128,8004.102539,5258.974121,example
129,4865.6411130000015,4557.436035,example
130,5031.794922,4766.666504,example
131,5005.6411130000015,4706.153809,example
132,4974.871582,4705.6411130000015,example
133,7857.436035,4730.769043,example
134,5261.025879,4761.025879,example
135,5066.153809,4735.384765999999,example
136,4795.384765999999,4537.436035,example
137,5044.102539,4734.871582,example
138,4770.769043,4546.666504,example
139,4954.871582,4693.846191,example
140,7906.153809,4736.410156,example
141,7991.794922,4949.743652,example
142,4886.153809,4561.025879,example
143,7911.794922,4890.769043,example
144,4910.769043,4708.7177729999985,example
145,4970.256348,4711.794922,example
146,4955.897461,4708.7177729999985,example
147,4884.615234000001,4625.128418,example
148,5017.94873,4734.871582,example
149,4971.794922,4684.102539,example
150,4976.9228520000015,4751.2822270000015,example
151,5013.333496,4766.666504,example
152,4801.538574,4534.871582,example
153,5019.487305,4746.666504,example
154,5016.9228520000015,4719.487305,example
155,4966.153809,4723.0771479999985,example
156,4847.692383,4554.871582,example
157,8004.102539,5070.256348,example
158,5182.05127,4811.794922,example
159,4946.666504,4684.102539,example
160,7982.05127,4850.769043,example
161,7858.974120999998,4741.538574,example
162,7938.461426000002,4916.410156,example
163,4889.230957,4550.256348,example
164,4792.307617,4488.205078,example
165,5052.307617,4752.820313,example
166,5072.820313,4708.7177729999985,example
167,4829.743652,4426.153809,example
168,5138.461426,4827.179688,example
169,5011.794922,4704.102539,example
170,5060.0,4904.615234000001,example
171,5061.025879,4735.897461,example
172,4799.487305,4528.7177729999985,example
173,5036.9228520000015,4742.563965,example
174,4968.7177729999985,4698.461426,example
175,4989.743652,4701.538574,example
176,8028.717773,5000.512695,example
177,8038.974120999998,5135.897461,example
178,4988.7177729999985,4690.769043,example
179,7909.230956999999,5004.615234000001,example
180,7898.974120999998,4862.05127,example
181,4959.487305,4698.974121,example
182,6595.897461,4618.974121,example
183,4757.436035,4816.410156,example
184,7994.358887,4796.9228520000015,example
185,5035.384765999999,4725.6411130000015,example
186,4967.692383,4737.436035,example
187,4966.153809,4728.205078,example
188,6389.743652,4657.94873,example
189,7899.487305,4803.589844,example
190,5043.589844,4737.436035,example
191,4924.102539,4622.05127,example
192,5006.666504,4720.0,example
193,4918.461426,4695.384765999999,example
194,4960.512695,4624.102539,example
195,8010.769043000001,5414.3588869999985,example
196,4909.743652,4845.128418,example
197,4991.794922,4681.538574,example
198,5014.3588869999985,4736.410156,example
199,4963.589844,4790.256348,example
200,5031.2822270000015,4738.974121,example
201,5015.897461,4711.2822270000015,example
202,5014.871582,4718.461426,example
203,4772.307617,4497.94873,example
204,5038.974121,4729.743652,example
205,5046.666504,4720.0,example
206,4942.05127,4669.743652,example
207,4981.538574,4703.0771479999985,example
208,7916.922852,5227.692383,example
209,4896.410156,4644.615234000001,example
210,4999.487305,4662.05127,example
211,7962.05127,5236.410156,example
212,5038.974121,4728.205078,example
213,4893.333496,4704.615234000001,example
0,4376.410156,4327.692383,example_baseline
1,4406.666504,4422.05127,example_baseline
2,4379.487305,4362.05127,example_baseline
3,4429.230957,4391.2822270000015,example_baseline
4,4452.307617,4341.538574,example_baseline
5,4348.205078,4316.410156,example_baseline
6,4366.153809,4340.0,example_baseline
7,4352.307617,4355.897461,example_baseline
8,4536.410156,4422.05127,example_baseline
9,4404.102539,4347.692383,example_baseline
10,4394.871582,4351.2822270000015,example_baseline
11,4361.025879,4335.897461,example_baseline
12,4423.589844,4366.153809,example_baseline
13,4356.9228520000015,4336.410156,example_baseline
14,4380.512695,4349.743652,example_baseline
15,4369.230957,4354.3588869999985,example_baseline
16,4420.0,4379.487305,example_baseline
17,4365.128418,4303.589844,example_baseline
18,4410.256348,4343.0771479999985,example_baseline
19,4382.05127,4361.025879,example_baseline
20,4393.333496,4351.794922,example_baseline
21,4437.436035,4375.384765999999,example_baseline
22,4377.94873,4357.94873,example_baseline
23,4375.384765999999,4337.94873,example_baseline
24,4367.179688,4333.333496,example_baseline
25,4377.94873,4345.128418,example_baseline
26,4366.153809,4328.7177729999985,example_baseline
27,4408.7177729999985,4446.666504,example_baseline
28,4402.05127,4430.256348,example_baseline
29,4403.0771479999985,4391.2822270000015,example_baseline
30,4388.205078,4400.0,example_baseline
31,4351.794922,4336.410156,example_baseline
32,4359.487305,4336.9228520000015,example_baseline
33,4371.794922,4340.0,example_baseline
34,4818.461426,4705.128418,example_baseline
35,4358.461426,4338.974121,example_baseline
36,4345.128418,4326.153809,example_baseline
37,4416.9228520000015,4369.230957,example_baseline
38,4374.871582,4375.897461,example_baseline
39,4372.820313,4344.102539,example_baseline
40,4433.333496,4418.974121,example_baseline
41,4465.6411130000015,4436.410156,example_baseline
42,4377.436035,4358.461426,example_baseline
43,4344.102539,4305.6411130000015,example_baseline
44,4346.666504,4315.897461,example_baseline
45,4395.897461,4371.794922,example_baseline
46,4432.820313,4442.05127,example_baseline
47,4403.589844,4344.102539,example_baseline
48,4378.974121,4351.2822270000015,example_baseline
49,4375.384765999999,4344.615234000001,example_baseline
50,4433.846191,4361.025879,example_baseline
51,4398.461426,4329.743652,example_baseline
52,4378.974121,4350.769043,example_baseline
53,4396.9228520000015,4378.974121,example_baseline
54,4384.615234000001,4330.769043,example_baseline
55,4488.205078,4409.230957,example_baseline
56,4446.153809,4405.6411130000015,example_baseline
57,4387.692383,4346.153809,example_baseline
58,4358.974121,4334.3588869999985,example_baseline
59,4365.128418,4342.05127,example_baseline
60,4394.871582,4362.05127,example_baseline
61,4360.512695,4332.307617,example_baseline
62,4496.410156,4460.512695,example_baseline
63,4437.436035,4361.025879,example_baseline
64,4394.3588869999985,4353.846191,example_baseline
65,4398.974121,4429.743652,example_baseline
66,4416.410156,4371.2822270000015,example_baseline
67,4373.846191,4349.230957,example_baseline
68,4381.025879,4357.436035,example_baseline
69,4366.666504,4314.3588869999985,example_baseline
70,4499.487305,4409.230957,example_baseline
71,4392.820313,4364.615234000001,example_baseline
72,4362.563965,4330.256348,example_baseline
73,4455.384765999999,4391.794922,example_baseline
74,4372.307617,4352.820313,example_baseline
75,4374.3588869999985,4354.3588869999985,example_baseline
76,4371.2822270000015,4327.692383,example_baseline
77,4433.846191,4406.666504,example_baseline
78,4388.205078,4362.563965,example_baseline
79,4393.333496,4356.9228520000015,example_baseline
80,4404.615234000001,4344.615234000001,example_baseline
81,4373.333496,4348.205078,example_baseline
82,4363.0771479999985,4344.615234000001,example_baseline
83,4395.897461,4393.846191,example_baseline
84,4360.512695,4338.974121,example_baseline
85,4360.512695,4348.7177729999985,example_baseline
86,4357.94873,4334.3588869999985,example_baseline
87,4385.128418,4329.743652,example_baseline
88,4393.846191,4366.153809,example_baseline
89,4384.102539,4350.769043,example_baseline
90,4390.256348,4358.974121,example_baseline
91,4231.2822270000015,4242.563965,example_baseline
92,4383.589844,4341.538574,example_baseline
93,4385.128418,4326.666504,example_baseline
94,4377.436035,4345.6411130000015,example_baseline
95,4384.615234000001,4335.384765999999,example_baseline
96,4397.94873,4387.692383,example_baseline
97,4366.666504,4333.846191,example_baseline
98,4373.846191,4340.0,example_baseline
99,4440.0,4361.025879,example_baseline
100,4386.666504,4345.128418,example_baseline
101,4460.0,4394.871582,example_baseline
102,4370.769043,4345.128418,example_baseline
103,4408.7177729999985,4342.563965,example_baseline
104,4384.102539,4350.769043,example_baseline
105,4385.6411130000015,4361.538574,example_baseline
106,4472.307617,4382.563965,example_baseline
107,4403.589844,4325.128418,example_baseline
108,4428.205078,4327.692383,example_baseline
109,4446.666504,4429.230957,example_baseline
110,4405.128418,4365.6411130000015,example_baseline
111,4380.0,4316.410156,example_baseline
112,4372.307617,4352.820313,example_baseline
113,4403.0771479999985,4342.05127,example_baseline
114,4358.461426,4309.743652,example_baseline
115,4377.94873,4395.897461,example_baseline
116,4368.205078,4336.9228520000015,example_baseline
117,4403.0771479999985,4353.846191,example_baseline
118,4418.461426,4370.769043,example_baseline
119,4355.384765999999,4258.974121,example_baseline
120,4374.871582,4318.974121,example_baseline
121,4365.6411130000015,4327.179688,example_baseline
122,4359.487305,4341.538574,example_baseline
123,4389.230957,4358.974121,example_baseline
124,4389.230957,4343.0771479999985,example_baseline
125,4374.3588869999985,4340.512695,example_baseline
126,4447.179688,4325.6411130000015,example_baseline
127,4369.743652,4342.563965,example_baseline
128,4402.05127,4612.307617,example_baseline
129,4400.512695,4334.871582,example_baseline
130,4373.846191,4363.589844,example_baseline
131,4581.025879,4751.794922,example_baseline
132,4396.410156,4329.230957,example_baseline
133,4371.2822270000015,4316.9228520000015,example_baseline
134,4381.538574,4337.94873,example_baseline
135,4375.384765999999,4370.256348,example_baseline
136,4370.769043,4328.7177729999985,example_baseline
137,4368.7177729999985,4336.9228520000015,example_baseline
138,4403.0771479999985,4358.974121,example_baseline
139,4370.256348,4477.94873,example_baseline
140,4385.128418,4346.666504,example_baseline
141,4377.94873,4339.487305,example_baseline
142,4388.7177729999985,4340.0,example_baseline
143,4423.589844,4388.7177729999985,example_baseline
144,4397.94873,4351.794922,example_baseline
145,4390.256348,4326.666504,example_baseline
146,4362.05127,4355.897461,example_baseline
147,4409.230957,4343.589844,example_baseline
148,4384.615234000001,4350.769043,example_baseline
149,4367.179688,4342.05127,example_baseline
150,4467.692383,4559.487305,example_baseline
151,4402.05127,4365.6411130000015,example_baseline
152,4390.769043,4361.538574,example_baseline
153,4772.820313,4555.897461,example_baseline
154,4664.615234000001,4508.7177729999985,example_baseline
155,4549.230957,4442.05127,example_baseline
156,4388.205078,4402.563965,example_baseline
157,4393.846191,4346.153809,example_baseline
158,4426.153809,4369.230957,example_baseline
159,4367.179688,4334.3588869999985,example_baseline
160,4462.563965,4343.0771479999985,example_baseline
161,4382.05127,4340.512695,example_baseline
162,4469.230957,4389.230957,example_baseline
163,4408.7177729999985,4372.820313,example_baseline
164,4396.410156,4367.179688,example_baseline
165,4530.256348,4422.05127,example_baseline
166,4412.307617,4348.205078,example_baseline
167,4396.9228520000015,4335.897461,example_baseline
168,4426.666504,4396.9228520000015,example_baseline
169,4375.384765999999,4351.2822270000015,example_baseline
170,4376.410156,4334.3588869999985,example_baseline
171,4497.94873,4334.3588869999985,example_baseline
172,4369.230957,4362.563965,example_baseline
173,4425.128418,4386.666504,example_baseline
