,AF3_max,AF4_max,AF_adj_max_diff,AF_adj_max_ratio,AF_max_diff,AF_scaled_ratio,AF_scaled_diff,label
0,4660.512695,4589.230957,-17.4360349999979,0.9539291917645627,71.28173800000059,2.194793716033179,0.5348070499000754,none
1,4802.563965,4680.512695,54.87207099999887,1.1361330894227386,122.05126999999993,0.7934183938564366,-0.20558306166045137,none
2,7867.692383,6775.384765999999,1391.5383300000012,1.5426999022638836,1092.3076170000004,0.4235575543619874,-0.01651209789981469,none
3,7903.589844,6857.94873,1349.7437755,1.5045529366117592,1045.641114,0.4271580892552854,-0.013195354091616162,none
4,5900.0,4894.3588869999985,974.3588860000036,2.5447151681430076,1005.6411130000015,0.4116711753493416,-0.206314346746876,none
5,4923.0771479999985,4674.3588869999985,195.89794799999981,1.440093588375819,248.71826099999998,0.7182612447541323,-0.15578519377365257,none
6,8023.589844,5321.538574,3012.0511480000005,3.6770732132894515,2702.05127,0.15116287940515388,-0.11003853772558689,none
7,8023.077148,5315.384765999999,3060.5130610000006,3.666666701228775,2707.692382000001,0.17009156237414574,-0.07738530922693194,none
8,4962.05127,4768.205078,196.41015699999934,1.430578794564639,193.84619199999997,0.41318735824237995,-0.47590460525126366,none
9,8067.179687999998,5215.384765999999,3256.922973999999,4.337361032457106,2851.794921999999,0.2149978780248134,-0.07279690016918401,none
10,7877.94873,5661.538574,2500.512573,2.657093868966486,2216.410156,0.4686244686342716,-0.03314367192080561,none
11,7972.820312999998,5343.0771479999985,2901.794556499999,3.5580915941682028,2629.743165,0.1637152189595724,-0.09744954973795938,none
12,5043.0771479999985,4782.05127,224.87206949999927,1.4176196448657017,261.02587799999856,0.6117447073748017,-0.08156536400212307,none
13,4966.153809,4920.0,-67.17944249999982,0.9125792912034726,46.153809000000365,0.9582699461438549,0.013250045921557457,none
14,7957.436035,5285.128418,2985.384520999999,3.7356667662470757,2672.3076169999995,0.15960532548153483,-0.09509329736763626,none
15,5003.589844,4757.94873,208.9746100000002,1.4175210980412796,245.64111400000002,0.7686247094910867,-0.13369152909798626,none
16,4900.0,4680.0,216.66674799999964,1.5351489881145728,220.0,0.5529058956338976,-0.3333817097999604,none
17,7903.077148,5641.025879,2374.1025384999994,2.712409341285895,2262.0512690000005,0.2397958537833755,-0.07532859061668606,none
18,7858.974120999998,6750.256348000001,1349.743529999997,1.5333873773485662,1108.7177729999976,0.4656537503530415,-0.01538568832261469,none
19,6317.94873,4929.743652,1383.5898435,3.059541981071675,1388.205078,0.4398565958385981,-0.23577177710484643,none
20,7887.179687999998,6187.692383,1929.230712999999,1.9718417687777012,1699.4873049999987,0.2833739773318751,-0.03858420465618766,none
21,5284.615234000001,4839.487305,443.84594650000145,1.7337851211689748,445.12792900000113,0.5492768341739784,-0.08746227629537327,none
22,4845.6411130000015,4662.05127,124.61547800000153,1.312339560572599,183.58984300000157,0.8929929151561777,-0.14454736971087462,none
23,7856.922852,5475.384765999999,2624.102173000001,3.011794229544903,2381.5380860000005,0.45221543142248644,-0.03968625228462703,none
24,8043.589844,5101.538574,3183.3332525000005,5.494929865127449,2942.05127,0.2367430432058676,-0.2435154197289003,none
25,4888.7177729999985,4723.589844,90.7685539999984,1.1953626395032664,165.1279289999984,0.8735851348753408,-0.14423840013525424,none
26,5050.769043,4712.307617,300.2563479999999,1.6458909512841442,338.46142599999985,0.6112815871144143,-0.1157538104809411,none
27,4941.025879,4758.974121,112.56445350000013,1.2267569511611687,182.0517579999996,0.5227229030078908,-0.08859385543483304,none
28,4813.333496,4700.512695,56.1542974999993,1.1359415890696174,112.82080099999985,0.910040655918629,-0.10447442561890546,none
29,5067.692383,4704.615234000001,297.43603599999824,1.6223178707891903,363.0771489999988,0.6691646278838709,-0.23285811438746254,none
30,7965.641113,5674.871582,2686.6669919999995,2.76071295108732,2290.769531,0.20517784119761054,-0.04315942098354096,none
31,5036.410156,4748.205078,228.46166899999935,1.4477390039251397,288.20507799999996,0.7176611012919417,-0.12560598226155983,none
32,4700.512695,4464.615234000001,165.3845214999983,1.8354917028262696,235.89746099999957,0.9204251405022995,-0.743696316528752,none
33,5012.820313,4750.256348,206.6665040000007,1.425553969880732,262.5639650000003,0.6434919873188039,-0.11163327723741837,none
34,4972.307617,4677.94873,216.92285200000333,1.4705220733834903,294.3588870000003,0.42796078358194944,-0.35601082584937593,none
35,7909.230956999999,5014.3588869999985,3133.3336175000013,4.963672734589258,2894.8720700000003,0.13546770698201593,-0.1809767520125926,none
36,5790.256348,4605.128418,1190.7690430000002,4.588870606645391,1185.1279299999997,0.5077126795037784,-0.5679020296066601,none
37,7869.743651999999,5886.666504,2224.102539000001,2.3320023923049495,1983.0771479999994,0.21955941104989604,-0.05426185936355611,none
38,7883.077148,5119.487305,2872.308103999999,4.204234224222422,2763.5898430000007,0.1663181722329494,-0.16475576920706567,none
39,7862.05127,6178.461426,2340.5129400000005,2.185454658426546,1683.589844,0.5066130137442221,-0.014325122341273526,none
40,7980.0,4993.333496,3119.7435309999996,4.969657223494742,2986.666504,0.1618965806634186,-0.18349596503198565,none
41,5101.538574,4701.025879,346.41015550000066,1.8202782541667346,400.51269500000035,0.545860815627611,-0.15428519213483144,none
42,7845.641113,6341.025879,1606.1538090000013,1.7682117924455258,1504.6152339999999,0.5058933516028611,-0.02586446938191321,none
43,4864.102539,4669.230957,164.6149904999993,1.3789836081274662,194.87158200000067,0.7650142206107843,-0.14729206122385474,none
44,7907.692383,6168.205078,2141.025879,2.0702385865139434,1739.4873049999997,0.293118033807779,-0.027661183192051023,none
45,7637.94873,4801.538574,2868.7177735000005,6.0693243453775825,2836.410156,0.23914085213653594,-0.34925703906591493,none
46,7857.94873,5208.7177729999985,2719.4877930000002,3.8282684122699155,2649.2309570000016,0.7139650810262232,-0.04062201341090067,none
47,5139.487305,4799.487305,302.3076169999995,1.548371781628287,340.0,0.5235377575045965,-0.09910318734769394,none
48,5363.0771479999985,5000.512695,312.56445249999797,1.4048493472492085,362.56445299999814,0.7789665313884816,-0.07390552854358513,none
49,4736.410156,4563.0771479999985,156.15332050000052,1.5413308072644427,173.33300800000143,0.6323833955821246,-0.7194758759800616,none
50,7986.666504000002,4676.9228520000015,3491.7947995000004,9.349479666828081,3309.743652,0.19995204407043843,-0.3108945343953712,none
51,5129.743652,4777.436035,338.46142600000167,1.657042815930461,352.3076170000004,0.6787373099942554,-0.16510757539227724,none
52,4944.615234000001,4649.230957,252.56396450000102,1.628990540022192,295.384277000001,0.7071706122591684,-0.19928589831017565,none
53,7830.769043000001,5804.615234000001,2059.230713,2.480914716136409,2026.1538090000004,0.434493996815819,-0.04941183226600137,none
54,7941.025879000002,5600.512695,2843.5899665000015,3.0196686895694005,2340.5131840000013,0.14416389389453757,-0.05584980999908255,none
55,4827.179688,4652.820313,113.84643550000055,1.3055755414971841,174.359375,0.8459944870728605,-0.24982629684231628,none
56,4977.94873,4633.846191,232.56396500000028,1.5595307050387974,344.10253900000043,0.7296675147315742,-0.25635482429702666,none
57,4946.153809,4722.563965,165.89746099999957,1.3819363801804738,223.58984400000008,0.598679966412502,-0.09554133573916199,none
58,4812.307617,4779.487305,-56.410400999998274,0.894686200184672,32.82031200000074,0.9445544526334831,0.025741548879917198,none
59,5086.666504,4726.153809,338.46142599999894,1.7252747370957622,360.51269499999944,0.5191414743110754,-0.15271585462338907,none
60,5013.846191,4732.820313,232.30761600000005,1.4718749162236204,281.02587799999947,0.6522539573973125,-0.21279231621645292,none
61,4718.461426,4557.94873,111.28198349999911,1.3369563810381484,160.51269599999978,0.9137467895796935,-0.18263533005347726,none
62,5030.256348,4872.307617,119.23046950000025,1.1954597862257872,157.9487309999995,0.830410337352896,-0.03871194002318987,none
63,7872.820312999998,7058.461426000002,1070.2562259999972,1.3656271324180598,814.3588869999967,0.44324423413821673,-0.012454532570564066,none
64,7908.717773,7472.307617,974.8718259999987,1.2877687187288323,436.4101559999999,0.4120612930735093,-0.01102718880260719,none
65,7927.692383,5364.615234000001,2859.743774999999,3.4642072312703123,2563.077148999999,0.1788000145612668,-0.06928175778464907,none
66,7883.077148,5963.589844,2108.4616690000003,2.1282931125459936,1919.4873040000002,0.2958409321827485,-0.032856429228123,none
67,7975.384765999999,5270.769043,2994.8719484999974,3.835639964934136,2704.615722999999,0.16488216989243445,-0.1032003280113538,none
68,4785.6411130000015,4630.769043,71.28222600000117,1.1908035609128336,154.87207000000126,1.0802856928564122,-0.03092794771962354,none
69,7876.410156,5161.025879,2939.7432854999997,4.1838369306901875,2715.384277,0.13546639405578245,-0.14405304026130078,none
70,5010.256348,4735.897461,227.17919999999867,1.475831699632808,274.3588870000003,0.6358636656180104,-0.15176127751888185,none
71,5029.743652,4727.179688,232.56396399999994,1.519770303570016,302.56396399999994,0.6912587525212887,-0.03129804881410361,none
72,7877.436035,6248.7177729999985,2022.3078615000013,1.9826813622805866,1628.7182620000012,0.3230163089225034,-0.02328079240689447,none
73,5510.769043,4791.794922,714.8715819999998,2.3856854046428406,718.9741210000002,0.46200230374566575,-0.3386422123543003,none
74,4871.2822270000015,4713.333496,100.51269600000069,1.2197306034274291,157.94873100000132,0.7300630568564201,-0.23527266613562497,none
75,5043.589844,4766.153809,222.82080049999968,1.4332010316757675,277.4360349999997,0.6105646337876338,-0.13996809007132704,none
76,5132.820313,4799.487305,286.92236350000076,1.550958430063225,333.3330080000005,0.5516516013172577,-0.15763104257589838,none
77,5004.615234000001,4768.205078,172.56420900000194,1.3572190985174113,236.41015600000082,0.5024450593212637,-0.12397724816103181,none
78,5015.897461,4752.820313,221.53857349999907,1.4392478827886201,263.0771479999994,0.6246416723082624,-0.1709812849758535,none
79,4821.538574,4634.871582,145.38476600000195,1.406160865551898,186.6669920000004,1.1307539143785519,-0.08643887356835073,none
80,5208.7177729999985,4953.846191,263.0766599999979,1.3870233421466331,254.87158199999885,0.7741587349341904,-0.036665655435436775,none
81,5054.3588869999985,4892.307617,128.71777399999883,1.1937473504390292,162.0512699999981,0.892455797886767,-0.02494481930484778,none
82,5107.692383,4746.666504,322.05126999999993,1.648760437528196,361.0258789999998,0.5235734656993696,-0.1309530703045129,none
83,5364.615234000001,4945.6411130000015,433.84570299999996,1.5972459962026961,418.9741209999993,0.5723747157599335,-0.06988723207931608,none
84,5074.3588869999985,4778.461426,258.9743654999984,1.50932942452944,295.89746099999866,0.6008807326087622,-0.09705613831424241,none
85,6171.2822270000015,4868.7177729999985,1328.4616710000028,3.2985804830819627,1302.564454000003,0.43044717988231607,-0.20883635254644878,none
86,7852.307617,6192.820313,1918.974365,2.012994094291701,1659.4873040000002,0.3040183051316463,-0.032619621750970086,none
87,7782.563965,5238.461426,2506.410156000001,3.619941375098047,2544.1025390000004,0.15387404793483722,-0.0517328951591369,none
88,5125.6411130000015,4746.153809,323.07714750000105,1.6559090191911343,379.48730400000113,0.6385753459645618,-0.23539915821990384,none
89,6803.589844,5121.025879,1716.9228510000012,2.959039248091291,1682.5639650000003,0.967688998713479,-0.03966753938785994,none
90,5100.0,4796.410156,240.0,1.4708248921950282,303.5898440000001,0.6083682619568808,-0.06354648188645831,none
91,5083.589844,4616.9228520000015,438.9748529999979,2.173408605828763,466.6669919999986,0.4627315442400239,-0.5162539346582502,none
92,4866.153809,4626.153809,188.97412150000036,1.4923173023067509,240.0,0.6746986100732181,-0.20856198135268234,none
93,5221.025879,4801.538574,374.1027839999997,1.6786048349761227,419.48730499999965,0.7096327177737272,-0.15291849905077992,none
94,5054.3588869999985,4745.6411130000015,253.84594749999542,1.5325438549365606,308.717773999997,0.6396759797641838,-0.05927921154939629,none
95,7966.153809,5364.102539,2911.794923,3.5530578798160586,2602.05127,0.15555493249322017,-0.10242331219180434,none
96,4614.3588869999985,4431.2822270000015,105.89697199999682,1.5649765875330173,183.076659999997,1.9895858764194414,0.27371023627701563,none
97,7909.230956999999,5292.307617,2969.743896499998,3.7054433500436303,2616.9233399999985,0.1504135057842745,-0.09548236384983048,none
98,7852.307617,5747.692383,2014.6154785000008,2.3453768706534155,2104.615234000001,0.10461913294928646,-0.03830040127118744,none
99,5046.666504,4763.0771479999985,232.56372100000135,1.4530460661776143,283.5893560000013,0.6329378305766354,-0.2558624293942076,none
100,4758.974121,4630.256348,73.589598999999,1.1930057077992033,128.7177730000003,0.7105945649270118,-0.23761983710054496,none
101,4898.461426,4589.230957,151.28173849999985,1.573370408485204,309.2304690000001,1.7041441959096792,0.005647410128150836,none
102,4800.0,4729.743652,13.333252500001436,1.0323180058407841,70.25634799999989,0.9999597612524131,-0.007660570127700994,none
103,5204.102539,4861.538574,274.87158199999885,1.424890501264715,342.5639650000003,0.7256084460096653,-0.09063188309388534,none
104,5396.9228520000015,4773.333496,646.1535650000014,2.323528971978455,623.5893560000013,0.5123739377805897,-0.3298974965122121,none
105,7851.282227,5977.94873,1978.9746099999998,1.9958711162049796,1873.3334969999996,0.35772176570752556,-0.024749858364166488,none
106,7894.358887,5064.615234000001,2983.5898449999995,4.7559721400284,2829.7436529999995,0.18613219230097786,-0.16107947489407656,none
107,5048.205078,4869.230957,93.58959950000008,1.151956402402896,178.9741210000002,0.9184282396823302,-0.02452968087660351,none
108,5989.743652,5118.974121,822.5644530000009,1.9440854974054331,870.7695309999999,0.7470378525573538,-0.08253107225165134,none
109,4953.333496,4674.871582,282.0515135000005,1.7513669247015036,278.46191400000043,0.9881212310682573,-0.16901310433488065,none
110,4908.7177729999985,4677.436035,193.58911099999932,1.4537241329415975,231.28173799999877,0.7298345221119907,-0.140668099891919,none
111,7893.333495999998,6681.538574,1546.410155999998,1.6150942461289173,1211.7949219999982,0.4111132462423916,-0.013790858572083653,none
112,6931.282227,4871.2822270000015,2013.5898439999983,4.3631675727973604,2059.999999999998,0.3356589690844564,-0.3540414104420272,none
113,4930.256348,4723.0771479999985,138.46142700000019,1.3241292393193793,207.1792000000014,0.8347716841057611,-0.1943683166336745,none
114,4839.487305,4658.461426,83.07714849999957,1.2065015547462246,181.0258789999998,1.063991909991669,-0.042421356183609205,none
115,7854.358887,6605.128418,1497.4357909999999,1.6249999490274512,1249.230469,0.3966413514782787,-0.020117118997465464,none
116,7874.358887,6996.410156,1460.256348500001,1.5170222367059345,877.9487310000004,0.33287358277515006,-0.017717111734748513,none
117,7853.846191,5397.94873,2568.717895499999,3.0007987822117532,2455.8974609999996,0.32327269839138656,-0.06091727738022312,none
118,5040.0,4747.692383,271.2819820000004,1.554216583819269,292.3076170000004,0.5530082129325085,-0.24860817454757775,none
119,7534.358887,4939.487305,2567.179688000002,4.7838255641670075,2594.8715820000007,0.2836862475858808,-0.2556138204095766,none
120,5025.6411130000015,4739.487305,264.3591305,1.5545994792628157,286.15380800000185,0.5404533169922114,-0.1650679406703595,none
121,5565.6411130000015,4835.897461,624.6152340000026,1.9116761436102088,729.7436520000019,0.5171256742827899,-0.1413136718391474,none
122,7871.794922,7155.384765999999,906.1538090000008,1.296924869514545,716.4101560000008,0.48332445594154977,-0.01312039427747363,none
123,4929.743652,4722.05127,143.84594700000162,1.2965110714252202,207.69238200000018,0.7985452236328655,-0.15424389860534948,none
124,4980.512695,4771.794922,126.41040000000066,1.2312386053929523,208.7177730000003,0.6508547399065089,-0.06799479696056046,none
125,4673.333496,4505.6411130000015,128.46142599999894,1.5268133386590328,167.6923829999987,1.782215589797398,0.16494074579760454,none
126,5055.897461,4703.0771479999985,324.3588875000023,1.7423702479303897,352.8203130000011,0.6154486354320375,-0.2594958658098939,none
127,7870.769043000001,7171.282227,778.7175290000023,1.2649623193350703,699.4868160000015,0.43214015598274075,-0.01559529564720318,none
128,7862.05127,6016.410156,2318.974488,2.1806790055950223,1845.641114,0.301396398913162,-0.02502134068758833,none
129,5048.205078,4786.153809,211.7951654999979,1.4041103565439301,262.0512689999996,0.6027253366930747,-0.09563004396700402,none
130,4808.205078,4513.846191,270.2563480000017,2.1094729758498265,294.3588870000003,0.6299823729882308,-0.9246177848624493,none
131,4807.179688,4678.461426,50.00048849999985,1.1090005475883307,128.71826200000032,0.8361778334171445,-0.10762941689969352,none
132,4835.897461,4666.153809,104.35888599999998,1.2624110753179658,169.7436519999992,0.92003177850816,-0.16964321982519248,none
133,7982.563965,5521.025879,2866.6665040000007,3.1401221895119056,2461.5380860000005,0.17187345880496654,-0.06837114929769335,none
134,6132.307617,5088.7177729999985,1084.8718265000016,2.2962626426124473,1043.589844000002,0.5488064320847328,-0.06639675149928403,none
135,7935.897461,5766.666504,2357.6925054999992,2.5511137399653347,2169.2309569999998,0.2426802229488165,-0.0688736793270585,none
136,7845.641113,5035.897461,2981.7950435000002,4.850662907804922,2809.743652,0.21175005726029894,-0.20197849343103208,none
137,4874.3588869999985,4671.2822270000015,155.12792899999477,1.3620578914771184,203.076659999997,1.114590705728623,-0.0824063161939676,none
138,4880.512695,4711.2822270000015,117.4355459999988,1.2558650161498008,169.23046799999884,0.5778443049357727,-0.16999864576441867,none
139,7883.589844,5094.3588869999985,2956.4106440000014,4.767975068697217,2789.2309570000016,0.13765491410420488,-0.21668710183379644,none
140,5431.2822270000015,4925.6411130000015,460.51318399999946,1.6502539988847669,505.641114,0.7795734630099116,-0.0501423087652902,none
141,7938.461426000002,5335.384765999999,2972.8203120000026,3.7139507543598653,2603.0766600000024,0.12138551053103894,-0.10963451765203848,none
142,7864.102539,5620.0,2616.1539305000015,2.7824950218604743,2244.1025390000004,0.26849363422665573,-0.04886342864281131,none
143,7894.358887,7277.436035,822.6921389999998,1.2641283620049049,616.9228520000006,0.43596543489296313,-0.014230185658349808,none
144,4995.384765999999,4662.563965,285.12841799999933,1.6772238066753538,332.82080099999894,0.5765967736583977,-0.2863095561294008,none
145,6989.743651999999,5262.563965,1730.769286499999,2.6998238596980233,1727.179686999999,0.49377363617666026,-0.08508061263494335,none
146,5030.256348,4736.9228520000015,287.43603449999773,1.5757581959848637,293.3334959999984,0.6083387298253465,-0.09406780703158002,none
147,7854.871581999999,6615.897461,1495.1279299999987,1.5954859881954573,1238.9741209999993,0.41264233379413706,-0.01569223062197551,none
148,4890.256348,4676.9228520000015,133.07690399999865,1.3193846939045188,213.33349599999838,1.1929010701564096,-0.01911217626415579,none
149,7852.820312999998,6281.538574,1848.2048339999983,1.8371659241259422,1571.2817389999982,0.329725120805388,-0.02408120047293409,none
150,5100.512695,4794.3588869999985,243.84594700000162,1.436038188410446,306.15380800000185,0.5904260149349028,-0.09845973332623421,none
151,7862.563965,5882.563965,2431.794922,2.403789314400965,1980.0,0.35410744968982877,-0.028055348726088218,none
152,5168.7177729999985,4802.05127,311.53832899999907,1.5744679199531966,366.66650299999856,0.5171710195902054,-0.11009582251883805,none
153,4818.461426,4634.3588869999985,104.87206949999927,1.2784215433204242,184.10253900000134,1.1865087867866937,-0.016767674701556712,none
154,7877.436035,5914.3588869999985,2129.7438955000016,2.0792622201403836,1963.0771480000012,0.32463436752823316,-0.026407607400055853,none
155,7851.282227,5438.974121,2410.5131839999995,3.0117705383919353,2412.3081059999995,0.3125527667020105,-0.05090044451444399,none
156,7964.102539,6073.846191,2534.3588875000014,2.401985709922631,1890.2563480000008,0.1618673208858858,-0.04621340547275213,none
157,4899.487305,4617.436035,264.61547899999914,1.7403156175901497,282.05126999999993,0.5471485517631534,-0.36492225179909576,none
158,5010.769043,4736.410156,211.02539100000104,1.4229183016245763,274.3588870000003,0.6668105920613908,-0.14934672902958182,none
159,8002.563965,5141.025879,3173.845703000001,4.486758437263746,2861.5380860000005,0.1640774790805106,-0.1012949763694134,none
160,4693.333496,4409.743652,245.89746100000048,2.2062892114574804,283.5898440000001,2.025941929756736,-0.011135662582394734,none
161,7880.512695,5452.307617,2944.3588865,3.2666797481411423,2428.205078,0.16290027391335252,-0.046651362629799076,none
162,5013.846191,4735.384765999999,234.35888599999907,1.4694398103306707,278.4614250000004,0.7011804771663955,-0.1864737831143959,none
163,4745.128418,4550.769043,126.4106440000005,1.4417576842389708,194.359375,0.5664419972721876,-0.8126945349355233,none
164,4898.974121,4676.9228520000015,248.46142549999877,1.6175906562345848,222.05126899999868,0.6067857805732898,-0.14661242001431546,none
165,7861.025879000002,4984.615234000001,3156.4107675000014,5.689526405275682,2876.410645000001,0.1812370264411954,-0.1527362009443819,none
166,7893.846191,5842.05127,2389.7436519999997,2.5203915081741175,2051.7949209999997,0.2575917408019616,-0.03199580474896394,none
167,7877.94873,5727.179688,2464.1022940000003,2.614040458920173,2150.769042,0.24273539068072542,-0.05244196972656391,none
168,5647.692383,4976.9228520000015,702.8210449999988,2.115589392386999,670.7695309999981,0.6064564523382537,-0.1684090435311723,none
169,7884.615234000001,5686.153809,2586.1539295000002,2.6550707597256435,2198.4614250000004,0.28723675814504757,-0.03940134633751362,none
170,7758.974120999998,6360.0,1494.8717039999974,1.674378261819035,1398.9741209999984,0.3014576537667694,-0.0254823252533081,none
171,4802.05127,4668.205078,84.1025394999997,1.2180849931838045,133.84619199999997,0.8253095462001689,-0.16491014477200144,none
172,5035.897461,4702.563965,307.4360349999988,1.699942414514049,333.3334959999993,0.6148915712079891,-0.26268385831391305,none
173,7882.05127,6350.256348,1697.4359130000003,1.7954818483936916,1531.794922,0.3813400156327075,-0.027225997298499748,none
174,5001.025879,4844.615234000001,98.20532250000088,1.1671762669012946,156.41064499999902,0.8171320461776305,-0.04967004869551167,none
175,4991.794922,4777.436035,161.7946780000011,1.305864874945313,214.35888700000032,0.5581748452635307,-0.0688989369421121,none
176,5112.307617,4894.871582,184.35913100000107,1.288523627078163,217.43603500000063,0.8275491216476141,-0.040239008802024925,none
177,5323.0771479999985,4593.333496,686.9233394999992,2.859125688850292,729.7436519999983,0.5573021325162667,-0.5286806611038778,none
178,7876.922852,5893.846191,2128.717775,2.2887300644509008,1983.076661,0.46262280610318757,-0.04616255737559013,none
179,7895.384765999999,4984.102539,3060.513061999999,5.0310712008827805,2911.282226999999,0.15956306024427802,-0.18710596984444774,none
180,4741.025879,4537.436035,173.33349700000053,1.6389415906665443,203.58984400000008,1.1113099121059873,-0.28386573999088116,none
181,5014.871582,4717.94873,251.0253914999994,1.539690507664681,296.9228519999997,0.6729351512478777,-0.21488643911907956,none
182,5007.179688,4780.0,180.00048799999877,1.3394593740912628,227.17968800000017,0.7075034659779473,-0.11425693167419523,none
183,5040.0,4836.410156,178.46191499999895,1.3204427950470268,203.58984400000008,0.9936134191915582,-0.03299284415496449,none
184,4850.256348,4644.615234000001,146.15380949999962,1.403397010838163,205.6411139999991,1.1423250257824928,-0.06723417366688461,none
185,5518.974121,4970.769043,483.0771479999994,1.6638484657026422,548.205078,0.652217215474789,-0.15632362379279666,none
186,7989.230956999999,5560.512695,2801.282592999998,3.094919360916559,2428.7182619999985,0.19727608042283648,-0.06279836137036,none
187,7814.358887,4868.7177729999985,3063.8461915000016,5.571155801698703,2945.641114000002,0.162607750134138,-0.19974164927776536,none
188,7975.897461,5330.256348,2895.3850099999995,3.610264585149977,2645.6411129999997,0.17492453996426416,-0.08871151860926202,none
189,7933.333495999998,5222.563965,3014.8723139999984,4.022623690390692,2710.769530999998,0.13831695448127193,-0.14960293407890368,none
190,7823.589844,6580.0,1555.8977055000005,1.651142971736549,1243.589844,0.42720608954454126,-0.016633302696210727,none
191,5057.94873,4913.333496,123.07666000000063,1.1889015706996353,144.61523399999987,0.8710537341628463,-0.0266322329264803,none
192,4961.025879,4686.153809,229.2309564999996,1.5073783371259546,274.87206999999944,0.6929056626894764,-0.12723316842214566,none
193,4952.820313,4647.179688,265.1279295000004,1.6607018992146907,305.640625,0.5783332210266299,-0.4357990105042058,none
194,4925.128418,4678.974121,186.66699299999982,1.4477255025774534,246.15429700000004,0.7333874635959681,-0.13629676273889102,none
195,7977.94873,5195.384765999999,2988.9742425000013,3.999742115297204,2782.563964000001,0.15375115518931404,-0.16592284383624706,none
196,7872.820312999998,5419.487305,2796.153442499999,3.4040997160903297,2453.3330079999987,0.13433659670983725,-0.09029238158954946,none
197,7346.153809,4903.589844,2456.9228514999995,4.822097511887753,2442.5639650000003,0.28504481097392004,-0.2602563154419893,none
198,7871.282227,6902.05127,1349.4873044999995,1.49200714244902,969.2309569999998,0.39266432735695067,-0.01454105974413813,none
199,5163.589844,4798.461426,312.30810550000024,1.56180908259521,365.12841800000024,0.7508156585227126,-0.13836161141217038,none
200,7848.717773,6388.205078,1739.2304685000004,1.8387533696463152,1460.5126950000003,0.319325904128314,-0.028746476113692472,none
201,7878.461426000002,5590.769043,2715.3848885000007,2.9459764118440033,2287.6923830000014,0.17809583042836857,-0.05710931100983271,none
202,5016.410156,4711.2822270000015,247.69189399999777,1.5375613556600731,305.1279289999984,0.5697612001623855,-0.1183062605806131,none
203,4831.2822270000015,4683.589844,85.38476550000178,1.206320046313249,147.69238300000143,0.8698227578041265,-0.18491331012723644,none
204,5074.871582,4794.3588869999985,221.02587900000253,1.3911076895456274,280.51269500000126,0.6189894652355508,-0.124762308090941,none
205,7888.205078,5247.179688,3113.076782,4.041332229161898,2641.02539,0.6377532153205923,-0.0288468307153587,none
206,5082.563965,4790.769043,250.5131835000002,1.4479605415133068,291.79492200000004,0.6066808052283144,-0.08689831322889054,none
207,6233.333496,5397.94873,918.2053225000009,1.8936863315352854,835.3847660000001,0.552235548100648,-0.06041149880378244,none
208,5102.563965,4778.974121,246.15380899999946,1.4635443302781197,323.5898440000001,0.773694748114783,-0.13093020903333283,none
209,5294.3588869999985,5120.512695,98.46191499999804,1.1070835527890788,173.84619199999815,0.8405122115170933,-0.019831101227916717,none
210,5050.256348,4894.871582,154.1025394999997,1.2443089768119768,155.38476600000013,0.8933500286946263,-0.03179960479602531,none
211,7867.179687999998,6424.615234000001,1863.0770274999986,1.8760549953066867,1442.5644539999976,0.4078028158920917,-0.02403320618192817,none
212,4804.102539,4674.871582,56.15405300000111,1.1316111873148975,129.23095700000067,1.0769568273697814,-0.007968717004912307,none
213,7945.128418000001,5558.974121,2748.7183840000007,3.0139025680146365,2386.154297000001,0.18825721531026468,-0.0696891625602917,none
214,4746.666504,4701.538574,-31.79516599999988,0.9295047474735055,45.12792999999965,0.9117272495685271,-0.003943236755631352,none
215,4842.563965,4712.307617,48.717773999999736,1.1049720049042862,130.2563479999999,1.1588692834634038,0.02701821250232439,none
216,5115.897461,4692.307617,357.1796874999991,1.8366375476155543,423.5898439999992,0.37222108178409674,-0.1784395733960413,none
217,5049.743652,4681.538574,413.8461915000007,1.945518377852969,368.20507799999996,0.502976905605519,-0.3268994224262185,none
218,4883.589844,4632.820313,209.4873045000004,1.5360898156713894,250.76953099999992,0.7311896817163297,-0.20686404307055392,none
219,5045.6411130000015,6168.7177729999985,-1092.0507809999963,0.41400675096687417,-1123.076659999997,1.6887155243150704,0.07440601470919934,none
220,4904.615234000001,4657.94873,184.87158200000067,1.4604080254566043,246.6665040000007,0.6848989788430064,-0.22170260078882786,none
221,5055.897461,4777.94873,222.05126999999993,1.4482400059275138,277.9487309999995,0.5573668664106157,-0.07407970198461969,none
222,7950.769043000001,5320.0,2911.281860500001,3.5716872892036466,2630.769043000001,0.17875874190405558,-0.09930716514962554,none
223,5954.3588869999985,4708.7177729999985,1184.1025399999999,3.327621724354426,1245.641114,0.46933515401535963,-0.30346927917444766,none
224,7994.871581999999,5047.692383,3269.4870599999986,4.937924796210049,2947.1791989999992,0.1500390938764572,-0.1259496294527645,none
225,7883.589844,5107.692383,2875.384521500001,4.182178884139831,2775.8974610000005,0.14450281459099149,-0.19477836029322723,none
226,5141.538574,4906.666504,217.17968700000074,1.3320269744435298,234.87207000000035,0.8274767287792721,-0.04431328632003492,none
227,7871.282227,6521.538574,1756.4104009999996,1.721660393945576,1349.7436529999995,0.3314602210538439,-0.019391826354806338,none
228,7883.589844,6943.077148,1410.769288,1.4937185892246927,940.5126959999998,0.3851028457299535,-0.012725469387521178,none
229,5085.6411130000015,4795.897461,239.74365200000284,1.4700855921568692,289.74365200000193,0.6146202340321519,-0.06709338680981233,none
230,4996.9228520000015,4670.256348,276.15356500000235,1.6523313812353269,326.6665040000016,0.6986075529193764,-0.18107639872679582,none
231,4958.974121,4649.743652,257.17944350000016,1.6292347935160627,309.2304690000001,0.7634597032191233,-0.23493407618221746,none
232,7885.128418000001,5622.05127,2561.5384509999994,2.838424509649176,2263.077148000001,0.2354276975877035,-0.06847209044271718,none
233,7866.666504000002,6893.846191,949.2305910000023,1.3387317451932434,972.820313000002,0.39727855027023945,-0.011809021652183824,none
234,5071.794922,4658.461426,390.5131829999991,1.940705635007499,413.3334960000002,0.6151555953293785,-0.3152418265858964,none
235,4935.897461,4706.666504,157.94897449999917,1.3558644060842728,229.23095699999976,0.7162548068345979,-0.17926218168615105,none
236,7903.077148,5115.897461,3022.8208000000013,4.323654542526618,2787.1796870000007,0.15778317566810005,-0.13386750100574607,none
237,7872.820312999998,7205.128418000001,1024.102294999997,1.3338347419301841,667.6918949999972,0.49609610215429295,-0.007703638739160468,none
238,5142.563965,4825.6411130000015,291.31396499999755,1.5571968457976961,316.9228519999988,0.5278859728350586,-0.08968732494620771,none
239,4836.9228520000015,4667.692383,101.79443400000218,1.2533492297346716,169.2304690000019,0.8384880606344237,-0.16710862953321243,none
240,5385.6411130000015,4985.128418,480.25634750000154,1.6658369357448763,400.51269500000126,0.38399852754330843,-0.1715563267791245,none
241,5030.769043,4671.794922,287.94873049999933,1.6814322903752552,358.9741210000002,0.6736328264030191,-0.3011920155493,none
242,4975.897461,4678.461426,259.74365200000193,1.6158055454257045,297.4360349999997,0.6188126582163573,-0.26627017312349643,none
243,4799.487305,4617.436035,140.51318400000127,1.3837545341055197,182.05126999999993,0.7121237191420284,-0.18237153325314293,none
244,7963.589844,5294.871582,2953.590088500001,3.6633534837013593,2668.7182620000003,0.17386167068848773,-0.08389227068200589,none
245,5015.384765999999,4732.820313,240.51318399999855,1.503760529586202,282.56445299999905,0.6094330833612723,-0.15403422951570228,none
246,5905.128418,5213.846191,693.5898445000003,1.7370573334456056,691.2822270000006,0.5672429399049086,-0.04161684175823685,none
247,4949.743652,4658.461426,257.179443,1.6781609035974892,291.28222600000026,0.564382007296868,-0.48138124692990564,none
248,7945.641113,5171.794922,2951.5384514999996,3.946250162266244,2773.8461909999996,0.14578580349711967,-0.12441508989856154,none
249,5068.205078,4791.794922,226.15380900000036,1.4302437602516844,276.4101559999999,0.5668198505511952,-0.12472273635039054,none
250,7893.846191,7329.230956999999,892.820311500001,1.2575824091624705,564.6152340000008,0.5303908984917521,-0.007051906780028102,none
251,8098.974120999998,4877.436035,3533.076415999997,5.985163506341242,3221.5380859999987,0.16214201608630693,-0.14067416838958402,none
252,7925.641113,5914.3588869999985,2440.769408500002,2.472845573889721,2011.2822260000012,0.23782229841282373,-0.047876279525048034,none
253,4929.230957,4660.0,219.4875489999995,1.531347908524074,269.23095699999976,0.7454764782724945,-0.2096393018801263,none
254,7914.358887,5188.205078,2927.6925055,3.9549697037718197,2726.1538090000004,0.16571097116773387,-0.13126647342768843,none
255,7869.743651999999,6714.871581999999,1569.7438960000004,1.6869391754360121,1154.8720700000003,0.36114549245957545,-0.02313276226192585,none
256,7875.897461,6827.692383,1263.0770269999998,1.481901821323068,1048.205078,0.4144089349864581,-0.01968068463234526,none
257,7908.717773,5030.769043,3067.692138,4.722464126518118,2877.94873,0.1759837322264191,-0.13862570984496136,none
258,6775.897461,5009.230957,1781.7946769999999,3.3692455155405754,1766.6665039999998,0.34559795364334334,-0.18649437630358148,none
259,5768.7177729999985,4803.589844,980.255858999999,2.562319988522813,965.1279289999984,0.5352327035613021,-0.18967833218902563,none
260,4823.589844,4595.897461,172.56421000000137,1.55804356755153,227.69238300000052,0.7083191477265439,-0.482282597668126,none
261,5382.563965,4881.538574,508.4614265,1.7822483490632681,501.0253910000001,0.5845116795301732,-0.06843528418302615,none
262,5207.692383,4833.333496,314.61547950000113,1.559762955539207,374.3588869999994,0.552706350159296,-0.09390620976515325,none
263,4976.9228520000015,4715.384765999999,211.53808650000155,1.455045807059303,261.5380860000023,0.7279795804255224,-0.16825724749320156,none
264,4877.436035,4725.128418,85.12792949999948,1.1887428936200783,152.30761699999948,1.0893071210867766,-0.02074852506270003,none
265,5547.692383,5150.256348,433.0771485000005,1.4998523450480823,397.4360349999997,0.547162822705881,-0.08188663153687026,none
266,5114.3588869999985,4789.743652,264.8715829999983,1.4907358928975383,324.6152349999984,0.6459451743631623,-0.13899899645136893,none
267,5207.692383,7202.563965,122.05126900000005,1.0424091185799516,-1994.8715820000007,1.2975173373009563,-0.00036160744235033074,none
268,7867.179687999998,6935.897461,1099.4873049999992,1.3948798460510083,931.2822269999988,0.45111459303538753,-0.013159146890350554,none
269,4940.512695,4707.179688,191.28124900000057,1.4085411675594206,233.33300700000018,0.687735585254533,-0.17998106923055335,none
270,4927.179688,4683.589844,190.2563479999999,1.4406173817856984,243.58984400000008,0.681951142719886,-0.20956976393768234,none
271,5245.6411130000015,5045.6411130000015,164.35913100000016,1.2059109063986126,200.0,0.7117088041069625,-0.0402723587526148,none
272,7991.794922,5119.487305,3055.1279300000006,4.406230826817376,2872.3076170000004,0.17139861690977598,-0.15750453025699615,none
273,5113.333496,4822.563965,277.94921799999884,1.4804974117669152,290.7695309999999,0.5759072464045735,-0.10346330790487034,none
274,7849.743651999999,5872.307617,2103.333495499999,2.2172429993865483,1977.4360349999988,0.31252992910977323,-0.04037557603224818,none
275,5040.512695,4712.307617,312.820311999998,1.7052016997936423,328.20507799999996,0.5708942958927965,-0.16279199997799707,none
276,4787.179688,4595.384765999999,208.20507850000104,1.651162507440242,191.79492200000095,1.2955604584611153,-0.056000610216317914,none
277,5227.179688,4813.846191,360.76904450000166,1.6184610472106888,413.33349700000053,0.6615734431614847,-0.21701729177954313,none
278,4846.153809,4704.102539,134.1025395000006,1.3240395641045803,142.05126999999993,1.1444081409717652,-0.050706161017282925,none
279,7946.153809,5466.153809,2860.7690435000004,3.3190601458129385,2480.0,0.14830472182741486,-0.08738451667700017,none
280,7795.897461,4938.974121,2836.410644999999,5.225365423243492,2856.9233399999994,0.2596578759807978,-0.24967842875941762,none
281,7792.820312999998,4925.6411130000015,2908.974121999998,5.034494729188427,2867.179199999997,0.22636652388530876,-0.2545436037124965,none
282,5065.6411130000015,4872.820313,152.5644525000016,1.2463774959639669,192.82080000000133,0.8975559749510291,-0.021843181146360482,none
283,8045.641113,5637.94873,2740.5126960000016,2.875745486282211,2407.6923829999996,0.21353653909881684,-0.04514283327696537,none
284,7958.461426000002,5153.846191,3143.076783000003,4.285445837031153,2804.615235000002,0.16101927309185726,-0.10052307042763706,none
285,5965.6411130000015,4892.820313,1085.3847645000014,2.7123787729563285,1072.8208000000013,0.616119074145234,-0.08861364030020186,none
286,4867.692383,4687.692383,119.48730499999965,1.2912503501347399,180.0,0.7834733618992027,-0.21699054688951586,none
287,7947.692383,5496.410156,2802.307739499999,3.175791375183159,2451.2822269999997,0.13506236415568887,-0.08894177217116592,none
288,5294.3588869999985,4790.769043,496.66699249999874,1.9425800970410165,503.58984399999827,0.5768137091397162,-0.1270617524765253,none
289,4988.7177729999985,4665.128418,282.8200679999982,1.7084121685483382,323.58935499999825,0.6429743483369701,-0.31216350702585705,none
290,4731.794922,4584.615234000001,220.51318399999855,1.9795016770220342,147.17968799999926,0.5246392412271713,-1.4004650608978841,none
291,5018.974121,4707.179688,232.5637200000001,1.5052914483840794,311.794433,0.648482774289499,-0.1643640144871015,none
292,7920.0,5548.7177729999985,2745.6413580000008,2.9881179432913996,2371.2822270000015,0.1930300377837002,-0.051287170928582024,none
293,7851.794922,5634.871582,2294.8719485,2.509784176644737,2216.9233400000003,0.49806678783356856,-0.027385819580459936,none
294,5114.871582,4800.512695,252.56396499999846,1.4760752520728997,314.3588869999994,0.5673765514187141,-0.10888926249052996,none
295,4932.307617,4715.897461,169.74365200000193,1.3609598312110454,216.41015600000082,0.7029173546972016,-0.19076900773462394,none
296,7876.922852,5065.128418,2938.9738775000005,4.3662247193532115,2811.7944339999995,0.2212908514813083,-0.1391333631347868,none
297,5016.9228520000015,4731.794922,271.28173850000076,1.545079144801781,285.12793000000147,0.5455811943445573,-0.08741817124311108,none
298,4902.05127,4663.0771479999985,189.9997570000014,1.4523801115367734,238.97412200000144,0.7523881000392275,-0.13437987357883255,none
299,7821.538573999998,5189.230957,2718.974364999998,3.7730122219361055,2632.3076169999986,0.3341035483843679,-0.088010077350958,none
300,5581.025879,4517.94873,1101.026124,6.748333124101927,1063.0771489999997,4.117953997695288,-0.02649417925442124,none
301,4901.025879,4614.871582,231.5390625,1.6450021016974643,286.15429700000004,0.6838186752580286,-0.2562857312256039,none
302,7859.487305,7080.512695,1094.6156009999986,1.371508222903369,778.9746099999993,0.4474029850847041,-0.012092858341368484,none
303,4795.897461,4499.487305,279.23071249999975,2.2841970368798408,296.4101559999999,0.4806237131166033,-1.0228161782745728,none
304,4837.94873,4684.615234000001,88.46166999999969,1.1917735212991685,153.3334959999993,0.791709889959601,-0.14902488290381222,none
305,5802.05127,4794.3588869999985,963.0766610000028,2.7971286133785305,1007.6923830000014,0.4934194718353888,-0.3175968891013182,none
306,4887.692383,4643.589844,232.56396449999738,1.6553459218265625,244.10253899999952,0.5597303519203866,-0.33162017474968863,none
307,7884.615234000001,5437.94873,2849.999633500001,3.402203852478031,2446.6665040000007,0.13936411560698264,-0.09610013432079004,none
308,7881.538573999998,5474.3588869999985,2774.1027825,3.2563090499250116,2407.179687,0.15121287324104962,-0.0680850944908248,none
309,7861.538573999998,5950.769043,2191.7951659999985,2.270889368706573,1910.769530999998,0.35419404608065475,-0.04076077488037591,none
310,7769.230956999999,5462.05127,2335.6416009999984,2.8820256361700807,2307.179686999999,0.3781223411833494,-0.08395330316178436,none
311,7862.563965,6917.94873,1413.5894780000008,1.5158120065347376,944.6152350000002,0.306304366695796,-0.01903630075330636,none
312,7907.179687999998,6358.461426,1783.8465579999984,1.8631516282609661,1548.7182619999985,0.3096805125138461,-0.03327609088099358,none
313,6635.384765999999,4912.307617,1798.7182624999996,3.815009565152638,1723.0771489999988,0.38721942154027367,-0.2405178871356508,none
314,4968.7177729999985,4700.512695,228.20507799999814,1.5180442711191284,268.20507799999814,0.8187682819635298,-0.11062137678195866,none
315,7955.384765999999,5174.871582,2964.1026615,4.054968583931391,2780.5131839999995,0.17503002658451297,-0.1414404894793129,none
316,5075.384765999999,4802.563965,202.82080099999894,1.3795591426179439,272.82080099999894,0.6117554686864387,-0.1434549094272938,none
317,5089.230957,4721.538574,312.56445299999814,1.651523895515762,367.6923829999996,0.5964462952915108,-0.10932786413126493,none
318,4997.436035,4682.563965,260.51293899999837,1.6109444979882832,314.87206999999944,0.7040346751831223,-0.21083545072682616,none
319,4702.05127,4752.307617,-9.487303499998234,0.9813411538728453,-50.25634700000046,1.8435244732000056,0.18385035516034262,none
320,7873.333495999998,7050.769043000001,1287.436034999997,1.438515326949287,822.5644529999972,0.32261088056234166,-0.01643311406217358,none
321,7901.538573999998,6055.384765999999,1897.6921375000002,2.0480031301410264,1846.1538079999991,0.42658156144757187,-0.02506660222533196,none
322,4857.436035,4646.666504,148.20556699999906,1.3787694456621915,210.76953099999992,1.1793338222125231,-0.04396613145398631,none
323,4898.974121,4619.487305,264.10253849999935,1.7372942326946916,279.48681600000054,0.5785274328209689,-0.46748414445107606,none
324,7925.128418000001,6006.666504,2329.1990965000014,2.294345344974492,1918.4619140000013,0.2602317191585903,-0.037600756764395955,none
325,4746.153809,4721.538574,50.25586000000021,1.127271245089581,24.61523500000021,1.0944653891872613,-0.016485641156952946,none
326,5111.794922,4864.615234000001,214.1027839999997,1.3439048778608707,247.17968799999926,0.5101780873571605,-0.1206405214761222,none
327,7846.153809,5305.128418,2527.9484875000016,3.5944730319330693,2541.025391,0.4796085702296851,-0.046194763527840715,none
328,7887.692383,5125.6411130000015,3114.1026614999982,4.869066553088657,2762.051269999998,0.0961250831683481,-0.2868972958732289,none
329,7905.641113,5829.230957,2563.846313,2.578623425204805,2076.410156,0.15253833100544364,-0.046674222325709676,none
330,4821.538574,4632.820313,133.84667900000022,1.3452398173038935,188.71826099999998,0.6662031194709148,-0.23877158560371575,none
331,4814.3588869999985,4681.538574,72.82055749999745,1.174876996756048,132.82031299999835,0.833843518711176,-0.20241639188206828,none
332,5023.0771479999985,4744.102539,246.9233394999983,1.4905762504639732,278.97460899999805,0.6038535659344392,-0.14945506920963741,none
333,7954.358887,5085.6411130000015,3143.076904999999,4.809198383892045,2868.717773999999,0.12372243461072586,-0.19802980074836105,none
334,7830.769043000001,5325.128418,2501.185546500001,3.3170124696371484,2505.640625000001,0.45668398964485546,-0.06788876163822397,none
335,5115.897461,4847.179688,220.5124509999996,1.3724548384483979,268.7177729999994,0.6881632410323679,-0.1666709795134498,none
336,7949.230956999999,5170.256348,3100.2565914999986,4.262547625201446,2778.974608999999,0.1442418911875165,-0.1112078754016734,none
337,4994.871582,4725.6411130000015,228.97412099999747,1.4885114556109353,269.23046899999827,0.7262926258254646,-0.15070543806485295,none
338,7926.666504000002,5147.179688,2971.5382075000007,4.213809713324081,2779.4868160000015,0.14769805210206655,-0.14399590562732603,none
339,4915.384765999999,4677.94873,195.8979500000005,1.4591359964342014,237.43603599999915,0.7607888385450045,-0.11925159792542,none
340,5125.6411130000015,4756.410156,324.61572250000063,1.696753942722903,369.2309570000016,1.6288799178921207,0.0017924028116481291,none
341,5483.0771479999985,5014.3588869999985,441.0256345000007,1.5661619355303433,468.718261,0.7948997141706398,-0.0414245805711764,none
342,5139.487305,4764.615234000001,359.7436535000006,1.7243163188274087,374.87207099999887,0.546021448402384,-0.2435050546154023,none
343,4929.743652,4681.538574,195.89746100000048,1.4462614852514182,248.20507799999996,0.6444664872179395,-0.22405142822189067,none
344,4966.666504,4750.256348,135.64111349999985,1.2393667395946875,216.41015599999992,0.6674122371248631,-0.15841685225144567,none
345,5561.538574,4952.307617,597.6923820000002,1.8445652325185482,609.2309569999998,0.827567744270969,-0.04727751690252532,none
346,6195.897461,5046.153809,1421.7946774999973,2.7098361051439053,1149.7436519999992,0.49034551421653944,-0.05441680193166313,none
347,5102.05127,4806.666504,266.1538090000013,1.4814472311186604,295.3847660000001,0.5938157380027261,-0.0894327644475858,none
348,5041.025879,5027.179688,-4.102539999999863,0.994705526042892,13.846190999999635,0.9431244039937003,-0.009793496988197259,none
349,7921.538573999998,5192.820313,3048.7181389999987,4.123194429905667,2728.718260999998,0.17147081335115544,-0.09125583011063741,none
0,4836.9228520000015,5760.512695,-1019.4870594999993,0.3469119297925072,-923.5898429999988,4.065618628507,0.418902404815776,right_wink
1,4928.205078,6764.102539,-2095.6411135000008,0.23012430479131346,-1835.8974610000005,8.047510077566308,0.349428045951524,right_wink
2,4841.538574,5641.538574,-870.7695319999984,0.3766518841327407,-800.0,5.175372564307358,0.5093196247256889,right_wink
3,5051.794922,4965.128418,46.922851500000434,1.0669100823133444,86.6665039999998,1.0871311093976135,0.00431261454753297,right_wink
4,4675.897461,6878.461426000002,-2245.1279300000033,0.14833188786556853,-2202.563965000002,6.016070515908291,0.931977983492049,right_wink
5,4958.974121,5847.179688,-964.8720709999998,0.4063731301145961,-888.205567,3.304729181734323,0.22756413082451077,right_wink
6,4913.333496,6660.512695,-1870.769042,0.24268222434811154,-1747.1791990000002,2.725882543093107,0.24606165338197772,right_wink
7,4616.410156,6418.974121,-1863.0766605000017,0.14628127845306912,-1802.5639650000003,7.078017247805311,1.2484211639443539,right_wink
8,4869.230957,4874.871582,-40.51245149999977,0.9347652252434236,-5.640625,0.9429252886506614,0.002703803879627209,right_wink
9,4907.692383,7066.153809,-2272.820068500001,0.2058060328463575,-2158.4614260000008,5.072174393230765,0.2831299537979434,right_wink
10,4741.025879,7208.205078,-2558.974121,0.14962521735083945,-2467.179199,8.375083685293962,0.6064886859020393,right_wink
11,4653.333496,7054.871581999999,-2453.333007999998,0.12700739569684286,-2401.5380859999987,8.662642275939017,1.1084438923066586,right_wink
12,4564.615234000001,5449.230957,-1000.7697754999972,0.17396804738616475,-884.615722999999,4.326901721941759,1.114432853262748,right_wink
13,4596.9228520000015,4577.436035,-16.154296499998054,0.9471461926655199,19.486817000001793,1.2222149871877637,0.3126980042007679,right_wink
14,4867.179688,6146.666504,-1453.845946999999,0.27945105256714337,-1279.4868159999996,7.1832342295368505,0.48113053721280025,right_wink
15,4931.794922,6786.153809,-1876.1538095000005,0.270633964471663,-1854.3588870000003,2.448113844550701,0.1428855280511263,right_wink
16,4586.153809,7865.128418000001,-4237.949217999999,0.05000568637140646,-3278.974609000001,35.366370769463956,1.288281535081516,right_wink
17,4970.769043,7128.205078,-2307.436035500001,0.22549266646876162,-2157.4360349999997,3.6196079304230246,0.12055892274754569,right_wink
18,4766.153809,6743.589844,-2137.4360349999997,0.1680638796755586,-1977.4360349999997,5.392315397251703,0.7243783315706801,right_wink
19,4585.128418,4502.563965,36.66699249999965,1.1561150658916222,82.56445299999996,1.6657637379985066,0.8901527662575921,right_wink
20,4729.743652,5927.692383,-1413.0769044999997,0.2245674101757695,-1197.9487309999995,7.2127822118120015,0.6952747839980713,right_wink
21,4863.589844,6903.589844,-2255.6408690000007,0.19063397470943333,-2040.0,3.0415254894474386,0.18195469757828986,right_wink
22,5143.589844,6687.692383,-1860.2565914999996,0.3079931148577647,-1544.1025389999995,4.2264759964337735,0.09866559313393226,right_wink
23,4724.615234000001,4650.256348,30.51293799999985,1.0800272222671476,74.3588860000009,1.4922556563240332,0.3151155934183797,right_wink
24,4773.846191,4763.0771479999985,-34.102539499997874,0.9341258618963781,10.769043000001147,1.007761596858405,0.03249568828983662,right_wink
25,4720.0,4564.615234000001,115.64111400000002,1.3841573430068466,155.38476599999922,1.1139822735537117,-0.16471942421760943,right_wink
26,4592.820313,4552.820313,6.666747499998564,1.0235084343299061,40.0,1.208716438769195,0.1983058289483275,right_wink
27,4731.2822270000015,4549.230957,161.02587900000344,1.5678125730059798,182.05127000000175,0.6013846752991442,-0.6943665687813292,right_wink
28,4570.256348,6026.153809,-1535.3847660000001,0.1547147211861798,-1455.8974610000005,8.886230556320198,2.100796005740234,right_wink
29,4546.153809,5863.589844,-1363.3334959999993,0.15158771917520358,-1317.4360349999997,6.942653269546066,1.9004327040975892,right_wink
30,4823.0771479999985,4767.179688,29.230955999997605,1.057143209636867,55.89745999999832,0.9376596097937099,-0.055446519051913556,right_wink
31,4676.9228520000015,4455.384765999999,213.07666000000245,2.118436679419277,221.5380860000023,0.6332291650210456,-1.166808743141206,right_wink
32,5087.692383,7782.05127,-3273.5896000000002,0.19191091467877114,-2694.3588870000003,6.279026899393171,0.09943587763525782,right_wink
33,4608.7177729999985,4589.743652,-33.33398500000294,0.8992229275192734,18.974120999998377,1.3779473386141965,0.5140019438102041,right_wink
34,5387.179688,5976.410156,-700.7687974999981,0.6386356749700053,-589.2304679999997,1.788018118157568,0.036615264172139235,right_wink
35,4570.769043,4568.7177729999985,-33.3334954999973,0.8891724519819971,2.0512700000017503,1.0575670247767075,0.2502903534354386,right_wink
36,5351.2822270000015,5909.230957,-667.179686999998,0.6230077762553832,-557.9487299999982,1.794507379549846,0.06493215788037926,right_wink
37,4576.9228520000015,5186.153809,-606.4106439999987,0.3504528269054321,-609.2309569999989,2.0735075650852086,0.618072392348231,right_wink
38,4947.179688,5961.025879,-1095.7053219999998,0.37780282784816477,-1013.8461909999996,2.1923685388336875,0.16670937450624046,right_wink
39,4684.615234000001,5393.846191,-793.8461919999991,0.31896174290139395,-709.2309569999989,9.308038786044305,1.237409530735461,right_wink
40,5062.05127,5157.436035,-136.2180174999994,0.8506150644665754,-95.38476499999979,1.205051970865275,0.02626584052268635,right_wink
41,4772.820313,4562.05127,174.87158200000067,1.6233998834762218,210.76904300000024,0.8827467218700984,-0.38908312258079325,right_wink
42,4606.666504,4548.205078,15.38427799999954,1.0530961692993348,58.46142599999985,1.4230063031010247,0.4012600985761299,right_wink
43,5581.538574,5769.743652,-176.15356399999837,0.8869695706456138,-188.20507799999996,0.6104744665000996,-0.026975177562327306,right_wink
44,4892.820313,6334.3588869999985,-1617.179442999999,0.27263290757457737,-1441.5385739999983,7.009247539958714,0.4395178538225656,right_wink
45,5075.384765999999,6883.077148,-2192.8209214999997,0.2554413526982158,-1807.692382000001,4.440014641899603,0.12624253514871736,right_wink
46,4567.692383,4503.0771479999985,5.640626000001248,1.0230591310888892,64.61523500000112,1.7164618100578448,0.7775829307473974,right_wink
47,5271.2822270000015,7876.410156,-3685.1280515,0.21678474822270202,-2605.1279289999984,8.25255837654049,0.06461839395468265,right_wink
48,4793.846191,6836.922852,-2141.025391,0.20065102666145312,-2043.076661,4.311307515610384,0.44609471691461466,right_wink
49,4762.05127,6516.9228520000015,-2049.2304680000016,0.16471573108186854,-1754.8715820000016,4.126477891291752,0.26064552549897224,right_wink
50,4678.974121,6189.230957,-1609.7441409999983,0.19657002364002815,-1510.2568359999996,6.321220007372803,0.9432449629303029,right_wink
51,4844.102539,7857.94873,-3242.563964000001,0.13808618433264622,-3013.8461909999996,20.43488658934291,0.6917345016582808,right_wink
52,4870.769043,6953.333495999998,-2244.359374999998,0.218412249335154,-2082.564452999998,3.9060937313596695,0.30860349591541136,right_wink
53,4630.256348,4554.871582,37.43603599999915,1.1298937418444763,75.38476600000013,1.5473258109162717,0.4274021388783924,right_wink
54,5330.256348,6294.3588869999985,-157.69226099999878,0.9299464799091334,-964.1025389999986,0.27173905844124624,-0.019944230110249123,right_wink
55,4537.436035,7045.641113,-2660.705078,0.08429672677198237,-2508.205078,14.351528233054701,2.2749790414644626,right_wink
56,5126.666504,7147.179687999998,-2278.205566499999,0.26588438881306037,-2020.5131839999985,3.2499354609132305,0.10848546286933936,right_wink
57,4654.871582,5529.743652,-928.7182609999991,0.2703464140435165,-874.8720700000003,3.452771611888146,0.9118199966599908,right_wink
58,5164.615234000001,7194.871581999999,-2460.0002449999984,0.26335985135892126,-2030.256347999998,4.0944717617266075,0.07635583762643301,right_wink
59,4657.94873,4648.7177729999985,-37.17944299999908,0.9093750937142742,9.230957000001581,1.0973584308037474,0.08133795742563055,right_wink
60,5925.6411130000015,7082.05127,-1047.1794439999985,0.6260758416634923,-1156.4101569999984,1.7439893731718712,0.010583236635901975,right_wink
61,5128.205078,6888.205078,-1939.4870599999995,0.2996296584299133,-1760.0,2.915591308341067,0.10756535699152106,right_wink
62,4715.897461,7086.153809,-2397.6923835,0.14313200203849902,-2370.256348000001,5.850579608536215,0.8847645795634148,right_wink
63,4869.230957,6158.461426,-1457.6918944999998,0.2807440732735372,-1289.230469,5.610239293467439,0.37680110602744826,right_wink
64,5224.615234000001,5550.256348,-338.461425999998,0.7344065086745082,-325.6411139999991,1.6110188042057016,0.0843000303957851,right_wink
65,4676.410156,5303.589844,-694.359375,0.3431964469143284,-627.1796880000002,3.158218484441369,0.8146933783529509,right_wink
66,4536.410156,4578.461426,-88.97461000000021,0.7221769043591284,-42.05126999999993,1.4755026743158424,1.2294060510917717,right_wink
67,5022.05127,5780.512695,-898.9746079999986,0.4302890893039354,-758.4614250000004,10.989856447395175,0.6176066485125321,right_wink
68,4870.769043,6917.436035,-2183.5903309999994,0.19856943004162853,-2046.6669919999995,3.120034709539782,0.3224640982969421,right_wink
69,4847.179688,5677.436035,-886.4099114999999,0.3770051272800823,-830.2563469999996,6.101486907137437,0.5675387208362732,right_wink
70,4594.871582,5660.512695,-1112.307616,0.20169291159267003,-1065.6411130000006,2.1295276348588073,0.6733482064195118,right_wink
71,4727.179688,4634.3588869999985,103.07714900000155,1.3116287669036852,92.82080100000167,2.019603464086206,0.22777473639115653,right_wink
72,4520.512695,6204.102539,-1787.435791500001,0.11106857462197325,-1683.589844,11.457323240801106,3.1990172062185582,right_wink
73,4766.153809,7475.384765999999,-2848.7182614999992,0.14022591915084642,-2709.230956999999,12.118317350603554,0.7878519563095457,right_wink
74,4733.846191,5424.615234000001,-758.4614260000017,0.3625001278846907,-690.7690430000011,2.3529028116048916,0.5835215837810876,right_wink
75,4556.410156,4609.230957,-97.94921899999918,0.7106049013242911,-52.82080099999985,1.2577323129815752,0.7202466892852334,right_wink
76,4762.05127,4672.820313,37.949219000000085,1.0927331219807097,89.23095699999976,0.8953095515282262,-0.09696817431859489,right_wink
77,4727.692383,4607.692383,80.51269500000035,1.2343279244307366,120.0,1.0382403395992261,-0.15347607022382526,right_wink
78,4813.333496,7806.153809,-3639.487061,0.11640939282310661,-2992.820313,14.693762453772605,0.38465131367931577,right_wink
79,4938.974121,7201.538573999998,-2358.205444499998,0.2774765666061135,-2262.564452999998,1.725518507294201,0.0539245085839985,right_wink
80,5105.128418,7114.358887,-2070.256348,0.2749641405070101,-2009.230469,3.502401221394397,0.1161725840218593,right_wink
81,4551.794922,4574.3588869999985,-69.23071249999794,0.7748124501873681,-22.56396499999846,1.3788187249034987,0.6002476407930519,right_wink
82,4734.3588869999985,6409.230957,-1747.6923830000014,0.20243391678820855,-1674.8720700000013,4.405437053646354,0.790056636569122,right_wink
83,4596.410156,4495.897461,48.974121000000196,1.190048772221569,100.51269500000035,1.0235787200031663,-0.12771780190011883,right_wink
84,4976.410156,6226.153809,-1357.436036000001,0.3242275975400412,-1249.7436530000004,1.542574909697148,0.16687793071657697,right_wink
85,4819.487305,5475.384765999999,-740.5126950000003,0.4390055340909088,-655.8974609999996,2.1913273508407523,0.3063353363031657,right_wink
86,5044.615234000001,6346.153809,-1066.666749,0.5125951336935755,-1301.5385749999996,0.3872523180419083,-0.0175895544447586,right_wink
87,4694.3588869999985,5975.897461,-1384.1027830000012,0.22609312448949415,-1281.538574000001,8.720992339104527,0.6718069371643133,right_wink
88,5102.05127,5877.94873,-924.6149890000006,0.45953254571460694,-775.8974600000001,1.2786164041439736,0.08526733043516066,right_wink
89,4947.179688,4687.692383,259.48730500000056,1.576967130651204,259.48730500000056,0.7514914822932794,-0.19476690295908353,right_wink
90,4653.846191,4512.307617,133.33349599999747,1.5676867966086978,141.53857399999924,0.49350012433131896,-1.1347251288651212,right_wink
91,4611.794922,7428.205078,-2952.8205559999988,0.10010155414921021,-2816.410156,11.564663331511067,1.109174391884325,right_wink
92,4811.2822270000015,5286.153809,-460.0,0.5208333333333334,-474.87158199999885,2.352851700049432,0.4305694023513605,right_wink
93,4981.025879,7050.256348000001,-2259.7434085000004,0.2115058410647886,-2069.230469000001,3.5883731338881972,0.29340931763408096,right_wink
94,5139.487305,4876.9228520000015,218.71826149999833,1.345764655321641,262.56445299999814,0.7978515033535181,-0.1190439270708182,right_wink
95,5290.769043,7173.333495999998,-2069.231201499999,0.3236673353348006,-1882.5644529999981,2.542085469712164,0.08838515323216371,right_wink
96,4597.94873,4462.563965,111.79492200000004,1.569191147121741,135.3847649999998,0.5661934216228252,-1.1116859821826144,right_wink
97,4743.0771479999985,4536.9228520000015,161.53906149999693,1.615236981176673,206.15429599999698,1.711721294751394,0.1588969840812946,right_wink
98,5131.2822270000015,5302.05127,-194.35864299999957,0.8145795637763747,-170.76904299999842,1.241561571467299,0.06419042239794409,right_wink
99,4465.128418,6023.0771479999985,-1639.7436519999974,0.09006838055631501,-1557.9487299999982,8.457218457960135,3.480053554179452,right_wink
100,5194.871582,4842.563965,296.6662594999998,1.4857255690723685,352.3076169999995,0.8457797166564097,-0.06985079072367746,right_wink
101,4559.487305,6478.974121,-2162.0510250000007,0.0953760476231979,-1919.4868160000005,7.4042342261517575,0.9280379301661169,right_wink
102,4538.974121,4527.179688,-47.948975500000415,0.8346588445721101,11.794433000000026,0.8382023141377577,0.007351978682826665,right_wink
103,4568.205078,6126.666504,-1627.1792000000005,0.14034143187050616,-1558.4614259999998,5.599325758945664,1.7180298170307537,right_wink
104,4680.0,6208.7177729999985,-1588.205078,0.20467379237777014,-1528.7177729999985,5.6657388603950585,0.871267782144201,right_wink
105,4698.461426,4671.2822270000015,-21.79516600000261,0.9476271687302238,27.179198999998334,1.489664426938815,0.2541256348395717,right_wink
106,4983.0771479999985,5693.333496,-726.4101570000021,0.48085042475228645,-710.2563480000017,2.359323433823435,0.20733342855430162,right_wink
107,4675.897461,7068.717773,-2473.0769040000023,0.12849006032662097,-2392.8203120000007,7.514151894586913,0.6153607380024355,right_wink
108,4669.743652,4595.384765999999,54.35888600000089,1.1706919528217157,74.3588860000009,1.2147745362223938,0.03972180704935091,right_wink
109,4928.205078,6520.0,-1640.0,0.284883771653593,-1591.794922,2.509708837769981,0.25212413416187535,right_wink
110,5076.410156,7068.717773,-2021.538574000002,0.28118156001850997,-1992.3076170000004,3.341404106766415,0.2239014987873914,right_wink
111,4786.666504,4627.692383,128.9741210000002,1.3690380713542665,158.9741210000002,0.7651321429103682,-0.5868686925197037,right_wink
112,4644.102539,4560.512695,40.51269500000035,1.136796130379665,83.58984400000008,1.3880213274477726,0.29971553950564833,right_wink
113,4615.384765999999,4393.846191,210.76904399999967,3.0447698455917784,221.53857499999958,0.8115654870248005,-1.7337789129131915,right_wink
114,4589.230957,7185.128418000001,-2765.128174000002,0.09400999237098856,-2595.8974610000014,17.166642224031087,1.7961651156559,right_wink
115,4613.333496,7014.358887,-2564.615235000002,0.10536672772313477,-2401.025391,16.10580005361575,1.4579905367339496,right_wink
116,4672.820313,7208.205078,-2680.2568349999992,0.1211534014531661,-2535.384765,6.579135012756042,0.775129843246261,right_wink
117,5024.615234000001,7076.410156,-2220.5126954999996,0.23599472327882973,-2051.794921999999,2.472526403419834,0.17529893551740836,right_wink
118,5060.0,6966.666504000002,-2047.4357915000019,0.2678342314195492,-1906.6665040000016,2.7312099946195874,0.19404813589799025,right_wink
119,5578.974121,5481.025879,98.46093700000074,1.0807396162274938,97.94824200000039,0.9738987218184645,-0.0067806370698293705,right_wink
120,4857.436035,7194.871581999999,-2794.3586420000006,0.15480071088434125,-2337.435546999999,8.386256733928201,0.2803748370755513,right_wink
121,4627.692383,6447.179688,-2089.4873045000013,0.11625637700129864,-1819.4873050000006,6.8020211029592925,0.7578780484738258,right_wink
122,4598.974121,4616.9228520000015,-74.35888800000157,0.7951978301353796,-17.948731000001317,1.3505958750195042,0.5911420209997941,right_wink
123,4635.384765999999,6400.0,-1896.6665035000005,0.13333336315641592,-1764.6152340000008,9.060603424409887,1.4492749703467018,right_wink
124,4738.461426,6818.974120999998,-2251.5385739999983,0.15380157480282303,-2080.5126949999985,3.878217045697642,0.4958015305396777,right_wink
125,4705.128418,6115.384765999999,-1438.205077999999,0.21956324932974322,-1410.256347999999,5.887770063796277,0.8621589581617065,right_wink
126,4631.2822270000015,4623.0771479999985,-31.538573499997256,0.9105452257697553,8.205079000003025,1.1232569893183868,0.1424127843513362,right_wink
127,4718.461426,5901.025879,-1248.7182620000003,0.2509995947119527,-1182.564453,6.385310074300935,1.0154013532889472,right_wink
128,4671.2822270000015,6040.0,-1440.2561029999997,0.20887335366809984,-1368.7177729999985,5.008033483540554,0.9829331769128224,right_wink
129,4700.0,4600.0,59.486815999998726,1.1806841511565354,100.0,0.971003011615462,-0.16951615998612468,right_wink
130,4742.05127,4664.102539,40.25634799999898,1.0981862146341437,77.9487309999995,0.9981981813431973,-0.04592739662372325,right_wink
131,4633.846191,6921.538573999998,-2645.128174499998,0.10162855249195506,-2287.6923829999987,11.431139355076734,1.1691602197709619,right_wink
132,4718.461426,7174.358887,-2533.3332520000004,0.1536023520841676,-2455.8974610000005,5.539370379085757,0.4351514976839857,right_wink
133,4611.2822270000015,4577.94873,1.0000021575251594e-06,1.0000000036516927,33.333497000001444,0.6862498321569843,-0.36564228507099916,right_wink
134,4808.205078,6031.2822270000015,-1382.0512700000018,0.2583930018455282,-1223.0771490000016,12.748287464981779,0.814315942830625,right_wink
135,4630.256348,6481.538574,-1892.8205565000017,0.14973514327351267,-1851.2822260000003,5.251587229683366,0.7151260198471924,right_wink
136,4794.871582,5503.589844,-774.3593749999991,0.3788562784054204,-708.7182620000003,3.303374944095851,0.6751672196032263,right_wink
137,4624.615234000001,4604.615234000001,-14.358885999999984,0.9583954679019908,20.0,1.080436387674217,0.09903700136588345,right_wink
138,4555.384765999999,4417.94873,103.33349699999962,1.6406998437633173,137.43603599999915,0.5833407930588831,-2.2743064817583614,right_wink
139,4477.436035,6413.846191,-2065.8972169999997,0.07380173372757987,-1936.410156,8.54092755401848,2.4400041667947283,right_wink
140,4700.0,4698.974121,-49.486815999999635,0.8913295462768038,1.0258789999998044,1.719745116881484,0.4566080376022265,right_wink
141,4651.2822270000015,6221.538574,-1646.6669920000004,0.1874999699013206,-1570.2563469999986,4.113475145481347,0.7001135776036179,right_wink
142,5095.384765999999,7235.897461,-2391.5384515,0.24642481814894523,-2140.5126950000003,3.131434835891335,0.1269290110053988,right_wink
143,4801.538574,5528.205078,-776.6665045,0.4006728712156955,-726.6665039999998,2.192997896912488,0.3436324546132298,right_wink
144,4612.307617,4575.897461,-12.56396549999954,0.9600656162758083,36.410156000000825,1.7132331789275532,0.7200991853084304,right_wink
145,4720.512695,7072.820312999998,-2453.8461929999967,0.15008871184719003,-2352.307617999998,6.018102101596513,0.7549157767845385,right_wink
146,5148.7177729999985,7080.512695,-1986.6665040000016,0.305112106679331,-1931.7949220000019,5.959790850567862,0.2286779422859942,right_wink
147,7158.461426000002,7266.666504000002,-132.30773950000003,0.9585475421226953,-108.20507799999996,0.837785701259325,-0.0021990597466588595,right_wink
148,4878.461426,7212.307617,-2331.794920999999,0.20339864337769276,-2333.8461910000005,6.201677037473354,0.4900156066763927,right_wink
149,4640.512695,6221.538574,-1663.589844,0.19162716750479977,-1581.0258789999998,3.258433591479983,0.7079759968769201,right_wink
150,4661.538574,4573.846191,43.589843499999915,1.1380993847274894,87.69238300000052,1.1581194660716245,0.023314104457180074,right_wink
151,4611.2822270000015,7592.307617,-3379.9998774999995,0.06906781348629226,-2981.025389999999,7.34161494234856,0.5990176675846822,right_wink
152,5242.05127,6365.6411130000015,-1138.9746085000024,0.4849854206070016,-1123.5898430000016,1.8942820651845287,0.04980878318747686,right_wink
153,5267.179688,6670.256348,-1713.8458249999994,0.35119406519409757,-1403.0766599999997,3.31494529612948,0.0802742702880433,right_wink
154,5749.743652,4831.2822270000015,928.7177719999981,2.608347443005783,918.4614249999986,0.505433084850358,-0.32835691703315883,right_wink
155,4821.538574,7120.0,-2411.5385745000003,0.18017781720920578,-2298.461426,7.272368322821895,0.4314806279735618,right_wink
156,4562.05127,6458.974121,-1999.999511000001,0.11624756405733054,-1896.9228510000003,7.422656562354636,1.1774506011174402,right_wink
157,5334.3588869999985,6576.410156,-1014.6154785000017,0.588883080932381,-1242.0512690000014,0.7171190552386957,-0.00020833596223932688,right_wink
158,4753.846191,6749.230956999999,-2037.436034999998,0.18602747157515934,-1995.3847659999992,7.784952823087556,0.6682638614680645,right_wink
159,5326.666504,6132.820313,-51.5384525000004,0.9741379329768,-806.1538090000004,0.2644211155770333,-0.024641274735366005,right_wink
160,4631.2822270000015,6178.461426,-1604.615233999998,0.17134537379486967,-1547.1791989999983,3.6793947115085675,0.8798327029793748,right_wink
161,4790.256348,5607.179688,-870.2568360000005,0.36537000271352593,-816.9233400000003,2.560315054436637,0.4912170168828526,right_wink
162,4641.538574,4543.589844,49.23095599999942,1.1720436857787881,97.94873000000007,1.1482676253027442,0.0009277521815549417,right_wink
163,4624.102539,4582.563965,7.948730500000238,1.025833367802284,41.53857400000015,1.2738264467630638,0.3276063061644139,right_wink
164,4570.256348,5394.3588869999985,-854.3588869999967,0.24410166904897743,-824.1025389999986,3.4385357641261365,1.3743809961764575,right_wink
165,5209.743652,5469.743652,-271.2817380000006,0.7780111646036019,-260.0,1.4445243415733413,0.06286826900567194,right_wink
166,4660.0,4597.94873,18.974121999998715,1.0565741917346745,62.05126999999993,1.070052684855276,0.024782460986430443,right_wink
167,4566.153809,5582.05127,-1094.615478499999,0.18639224542847277,-1015.8974609999996,2.186689513251811,0.8483212844271043,right_wink
168,4646.153809,7418.974120999998,-2866.9230949999983,0.11071337088304137,-2772.820311999998,11.776415821337428,1.2013836663799953,right_wink
169,5290.769043,5687.179688,-405.6416019999997,0.7160800608566732,-396.41064499999993,1.0513032557931605,0.03306226227750844,right_wink
170,4810.256348,6576.9228520000015,-1949.2304680000025,0.19945245473730236,-1766.6665040000016,3.8710318883521877,0.41313361254349956,right_wink
171,4715.384765999999,6860.0,-2465.3845210000018,0.12820749032316958,-2144.615234000001,6.96682162519768,0.40431544911566436,right_wink
172,4996.9228520000015,7064.615234000001,-2263.2375479999996,0.2382959403682747,-2067.6923819999993,5.410792778997738,0.15282277163328417,right_wink
173,5275.384765999999,4927.179688,347.4355475000011,1.5743950902094122,348.20507799999905,0.9572275110843712,-0.10000512002432563,right_wink
174,4674.871582,4623.0771479999985,15.896973000000798,1.0425227630579252,51.794434000001274,0.9763078272676177,-0.036907568623333775,right_wink
175,4968.205078,5978.461426,-1066.1538090000004,0.35951937325624667,-1010.2563479999999,2.622438030287884,0.3300250375229826,right_wink
176,4573.846191,4581.025879,-35.12841850000041,0.8857374723725241,-7.179688000000169,1.0421934085982376,0.22820446609394085,right_wink
177,4568.7177729999985,6468.205078,-1967.948975000002,0.09193076701495488,-1899.4873050000015,6.231045088986211,0.9455675312637706,right_wink
178,4967.692383,5122.05127,-235.8969730000008,0.7448701210293158,-154.35888700000032,2.139642888493465,0.12289399898724342,right_wink
179,4777.94873,4605.6411130000015,144.61523399999805,1.4385686672748963,172.30761699999857,0.9660543918990789,-0.3030154921143634,right_wink
180,5097.436035,4797.436035,256.66674799999964,1.4610779230520876,300.0,1.0589803801116757,-0.07294805347185992,right_wink
181,4924.615234000001,6212.820313,-1415.6408700000002,0.3113384294602004,-1288.2050789999994,3.620265193711351,0.18472248411712924,right_wink
182,5127.179688,7830.256348000001,-3770.512329000001,0.1814184707641084,-2703.0766600000006,8.840493368840088,0.08792001012561278,right_wink
183,4957.436035,6783.589844,-2021.5385750000005,0.2370814540073548,-1826.1538090000004,2.5221062678736694,0.13907336161604997,right_wink
184,4637.436035,5663.0771479999985,-1111.2822259999984,0.23400498683343254,-1025.6411129999988,6.033290074702203,1.2056490061109952,right_wink
185,4633.333496,6098.461426,-1525.6406260000012,0.18649172657722357,-1465.1279299999997,3.5368295288895237,1.087568403534601,right_wink
186,4711.794922,7809.230956999999,-3752.5642089999983,0.08747974728934345,-3097.436034999999,10.714482825321738,0.3067363882143097,right_wink
187,6185.128418,7733.846191,-1665.6408680000009,0.5504498656381567,-1548.7177729999994,2.1190602026968657,0.024361256675754315,right_wink
188,4713.846191,7006.153809,-2436.666749,0.14671814413908868,-2292.3076180000007,7.040411958773152,0.5832556345529696,right_wink
189,4671.2822270000015,6824.102539,-2283.589354499999,0.14101091232854585,-2152.820311999999,10.61539562681468,0.8689809112324065,right_wink
190,4611.2822270000015,4566.666504,0.25683650000155467,1.0008170168270447,44.61572300000171,1.7856095361656883,0.6182584561835196,right_wink
191,4702.563965,5470.769043,-821.0253899999998,0.3323602732383235,-768.205078,2.98725214996329,0.6663049167133346,right_wink
192,4976.9228520000015,5434.3588869999985,-583.3334964999976,0.4817766611001758,-457.436034999997,1.8170622037978248,0.3167898236377175,right_wink
193,4673.846191,5807.179688,-1230.0002449999993,0.2108898268987609,-1133.3334970000005,9.175911956320887,0.8926514083559536,right_wink
194,4725.6411130000015,4627.692383,66.41015550000066,1.1876808540022403,97.94873000000189,0.8211128625581019,-0.31879409771555145,right_wink
195,4923.0771479999985,6943.077148,-2128.4614255000015,0.21629536576833744,-2020.0000000000018,2.71070687270156,0.27318809084562007,right_wink
196,4984.615234000001,6351.2822270000015,-1528.2053235000003,0.30874500014963707,-1366.6669930000007,5.483867127966977,0.34091318325764347,right_wink
197,5094.871582,6610.769043,-1647.1796870000007,0.3250681750704843,-1515.8974610000005,4.728459866094161,0.21422388124702924,right_wink
198,4612.307617,7806.666504000002,-4061.2819825000006,0.06283650326081144,-3194.3588870000012,28.54973848362403,0.8567850204269125,right_wink
199,5009.743652,7013.846191,-2222.0512689999996,0.23580249315383042,-2004.1025389999995,4.2528955176967465,0.19834628668850127,right_wink
200,4948.7177729999985,4774.3588869999985,147.17919900000015,1.270754136826737,174.35888599999998,0.7347173426524124,-0.10920789936086228,right_wink
201,4696.410156,6283.0771479999985,-1778.205566499998,0.168564836935162,-1586.6669919999986,5.307094146365049,0.8691203467281092,right_wink
202,4661.025879,4634.3588869999985,-17.948241999999482,0.952639927094126,26.6669920000013,1.3067887508896825,0.3120012082617102,right_wink
203,4653.846191,4662.563965,-56.9228520000006,0.8654549934283765,-8.717774000000645,1.328635161874586,0.26674054516306545,right_wink
204,7803.589844,7889.743651999999,-740.7691639999994,0.8240238936544172,-86.15380799999912,2.033022341894931,0.0029502940753239255,right_wink
205,4514.871582,5783.0771479999985,-1368.7182614999983,0.1384764091477652,-1268.2055659999987,6.45310624429612,2.072629025810106,right_wink
206,4914.3588869999985,6803.077148,-1919.7438960000009,0.23788676188279873,-1888.7182610000018,2.9534853591854837,0.26579745928157267,right_wink
207,4562.563965,6149.230957,-1675.8974609999977,0.13773090234361235,-1586.6669919999995,6.234952620467752,1.445544494704879,right_wink
208,4716.410156,6225.6411130000015,-1587.6923820000002,0.21181255582874312,-1509.2309570000016,4.422826188559577,0.7147833445593491,right_wink
209,5055.384765999999,5528.7177729999985,-618.974119999999,0.5456429131694577,-473.33300699999927,2.7541692179577217,0.15981720982740227,right_wink
210,4744.102539,4413.333496,346.66650349999964,4.011128872629857,330.76904300000024,3.333655726553114,-0.04224478361727746,right_wink
211,5384.615234000001,6190.769043,-206.15405349999946,0.8981503903444293,-806.1538089999995,0.2466447383762829,-0.03857245318421716,right_wink
212,4630.769043,4631.2822270000015,-58.71826150000288,0.8470265882525954,-0.5131840000012744,1.7356241411334086,0.5975288393813509,right_wink
213,4612.820313,4592.307617,-26.666991000000053,0.9220380293341347,20.512695999999778,1.3473285271358229,0.4257694294137685,right_wink
214,4550.769043,6932.820312999998,-2503.5896004999986,0.08233078072422864,-2382.051269999998,13.216819991617966,2.036256898822228,right_wink
215,4695.384765999999,7168.717773,-2554.8715810000012,0.13281120148496972,-2473.333007000001,6.283980747446841,0.9975196158915649,right_wink
216,5326.666504,4754.3588869999985,536.4101560000017,2.0533740391720423,572.3076170000013,0.6767838133144194,-0.3551039570109986,right_wink
217,4632.307617,6976.410156,-2688.7180174999994,0.10114859340246111,-2344.1025389999995,8.633093222206085,0.5329446609552726,right_wink
218,4634.3588869999985,4636.410156,-43.077148000001216,0.904761391626086,-2.0512690000014118,1.2842462046483536,0.12356523080519449,right_wink
219,4901.538574,6976.410156,-2151.5383294999983,0.22585112498104662,-2074.8715819999998,4.8087159577253535,0.3338128259537696,right_wink
220,4567.692383,4529.743652,10.256348500000058,1.040281716494863,37.9487309999995,0.6490482281396861,-0.5612731839765278,right_wink
221,4674.3588869999985,4609.743652,12.307617999997092,1.0346318109612747,64.61523499999839,1.4496593927808676,0.33321887511525705,right_wink
222,4800.512695,7805.128418000001,-4024.872192500001,0.09673144018041042,-3004.615723000001,46.84398794928367,0.8432345318717567,right_wink
