,Timestamp,EEG.Counter,EEG.Interpolated,EEG.AF3,EEG.T7,EEG.Pz,EEG.T8,EEG.AF4,EEG.RawCq,EEG.Battery,EEG.BatteryPercent,MarkerIndex,MarkerType,MarkerValueInt,EEG.MarkerHardware,CQ.AF3,CQ.T7,CQ.Pz,CQ.T8,CQ.AF4,CQ.Overall,EQ.SampleRateQuality,EQ.OVERALL,EQ.AF3,EQ.T7,EQ.Pz,EQ.T8,EQ.AF4,MOT.CounterMems,MOT.InterpolatedMems,MOT.Q0,MOT.Q1,MOT.Q2,MOT.Q3,MOT.AccX,MOT.AccY,MOT.AccZ,MOT.MagX,MOT.MagY,MOT.MagZ,MC.Action,MC.ActionPower,MC.IsActive,PM.Engagement.IsActive,PM.Engagement.Scaled,PM.Engagement.Raw,PM.Engagement.Min,PM.Engagement.Max,PM.Excitement.IsActive,PM.Excitement.Scaled,PM.Excitement.Raw,PM.Excitement.Min,PM.Excitement.Max,PM.LongTermExcitement,PM.Stress.IsActive,PM.Stress.Scaled,PM.Stress.Raw,PM.Stress.Min,PM.Stress.Max,PM.Relaxation.IsActive,PM.Relaxation.Scaled,PM.Relaxation.Raw,PM.Relaxation.Min,PM.Relaxation.Max,PM.Interest.IsActive,PM.Interest.Scaled,PM.Interest.Raw,PM.Interest.Min,PM.Interest.Max,PM.Focus.IsActive,PM.Focus.Scaled,PM.Focus.Raw,PM.Focus.Min,PM.Focus.Max,FE.BlinkWink,FE.HorizontalEyesDirection,FE.UpperFaceAction,FE.UpperFaceActionPower,FE.LowerFaceAction,FE.LowerFaceActionPower,POW.AF3.Theta,POW.AF3.Alpha,POW.AF3.BetaL,POW.AF3.BetaH,POW.AF3.Gamma,POW.T7.Theta,POW.T7.Alpha,POW.T7.BetaL,POW.T7.BetaH,POW.T7.Gamma,POW.Pz.Theta,POW.Pz.Alpha,POW.Pz.BetaL,POW.Pz.BetaH,POW.Pz.Gamma,POW.T8.Theta,POW.T8.Alpha,POW.T8.BetaL,POW.T8.BetaH,POW.T8.Gamma,POW.AF4.Theta,POW.AF4.Alpha,POW.AF4.BetaL,POW.AF4.BetaH,POW.AF4.Gamma
13324,1645651031.084828,4.0,0.0,3371.794922,4938.974121,4206.153809,4247.179688,4185.128418,0.0,3.0,59.0,,,,0.0,4.0,0.0,1.0,0.0,4.0,8.333333,,,,,,,,,,,,,,,,,,,,,,,,,,,,,,,,,,,,,,,,,,,,,,,,,,,,,,,,,,,,,,,,,,,,,,,,,,,,,,,,,,,,
13325,1645651031.092642,5.0,0.0,3356.4101560000004,5171.282227000001,4251.282227000001,4248.717772999999,4159.487305,450.0,3.0,59.0,,,,0.0,4.0,0.0,2.0,0.0,2.0,16.666666,,,,,,,,,,,,,,,,,,,,,,,,,,,,,,,,,,,,,,,,,,,,,,,,,,,,,,,,,,,,,,,,,,,,,,,,,,,,,,,,,,,,
13326,1645651031.100457,6.0,0.0,3263.076904,5147.692383,4226.666504,4253.333496,4158.461426,243.0,3.0,59.0,,,,0.0,4.0,0.0,2.0,0.0,2.0,16.666666,,,,,,,,3.0,0.0,0.310194,0.575439,0.12646500000000002,-0.7460939999999999,0.94435,-0.18115499999999998,-0.315923,-0.019861,-0.049679,-0.021481,,,,,,,,,,,,,,,,,,,,,,,,,,,,,,,,,,,,,,,,,,,,,,,,,,,,,,,,,,,,,,,,,
13327,1645651031.1082711,7.0,0.0,3165.6411129999997,5056.410156,4228.205078,4254.358886999999,4143.077147999999,450.0,3.0,59.0,,,,0.0,4.0,0.0,2.0,0.0,2.0,16.666666,,,,,,,,,,,,,,,,,,,,,,,,,,,,,,,,,,,,,,,,,,,,,,,,,,,,,,0.0,0.0,1.0,0.0,512.0,1.0,,,,,,,,,,,,,,,,,,,,,,,,,
13328,1645651031.116086,8.0,0.0,3216.410156,4875.897461,4288.717772999999,4256.410156,4111.794922,450.0,3.0,59.0,,,,0.0,4.0,0.0,2.0,0.0,2.0,16.666666,,,,,,,,4.0,0.0,0.310293,0.575439,0.126221,-0.7460939999999999,0.9399559999999999,-0.17383099999999999,-0.311528,-0.017924000000000002,-0.049594,-0.025093999999999998,,,,,,,,,,,,,,,,,,,,,,,,,,,,,,,,,,,,,,,,,,,,,,,,,,,,,,,,,,,,,,,,,
13329,1645651031.1239,9.0,0.0,3271.281982,4622.563965,4329.743652,4263.077147999999,4074.8718259999996,0.0,3.0,59.0,,,,0.0,4.0,0.0,2.0,0.0,2.0,16.666666,,,,,,,,,,,,,,,,,,,,,,,,,,,,,,,,,,,,,,,,,,,,,,,,,,,,,,,,,,,,,,,,,,,,,,,,,,,,,,,,,,,,
13330,1645651031.131714,10.0,0.0,3249.230713,4337.94873,4314.871582,4263.077147999999,4033.3332520000004,450.0,3.0,59.0,,,,0.0,4.0,0.0,2.0,0.0,2.0,16.666666,,,,,,,,5.0,0.0,0.310293,0.575439,0.126221,-0.7460939999999999,0.9487450000000001,-0.16406500000000002,-0.29639099999999996,-0.018377,-0.049518,-0.0282,,,,,,,,,,,,,,,,,,,,,,,,,,,,,,,,,,,,,,,,,,,,,,,,,,,,,,,,,,,,,,,,,
13331,1645651031.139529,11.0,0.0,3271.281982,4097.436035,4298.461426,4255.897461,4012.3076170000004,276.0,3.0,59.0,,,,0.0,4.0,0.0,2.0,0.0,2.0,16.666666,-1.0,0.0,0.0,0.0,0.0,0.0,1.0,,,,,,,,,,,,,1.0,0.0,0.0,,,,,,,,,,,,,,,,,,,,,,,,,,,,,,,,0.0,0.0,1.0,0.0,512.0,1.0,38.750206,31.619013,20.641436,14.279485000000001,20.186651,63.324486,119.262497,148.255417,227.071762,749.1230469999999,150.747253,145.065002,12.38413,21.691202,19.352073999999998,0.031842,0.025196,0.055978999999999994,0.116724,0.22954899999999998,35.275040000000004,24.618433,7.283417,8.768275,16.312769
13332,1645651031.147343,12.0,0.0,3390.256348,4262.05127,4236.922852000001,4250.256348,4060.0,450.0,3.0,59.0,,,,0.0,4.0,0.0,2.0,0.0,2.0,16.666666,,,,,,,,6.0,0.0,0.310293,0.575439,0.126221,-0.7460939999999999,0.9589989999999999,-0.166018,-0.301274,-0.018835,-0.049546,-0.031093,,,,,,,,,,,,,,,,,,,,,,,,,,,,,,,,,,,,,,,,,,,,,,,,,,,,,,,,,,,,,,,,,
13333,1645651031.155058,13.0,0.0,3502.5642090000006,4450.769043,4213.846191,4244.615234000001,4107.179688,450.0,3.0,59.0,,,,0.0,4.0,0.0,2.0,0.0,2.0,16.666666,,,,,,,,,,,,,,,,,,,,,,,,,,,,,,,,,,,,,,,,,,,,,,,,,,,,,,,,,,,,,,,,,,,,,,,,,,,,,,,,,,,,
13334,1645651031.162872,14.0,0.0,3501.538574,4415.384765999999,4220.0,4247.179688,4137.436035,450.0,3.0,59.0,,,,0.0,4.0,0.0,2.0,0.0,2.0,16.666666,,,,,,,,7.0,0.0,0.310293,0.575439,0.126221,-0.7460939999999999,0.945815,-0.170413,-0.319829,-0.019344,-0.049621,-0.033794,,,,,,,,,,,,,,,,,,,,,,,,,,,,,,,,,,,,,,,,,,,,,,,,,,,,,,,,,,,,,,,,,
13335,1645651031.170687,15.0,0.0,3414.8718259999996,4928.717772999999,4128.717772999999,4253.846191,4186.153809,276.0,3.0,59.0,,,,0.0,4.0,0.0,2.0,0.0,2.0,16.666666,,,,,,,,,,,,,,,,,,,,,,,,,,,,,,,,,,,,,,,,,,,,,,,,,,,,,,0.0,0.0,1.0,0.0,512.0,1.0,,,,,,,,,,,,,,,,,,,,,,,,,
13336,1645651031.178501,16.0,0.0,3415.897461,5330.769043,4068.718018,4253.846191,4194.358886999999,0.0,3.0,59.0,,,,0.0,4.0,0.0,2.0,0.0,2.0,16.666666,,,,,,,,8.0,0.0,0.310646,0.575195,0.12646500000000002,-0.7460939999999999,0.9629049999999999,-0.171878,-0.32422399999999996,-0.019753,-0.04964,-0.029927,,,,,,,,,,,,,,,,,,,,,,,,,,,,,,,,,,,,,,,,,,,,,,,,,,,,,,,,,,,,,,,,,
13337,1645651031.186315,17.0,0.0,3438.461426,4533.333496,4225.641113000001,4258.461426,4080.0,0.0,3.0,59.0,,,,0.0,4.0,0.0,2.0,0.0,2.0,16.666666,,,,,,,,,,,,,,,,,,,,,,,,,,,,,,,,,,,,,,,,,,,,,,,,,,,,,,,,,,,,,,,,,,,,,,,,,,,,,,,,,,,,
13338,1645651031.1941302,18.0,0.0,3448.205078,3992.3076170000004,4354.358886999999,4263.077147999999,4088.205078,0.0,3.0,59.0,,,,0.0,4.0,0.0,2.0,0.0,2.0,16.666666,,,,,,,,9.0,0.0,0.310746,0.575195,0.126221,-0.7460939999999999,0.949233,-0.166018,-0.309087,-0.019975,-0.049656,-0.032598,,,,,,,,,,,,,,,,,,,,,,,,,,,,,,,,,,,,,,,,,,,,,,,,,,,,,,,,,,,,,,,,,
13339,1645651031.2019439,19.0,0.0,3471.281982,4702.05127,4247.179688,4249.743652,4188.717772999999,0.0,3.0,59.0,,,,0.0,4.0,0.0,2.0,0.0,2.0,16.666666,,,,,,,,,,,,,,,,,,,,,,,,,,,,,,,,,,,,,,,,,,,,,,,,,,,,,,0.0,0.0,1.0,0.0,512.0,1.0,,,,,,,,,,,,,,,,,,,,,,,,,
13340,1645651031.209759,20.0,0.0,3484.615479,5215.897461,4171.282227000001,4243.077147999999,4212.820313,0.0,3.0,59.0,,,,0.0,4.0,0.0,2.0,0.0,2.0,16.666666,,,,,,,,10.0,0.0,0.31005900000000003,0.575195,0.12646500000000002,-0.7463380000000001,0.938491,-0.166995,-0.31396999999999997,-0.02037,-0.049622,-0.028752,,,,,,,,,,,,,,,,,,,,,,,,,,,,,,,,,,,,,,,,,,,,,,,,,,,,,,,,,,,,,,,,,
13341,1645651031.2175732,21.0,0.0,3405.1281740000004,4737.94873,4253.846191,4256.922852000001,4142.05127,0.0,3.0,59.0,,,,0.0,4.0,0.0,2.0,0.0,2.0,16.666666,,,,,,,,,,,,,,,,,,,,,,,,,,,,,,,,,,,,,,,,,,,,,,,,,,,,,,,,,,,,,,,,,,,,,,,,,,,,,,,,,,,,
13342,1645651031.225487,22.0,0.0,3370.256348,4323.589844,4398.974121,4267.179688,4097.436035,0.0,3.0,59.0,,,,0.0,4.0,0.0,2.0,0.0,2.0,16.666666,,,,,,,,11.0,0.0,0.31005900000000003,0.575195,0.12646500000000002,-0.7463380000000001,0.9511860000000001,-0.163577,-0.308598,-0.020579,-0.049592000000000004,-0.025438,,,,,,,,,,,,,,,,,,,,,,,,,,,,,,,,,,,,,,,,,,,,,,,,,,,,,,,,,,,,,,,,,
13343,1645651031.2333019,23.0,0.0,3443.5898439999996,4701.538574,4362.05127,4255.897461,4128.205078,0.0,3.0,59.0,,,,0.0,4.0,0.0,2.0,0.0,2.0,16.666666,,,,,,,,,,,,,,,,,,,,,,,,,,,,,,,,,,,,,,,,,,,,,,,,,,,,,,0.0,0.0,1.0,0.0,512.0,1.0,,,,,,,,,,,,,,,,,,,,,,,,,
13344,1645651031.241116,24.0,0.0,3507.6923829999996,4931.794922,4283.077147999999,4242.563965,4193.846191,0.0,3.0,59.0,,,,0.0,4.0,0.0,2.0,0.0,2.0,16.666666,,,,,,,,12.0,0.0,0.310746,0.575195,0.126221,-0.7460939999999999,0.949233,-0.166018,-0.309087,-0.020768000000000002,-0.049662,-0.02221,,,,,,,,,,,,,,,,,,,,,,,,,,,,,,,,,,,,,,,,,,,,,,,,,,,,,,,,,,,,,,,,,
13345,1645651031.2489312,25.0,0.0,3447.179443,4718.974121,4285.128418,4252.307617,4202.563965,0.0,3.0,59.0,,,,0.0,4.0,0.0,2.0,0.0,2.0,16.666666,,,,,,,,,,,,,,,,,,,,,,,,,,,,,,,,,,,,,,,,,,,,,,,,,,,,,,,,,,,,,,,,,,,,,,,,,,,,,,,,,,,,
13346,1645651031.2567449,26.0,0.0,3383.5898439999996,4801.025879,4317.94873,4266.153809,4154.871582,0.0,3.0,59.0,,,,0.0,4.0,0.0,2.0,0.0,2.0,16.666666,,,,,,,,13.0,0.0,0.31005900000000003,0.575195,0.12646500000000002,-0.7463380000000001,0.9511860000000001,-0.163577,-0.308598,-0.020937,-0.049628,-0.01955,,,,,,,,,,,,,,,,,,,,,,,,,,,,,,,,,,,,,,,,,,,,,,,,,,,,,,,,,,,,,,,,,
13347,1645651031.264559,27.0,0.0,3442.0512700000004,4590.769043,4286.153809,4260.0,4097.94873,0.0,3.0,59.0,,,,0.0,4.0,0.0,2.0,0.0,2.0,16.666666,,,,,,,,,,,,,,,,,,,,1.0,0.0,0.0,,,,,,,,,,,,,,,,,,,,,,,,,,,,,,,,0.0,0.0,1.0,0.0,512.0,1.0,41.074253000000006,25.105048999999998,28.631351000000002,14.152545000000002,15.183376999999998,84.314545,118.310249,181.570404,236.993896,613.014587,148.584656,146.276733,14.031587,20.442442,15.130095,0.034883,0.028124,0.058115,0.120548,0.18591400000000002,37.022011,23.29285,9.899772,9.261004,13.325911999999999
13348,1645651031.272374,28.0,0.0,3517.9487299999996,3862.0512700000004,4270.769043,4250.769043,4059.487061,0.0,3.0,59.0,,,,0.0,4.0,0.0,2.0,0.0,2.0,16.666666,,,,,,,,14.0,0.0,0.31005900000000003,0.575195,0.12646500000000002,-0.7463380000000001,0.9463030000000001,-0.166995,-0.321782,-0.021089,-0.049596,-0.017058,,,,,,,,,,,,,,,,,,,,,,,,,,,,,,,,,,,,,,,,,,,,,,,,,,,,,,,,,,,,,,,,,
13349,1645651031.280188,29.0,0.0,3542.5642090000006,4184.615234000001,4213.846191,4254.358886999999,4113.333496,0.0,3.0,59.0,,,,0.0,4.0,0.0,2.0,0.0,2.0,16.666666,,,,,,,,,,,,,,,,,,,,,,,,,,,,,,,,,,,,,,,,,,,,,,,,,,,,,,,,,,,,,,,,,,,,,,,,,,,,,,,,,,,,
13350,1645651031.288003,30.0,0.0,3499.487061,5372.307617,4118.974121,4258.974121,4235.897461,0.0,3.0,59.0,,,,0.0,4.0,0.0,2.0,0.0,2.0,16.666666,,,,,,,,15.0,0.0,0.31005900000000003,0.575195,0.12646500000000002,-0.7463380000000001,0.9511860000000001,-0.160647,-0.300786,-0.021422,-0.049617,-0.020967,,,,,,,,,,,,,,,,,,,,,,,,,,,,,,,,,,,,,,,,,,,,,,,,,,,,,,,,,,,,,,,,,
13351,1645651031.295917,31.0,0.0,3493.3332520000004,4971.794922,4143.589844,4257.436035,4241.538574,0.0,3.0,59.0,,,,0.0,4.0,0.0,2.0,0.0,2.0,16.666666,,,,,,,,,,,,,,,,,,,,,,,,,,,,,,,,,,,,,,,,,,,,,,,,,,,,,,0.0,0.0,1.0,0.0,512.0,1.0,,,,,,,,,,,,,,,,,,,,,,,,,
13352,1645651031.303731,32.0,0.0,3577.9487299999996,3721.025635,4236.410156,4253.333496,4129.743652,0.0,3.0,59.0,,,,0.0,4.0,0.0,2.0,0.0,2.0,16.666666,,,,,,,,16.0,0.0,0.31005900000000003,0.575195,0.12646500000000002,-0.7463380000000001,0.946792,-0.170901,-0.316899,-0.021575,-0.049539,-0.018285,,,,,,,,,,,,,,,,,,,,,,,,,,,,,,,,,,,,,,,,,,,,,,,,,,,,,,,,,,,,,,,,,
13353,1645651031.311546,33.0,0.0,3652.820557,4068.205078,4214.871582,4253.846191,4169.230957,0.0,3.0,59.0,,,,0.0,4.0,0.0,2.0,0.0,2.0,16.666666,,,,,,,,,,,,,,,,,,,,,,,,,,,,,,,,,,,,,,,,,,,,,,,,,,,,,,,,,,,,,,,,,,,,,,,,,,,,,,,,,,,,
13354,1645651031.31936,34.0,0.0,3561.025635,5035.384765999999,4170.256348,4263.077147999999,4214.871582,0.0,3.0,59.0,,,,0.0,4.0,0.0,2.0,0.0,2.0,16.666666,,,,,,,,17.0,0.0,0.31005900000000003,0.575195,0.12646500000000002,-0.7463380000000001,0.936049,-0.15967,-0.29688000000000003,-0.021613999999999998,-0.049565,-0.022169,,,,,,,,,,,,,,,,,,,,,,,,,,,,,,,,,,,,,,,,,,,,,,,,,,,,,,,,,,,,,,,,,
13355,1645651031.327174,35.0,0.0,3498.461426,4937.94873,4213.333496,4265.128418,4145.128418,0.0,3.0,59.0,,,,0.0,4.0,0.0,2.0,0.0,2.0,16.666666,,,,,,,,,,,,,,,,,,,,,,,,,,,,,,,,,,,,,,,,,,,,,,,,,,,,,,0.0,0.0,1.0,0.0,512.0,1.0,,,,,,,,,,,,,,,,,,,,,,,,,
13356,1645651031.334989,36.0,0.0,3615.897461,4481.538574,4232.820313,4249.743652,4128.205078,0.0,3.0,59.0,,,,0.0,4.0,0.0,2.0,0.0,2.0,16.666666,,,,,,,,18.0,0.0,0.31005900000000003,0.575195,0.12646500000000002,-0.7463380000000001,0.9428850000000001,-0.165042,-0.303716,-0.021846,-0.04954,-0.019415,,,,,,,,,,,,,,,,,,,,,,,,,,,,,,,,,,,,,,,,,,,,,,,,,,,,,,,,,,,,,,,,,
13357,1645651031.342803,37.0,0.0,3722.5642090000006,4511.282227000001,4235.384765999999,4244.615234000001,4224.102539,0.0,3.0,59.0,,,,0.0,4.0,0.0,2.0,0.0,2.0,16.666666,,,,,,,,,,,,,,,,,,,,,,,,,,,,,,,,,,,,,,,,,,,,,,,,,,,,,,,,,,,,,,,,,,,,,,,,,,,,,,,,,,,,
13358,1645651031.350618,38.0,0.0,3566.1538090000004,4731.794922,4260.0,4259.487305,4183.077147999999,0.0,3.0,59.0,,,,0.0,4.0,0.0,2.0,0.0,2.0,16.666666,,,,,,,,19.0,0.0,0.309471,0.575195,0.12646500000000002,-0.746582,0.948257,-0.1626,-0.316899,-0.021956,-0.049616,-0.023235,,,,,,,,,,,,,,,,,,,,,,,,,,,,,,,,,,,,,,,,,,,,,,,,,,,,,,,,,,,,,,,,,
13359,1645651031.358432,39.0,0.0,3423.5898439999996,4764.102539,4319.487305,4267.179688,4072.3076170000004,0.0,3.0,59.0,,,,0.0,4.0,0.0,2.0,0.0,2.0,16.666666,,,,,,,,,,,,,,,,,,,,,,,,,,,,,,,,,,,,,,,,,,,,,,,,,,,,,,0.0,0.0,1.0,0.0,512.0,1.0,,,,,,,,,,,,,,,,,,,,,,,,,
13360,1645651031.3663461,40.0,0.0,3555.384521,4387.692383,4309.230957,4252.820313,4077.4357909999994,0.0,3.0,59.0,,,,0.0,4.0,0.0,2.0,0.0,2.0,16.666666,,,,,,,,20.0,0.0,0.309571,0.575195,0.126221,-0.746582,0.946792,-0.180179,-0.298833,-0.022153,-0.049684,-0.020472,,,,,,,,,,,,,,,,,,,,,,,,,,,,,,,,,,,,,,,,,,,,,,,,,,,,,,,,,,,,,,,,,
13361,1645651031.374161,41.0,0.0,3743.5898439999996,4180.0,4308.205078,4244.102539,4165.641113000001,0.0,3.0,59.0,,,,0.0,4.0,0.0,2.0,0.0,2.0,16.666666,,,,,,,,,,,,,,,,,,,,,,,,,,,,,,,,,,,,,,,,,,,,,,,,,,,,,,,,,,,,,,,,,,,,,,,,,,,,,,,,,,,,
13362,1645651031.381975,42.0,0.0,3646.6667479999996,4795.384765999999,4266.666504,4256.922852000001,4210.256348,0.0,3.0,59.0,,,,0.0,4.0,0.0,2.0,0.0,2.0,16.666666,,,,,,,,21.0,0.0,0.30967,0.575195,0.125977,-0.746582,0.9433739999999999,-0.166506,-0.307134,-0.019987,-0.049549,-0.024187,,,,,,,,,,,,,,,,,,,,,,,,,,,,,,,,,,,,,,,,,,,,,,,,,,,,,,,,,,,,,,,,,
13363,1645651031.38989,43.0,0.0,3440.0,5051.794922,4221.025879,4268.205078,4141.025879,0.0,3.0,59.0,,,,0.0,4.0,0.0,2.0,0.0,2.0,16.666666,,,,,,,,,,,,,,,,,,,,1.0,0.0,0.0,,,,,,,,,,,,,,,,,,,,,,,,,,,,,,,,0.0,0.0,1.0,0.0,512.0,1.0,84.097404,29.12779,43.083267,16.580729,11.730018,132.649033,126.572525,245.138321,248.38758900000002,479.983643,139.808334,140.042496,14.996986999999999,17.949331,11.37014,0.057123,0.039192000000000005,0.05946,0.118221,0.144849,38.389796999999994,21.376616000000002,12.166122999999999,9.344338,10.246357000000001
13364,1645651031.397704,44.0,0.0,3561.025635,4570.256348,4183.077147999999,4258.974121,4094.8718259999996,0.0,3.0,59.0,,,,0.0,4.0,0.0,2.0,0.0,2.0,16.666666,,,,,,,,22.0,0.0,0.30918,0.575195,0.12573199999999998,-0.746826,0.944839,-0.156252,-0.31104,-0.020332,-0.049575,-0.021134,,,,,,,,,,,,,,,,,,,,,,,,,,,,,,,,,,,,,,,,,,,,,,,,,,,,,,,,,,,,,,,,,
13365,1645651031.405518,45.0,0.0,3794.8718259999996,4670.769043,4156.922852000001,4244.615234000001,4202.563965,0.0,3.0,59.0,,,,0.0,4.0,0.0,2.0,0.0,2.0,16.666666,,,,,,,,,,,,,,,,,,,,,,,,,,,,,,,,,,,,,,,,,,,,,,,,,,,,,,,,,,,,,,,,,,,,,,,,,,,,,,,,,,,,
13366,1645651031.413333,46.0,0.0,3738.461426,4852.307617,4168.205078,4252.820313,4230.256348,0.0,3.0,59.0,,,,0.0,4.0,0.0,2.0,0.0,2.0,16.666666,,,,,,,,23.0,0.0,0.30918,0.575195,0.12573199999999998,-0.746826,0.945815,-0.171389,-0.320317,-0.020641999999999997,-0.0495,-0.024733,,,,,,,,,,,,,,,,,,,,,,,,,,,,,,,,,,,,,,,,,,,,,,,,,,,,,,,,,,,,,,,,,
13367,1645651031.421147,47.0,0.0,3580.0,4296.410156,4214.358886999999,4266.666504,4056.923096,0.0,3.0,59.0,,,,0.0,4.0,0.0,2.0,0.0,2.0,16.666666,,,,,,,,,,,,,,,,,,,,,,,,,,,,,,,,,,,,,,,,,,,,,,,,,,,,,,0.0,0.0,1.0,0.0,512.0,1.0,,,,,,,,,,,,,,,,,,,,,,,,,
13368,1645651031.428962,48.0,0.0,3637.9487299999996,4344.615234000001,4178.461426,4265.128418,4077.4357909999994,0.0,3.0,59.0,,,,0.0,4.0,0.0,2.0,0.0,2.0,16.666666,,,,,,,,24.0,0.0,0.30918,0.575195,0.12573199999999998,-0.746826,0.9560690000000001,-0.15967,-0.31104,-0.020922,-0.049482,-0.028069999999999998,,,,,,,,,,,,,,,,,,,,,,,,,,,,,,,,,,,,,,,,,,,,,,,,,,,,,,,,,,,,,,,,,
13369,1645651031.436876,49.0,0.0,3685.641113,4963.077147999999,4142.05127,4262.05127,4202.563965,0.0,3.0,59.0,,,,0.0,4.0,0.0,2.0,0.0,2.0,16.666666,,,,,,,,,,,,,,,,,,,,,,,,,,,,,,,,,,,,,,,,,,,,,,,,,,,,,,,,,,,,,,,,,,,,,,,,,,,,,,,,,,,,
13370,1645651031.44469,50.0,0.0,3652.3076170000004,4935.384765999999,4195.384765999999,4267.692383,4198.461426,0.0,3.0,59.0,,,,0.0,4.0,0.0,2.0,0.0,2.0,16.666666,,,,,,,,25.0,0.0,0.30918,0.575195,0.12573199999999998,-0.746826,0.9511860000000001,-0.170901,-0.306645,-0.021125,-0.049417,-0.024725999999999998,,,,,,,,,,,,,,,,,,,,,,,,,,,,,,,,,,,,,,,,,,,,,,,,,,,,,,,,,,,,,,,,,
13371,1645651031.452505,51.0,0.0,3643.5898439999996,4968.717772999999,4182.563965,4264.615234000001,4212.307617,0.0,3.0,59.0,,,,0.0,4.0,0.0,2.0,0.0,2.0,16.666666,,,,,,,,,,,,,,,,,,,,,,,,,,,,,,,,,,,,,,,,,,,,,,,,,,,,,,0.0,0.0,1.0,0.0,512.0,1.0,,,,,,,,,,,,,,,,,,,,,,,,,
13372,1645651031.460319,52.0,0.0,3697.9487299999996,5160.512695,4212.307617,4257.436035,4278.461426,0.0,3.0,59.0,,,,0.0,4.0,0.0,2.0,0.0,2.0,16.666666,,,,,,,,26.0,0.0,0.30918,0.575195,0.12573199999999998,-0.746826,0.9521629999999999,-0.16894800000000001,-0.309087,-0.019696,-0.049358,-0.027918000000000002,,,,,,,,,,,,,,,,,,,,,,,,,,,,,,,,,,,,,,,,,,,,,,,,,,,,,,,,,,,,,,,,,
13373,1645651031.468133,53.0,0.0,3763.5898439999996,4721.025879,4300.0,4252.307617,4175.384765999999,0.0,3.0,59.0,,,,0.0,4.0,0.0,2.0,0.0,2.0,16.666666,,,,,,,,,,,,,,,,,,,,,,,,,,,,,,,,,,,,,,,,,,,,,,,,,,,,,,,,,,,,,,,,,,,,,,,,,,,,,,,,,,,,
13374,1645651031.475948,54.0,0.0,3767.6923829999996,4386.153809,4316.410156,4250.769043,4093.3332520000004,0.0,3.0,59.0,,,,0.0,4.0,0.0,2.0,0.0,2.0,16.666666,,,,,,,,27.0,0.0,0.30918,0.575195,0.12573199999999998,-0.746826,0.9550930000000001,-0.159182,-0.310552,-0.017824,-0.049354,-0.030839,,,,,,,,,,,,,,,,,,,,,,,,,,,,,,,,,,,,,,,,,,,,,,,,,,,,,,,,,,,,,,,,,
13375,1645651031.483762,55.0,0.0,3711.281982,4283.589844,4313.846191,4257.436035,4129.230957,0.0,3.0,59.0,,,,0.0,4.0,0.0,2.0,0.0,2.0,16.666666,,,,,,,,,,,,,,,,,,,,,,,,,,,,,,,,,,,,,,,,,,,,,,,,,,,,,,0.0,0.0,1.0,0.0,512.0,1.0,,,,,,,,,,,,,,,,,,,,,,,,,
13376,1645651031.491577,56.0,0.0,3736.923096,4176.410156,4381.538574,4263.077147999999,4127.179688,0.0,3.0,59.0,,,,0.0,4.0,0.0,2.0,0.0,2.0,16.666666,,,,,,,,28.0,0.0,0.30918,0.575195,0.12573199999999998,-0.746826,0.940932,-0.169924,-0.304692,-0.018434,-0.049301,-0.03337,,,,,,,,,,,,,,,,,,,,,,,,,,,,,,,,,,,,,,,,,,,,,,,,,,,,,,,,,,,,,,,,,
13377,1645651031.499391,57.0,0.0,3720.0,4448.717772999999,4311.794922,4261.538574,4084.615479,0.0,3.0,59.0,,,,0.0,4.0,0.0,2.0,0.0,2.0,16.666666,,,,,,,,,,,,,,,,,,,,,,,,,,,,,,,,,,,,,,,,,,,,,,,,,,,,,,,,,,,,,,,,,,,,,,,,,,,,,,,,,,,,
13378,1645651031.5073051,58.0,0.0,3668.205078,4646.666504,4252.820313,4266.153809,4097.436035,0.0,3.0,59.0,,,,0.0,2.0,0.0,2.0,0.0,2.0,16.666666,,,,,,,,29.0,0.0,0.30918,0.575195,0.12573199999999998,-0.746826,0.94435,-0.175784,-0.30518,-0.018837,-0.049352,-0.029447000000000004,,,,,,,,,,,,,,,,,,,,,,,,,,,,,,,,,,,,,,,,,,,,,,,,,,,,,,,,,,,,,,,,,
13379,1645651031.51512,59.0,0.0,3710.256348,4665.641113000001,4260.0,4268.717772999999,4166.153809,0.0,3.0,59.0,,,,0.0,2.0,0.0,2.0,0.0,2.0,16.666666,,,,,,,,,,,,,,,,,,,,1.0,0.0,0.0,,,,,,,,,,,,,,,,,,,,,,,,,,,,,,,,0.0,0.0,1.0,0.0,512.0,1.0,216.71456899999998,61.671375,68.923767,23.448334,11.136443,219.83294700000002,149.64527900000002,351.432709,259.78662099999997,372.32806400000004,124.27642800000001,126.431,15.876064999999999,14.859767999999999,8.734948,0.117995,0.06503300000000001,0.067932,0.120894,0.11876500000000001,40.815163,19.183907,13.626832,9.113584,7.502967
13380,1645651031.522934,60.0,0.0,3693.3332520000004,4893.333496,4203.589844,4260.0,4172.820313,0.0,3.0,59.0,,,,0.0,2.0,0.0,2.0,0.0,2.0,16.666666,,,,,,,,30.0,0.0,0.30918,0.575195,0.12573199999999998,-0.746826,0.95314,-0.176761,-0.30811,-0.017734,-0.049397,-0.032313,,,,,,,,,,,,,,,,,,,,,,,,,,,,,,,,,,,,,,,,,,,,,,,,,,,,,,,,,,,,,,,,,
13381,1645651031.530749,61.0,0.0,3686.1538090000004,5038.461426,4107.179688,4255.897461,4172.307617,0.0,3.0,59.0,,,,0.0,2.0,0.0,2.0,0.0,2.0,16.666666,,,,,,,,,,,,,,,,,,,,,,,,,,,,,,,,,,,,,,,,,,,,,,,,,,,,,,,,,,,,,,,,,,,,,,,,,,,,,,,,,,,,
13382,1645651031.538563,62.0,0.0,3795.384521,4936.410156,4131.794922,4257.436035,4229.230957,0.0,3.0,59.0,,,,0.0,2.0,0.0,2.0,0.0,2.0,16.666666,,,,,,,,31.0,0.0,0.309769,0.575195,0.12573199999999998,-0.746582,0.957534,-0.183108,-0.310552,-0.016596,-0.049339999999999995,-0.034844,,,,,,,,,,,,,,,,,,,,,,,,,,,,,,,,,,,,,,,,,,,,,,,,,,,,,,,,,,,,,,,,,
13383,1645651031.546377,63.0,0.0,3827.179443,5105.128418,4149.230957,4257.94873,4277.436035,0.0,3.0,59.0,,,,0.0,2.0,0.0,2.0,0.0,2.0,16.666666,,,,,,,,,,,,,,,,,,,,,,,,,,,,,,,,,,,,,,,,,,,,,,,,,,,,,,0.0,0.0,1.0,0.0,512.0,1.0,,,,,,,,,,,,,,,,,,,,,,,,,
13384,1645651031.554192,64.0,0.0,3764.102539,5145.128418,4130.769043,4260.512695,4258.974121,450.0,3.0,59.0,,,,0.0,2.0,0.0,2.0,0.0,2.0,16.666666,,,,,,,,32.0,0.0,0.309315,0.575439,0.12573199999999998,-0.746582,0.947768,-0.16552999999999998,-0.306157,-0.017329,-0.049338,-0.03717,,,,,,,,,,,,,,,,,,,,,,,,,,,,,,,,,,,,,,,,,,,,,,,,,,,,,,,,,,,,,,,,,
13385,1645651031.562006,65.0,0.0,3829.2307130000004,4882.05127,4162.563965,4262.05127,4278.974121,450.0,3.0,59.0,,,,0.0,2.0,0.0,2.0,0.0,2.0,16.666666,,,,,,,,,,,,,,,,,,,,,,,,,,,,,,,,,,,,,,,,,,,,,,,,,,,,,,,,,,,,,,,,,,,,,,,,,,,,,,,,,,,,
13386,1645651031.5698211,66.0,0.0,3837.4357909999994,4805.128418,4186.666504,4261.538574,4284.102539,297.0,3.0,59.0,,,,0.0,2.0,0.0,2.0,0.0,2.0,16.666666,,,,,,,,33.0,0.0,0.309415,0.575439,0.12548800000000002,-0.746582,0.9428850000000001,-0.178714,-0.313481,-0.017988999999999998,-0.049434,-0.032964999999999994,,,,,,,,,,,,,,,,,,,,,,,,,,,,,,,,,,,,,,,,,,,,,,,,,,,,,,,,,,,,,,,,,
13387,1645651031.577635,67.0,0.0,3791.281982,4808.717772999999,4159.487305,4260.512695,4286.153809,450.0,3.0,59.0,,,,0.0,2.0,0.0,2.0,0.0,2.0,16.666666,,,,,,,,,,,,,,,,,,,,,,,,,,,,,,,,,,,,,,,,,,,,,,,,,,,,,,0.0,0.0,1.0,0.0,512.0,1.0,,,,,,,,,,,,,,,,,,,,,,,,,
13388,1645651031.58545,68.0,0.0,3815.384521,4850.256348,4156.410156,4259.487305,4259.487305,0.0,3.0,59.0,,,,0.0,2.0,0.0,2.0,0.0,2.0,16.666666,,,,,,,,34.0,0.0,0.309514,0.575439,0.125244,-0.746582,0.9633940000000001,-0.179202,-0.300298,-0.018484999999999998,-0.049373,-0.035332,,,,,,,,,,,,,,,,,,,,,,,,,,,,,,,,,,,,,,,,,,,,,,,,,,,,,,,,,,,,,,,,,
13389,1645651031.593164,69.0,0.0,3813.3332520000004,4951.282227000001,4238.974121,4262.05127,4232.307617,450.0,3.0,59.0,,,,0.0,2.0,0.0,2.0,0.0,2.0,16.666666,,,,,,,,,,,,,,,,,,,,,,,,,,,,,,,,,,,,,,,,,,,,,,,,,,,,,,,,,,,,,,,,,,,,,,,,,,,,,,,,,,,,
13390,1645651031.601078,70.0,0.0,3781.538574,5027.692383,4266.666504,4264.615234000001,4258.461426,14.0,3.0,59.0,,,,0.0,2.0,0.0,0.0,0.0,1.0,0.0,,,,,,,,35.0,0.0,0.309415,0.575439,0.12548800000000002,-0.746582,0.9546040000000001,-0.174807,-0.31201599999999996,-0.01898,-0.049367,-0.031262,,,,,,,,,,,,,,,,,,,,,,,,,,,,,,,,,,,,,,,,,,,,,,,,,,,,,,,,,,,,,,,,,
13391,1645651031.608893,71.0,0.0,3831.281982,4911.282227000001,4313.846191,4266.666504,4281.025879,450.0,3.0,59.0,,,,0.0,2.0,0.0,0.0,0.0,1.0,0.0,,,,,,,,,,,,,,,,,,,,,,,,,,,,,,,,,,,,,,,,,,,,,,,,,,,,,,0.0,0.0,1.0,0.0,512.0,1.0,,,,,,,,,,,,,,,,,,,,,,,,,
13392,1645651031.616707,72.0,0.0,3802.0512700000004,4724.615234000001,4323.589844,4264.615234000001,4212.307617,450.0,3.0,59.0,,,,0.0,2.0,0.0,0.0,0.0,1.0,0.0,,,,,,,,36.0,0.0,0.309415,0.575439,0.12548800000000002,-0.746582,0.9399559999999999,-0.171878,-0.306157,-0.019523,-0.049362,-0.033849000000000004,,,,,,,,,,,,,,,,,,,,,,,,,,,,,,,,,,,,,,,,,,,,,,,,,,,,,,,,,,,,,,,,,
13393,1645651031.624522,73.0,0.0,3750.256348,4783.077147999999,4282.05127,4263.077147999999,4202.05127,0.0,3.0,59.0,,,,0.0,2.0,0.0,0.0,0.0,1.0,0.0,,,,,,,,,,,,,,,,,,,,,,,,,,,,,,,,,,,,,,,,,,,,,,,,,,,,,,,,,,,,,,,,,,,,,,,,,,,,,,,,,,,,
13394,1645651031.632336,74.0,0.0,3794.358887,4813.333496,4244.102539,4267.692383,4200.0,450.0,3.0,59.0,,,,0.0,2.0,0.0,0.0,0.0,1.0,0.0,,,,,,,,37.0,0.0,0.309415,0.575439,0.12548800000000002,-0.746582,0.9487450000000001,-0.174807,-0.298833,-0.019865999999999998,-0.049358,-0.029976,,,,,,,,,,,,,,,,,,,,,,,,,,,,,,,,,,,,,,,,,,,,,,,,,,,,,,,,,,,,,,,,,
13395,1645651031.64015,75.0,0.0,3794.8718259999996,4742.563965,4278.974121,4270.769043,4134.358886999999,101.0,3.0,59.0,,,,0.0,2.0,0.0,0.0,0.0,1.0,0.0,-1.0,0.0,0.0,0.0,0.0,0.0,1.0,,,,,,,,,,,,,1.0,0.0,0.0,,,,,,,,,,,,,,,,,,,,,,,,,,,,,,,,0.0,0.0,1.0,0.0,512.0,1.0,458.93771399999997,132.50346399999998,106.62017800000001,35.118973,14.457664000000001,343.969604,198.183624,496.44882199999995,278.020538,325.377472,104.93206,108.898674,17.176275,12.085722,7.725266,0.22753,0.10643,0.092837,0.140489,0.11947,44.787842,17.12697,14.164598000000002,9.176012,5.700969000000001
13396,1645651031.647965,76.0,0.0,3784.102539,4683.589844,4289.743652,4268.717772999999,4159.487305,450.0,3.0,59.0,,,,0.0,2.0,0.0,0.0,0.0,1.0,0.0,,,,,,,,38.0,0.0,0.309415,0.575439,0.12548800000000002,-0.746582,0.9433739999999999,-0.176761,-0.307622,-0.018661,-0.049402999999999996,-0.026489999999999996,,,,,,,,,,,,,,,,,,,,,,,,,,,,,,,,,,,,,,,,,,,,,,,,,,,,,,,,,,,,,,,,,
13397,1645651031.655879,77.0,0.0,3843.076904,4593.333496,4264.615234000001,4269.230957,4228.205078,450.0,3.0,59.0,,,,0.0,2.0,0.0,0.0,0.0,1.0,0.0,,,,,,,,,,,,,,,,,,,,,,,,,,,,,,,,,,,,,,,,,,,,,,,,,,,,,,,,,,,,,,,,,,,,,,,,,,,,,,,,,,,,
13398,1645651031.663693,78.0,0.0,3895.384521,4335.897461,4267.692383,4268.717772999999,4195.897461,450.0,3.0,59.0,,,,0.0,2.0,0.0,0.0,0.0,1.0,0.0,,,,,,,,39.0,0.0,0.309415,0.575439,0.12548800000000002,-0.746582,0.944839,-0.1626,-0.308598,-0.017575999999999998,-0.049443,-0.029554,,,,,,,,,,,,,,,,,,,,,,,,,,,,,,,,,,,,,,,,,,,,,,,,,,,,,,,,,,,,,,,,,
13399,1645651031.671508,79.0,0.0,3900.512939,4325.128418,4277.436035,4263.077147999999,4181.538574,101.0,3.0,59.0,,,,0.0,2.0,0.0,0.0,0.0,1.0,0.0,,,,,,,,,,,,,,,,,,,,,,,,,,,,,,,,,,,,,,,,,,,,,,,,,,,,,,0.0,0.0,1.0,0.0,512.0,1.0,,,,,,,,,,,,,,,,,,,,,,,,,
13400,1645651031.679322,80.0,0.0,3973.3332520000004,4396.410156,4244.615234000001,4266.153809,4258.974121,450.0,3.0,59.0,,,,0.0,2.0,0.0,0.0,0.0,1.0,0.0,,,,,,,,40.0,0.0,0.309415,0.575439,0.12548800000000002,-0.746582,0.9487450000000001,-0.174807,-0.298833,-0.018162,-0.04943,-0.025963999999999997,,,,,,,,,,,,,,,,,,,,,,,,,,,,,,,,,,,,,,,,,,,,,,,,,,,,,,,,,,,,,,,,,
13401,1645651031.687137,81.0,0.0,3987.179443,4215.384765999999,4207.179688,4267.692383,4253.846191,450.0,3.0,59.0,,,,0.0,2.0,0.0,0.0,0.0,1.0,0.0,,,,,,,,,,,,,,,,,,,,,,,,,,,,,,,,,,,,,,,,,,,,,,,,,,,,,,,,,,,,,,,,,,,,,,,,,,,,,,,,,,,,
13402,1645651031.694951,82.0,0.0,3972.3076170000004,4089.2307130000004,4257.94873,4260.0,4228.205078,450.0,3.0,59.0,,,,0.0,2.0,0.0,0.0,0.0,1.0,0.0,,,,,,,,41.0,0.0,0.309415,0.575439,0.12548800000000002,-0.746582,0.944839,-0.1626,-0.308598,-0.017127,-0.049468,-0.02908,,,,,,,,,,,,,,,,,,,,,,,,,,,,,,,,,,,,,,,,,,,,,,,,,,,,,,,,,,,,,,,,,
13403,1645651031.702766,83.0,0.0,3995.897461,4262.563965,4277.94873,4257.94873,4231.282227000001,101.0,3.0,59.0,,,,0.0,2.0,0.0,0.0,0.0,1.0,0.0,,,,,,,,,,,,,,,,,,,,,,,,,,,,,,,,,,,,,,,,,,,,,,,,,,,,,,0.0,0.0,1.0,0.0,512.0,1.0,,,,,,,,,,,,,,,,,,,,,,,,,
13404,1645651031.71058,84.0,0.0,4032.3076170000004,4389.743652,4233.333496,4262.563965,4224.615234000001,450.0,3.0,59.0,,,,0.0,2.0,0.0,0.0,0.0,1.0,0.0,,,,,,,,42.0,0.0,0.309415,0.575439,0.12548800000000002,-0.746582,0.9511860000000001,-0.1626,-0.304692,-0.016146999999999998,-0.049599000000000004,-0.031836,,,,,,,,,,,,,,,,,,,,,,,,,,,,,,,,,,,,,,,,,,,,,,,,,,,,,,,,,,,,,,,,,
13405,1645651031.718394,85.0,0.0,4049.2307130000004,4429.743652,4266.153809,4260.512695,4232.307617,450.0,3.0,59.0,,,,0.0,2.0,0.0,0.0,0.0,1.0,0.0,,,,,,,,,,,,,,,,,,,,,,,,,,,,,,,,,,,,,,,,,,,,,,,,,,,,,,,,,,,,,,,,,,,,,,,,,,,,,,,,,,,,
13406,1645651031.726309,86.0,0.0,4045.641113,4391.794922,4354.871582,4258.461426,4297.94873,450.0,3.0,59.0,,,,0.0,2.0,0.0,0.0,0.0,1.0,0.0,,,,,,,,43.0,0.0,0.309315,0.575439,0.12573199999999998,-0.746582,0.949722,-0.18262,-0.305669,-0.016827,-0.049718,-0.028116000000000002,,,,,,,,,,,,,,,,,,,,,,,,,,,,,,,,,,,,,,,,,,,,,,,,,,,,,,,,,,,,,,,,,
13407,1645651031.734123,87.0,0.0,4011.281982,4200.0,4310.769043,4259.487305,4279.487305,101.0,3.0,59.0,,,,0.0,2.0,0.0,0.0,0.0,1.0,0.0,,,,,,,,,,,,,,,,,,,,,,,,,,,,,,,,,,,,,,,,,,,,,,,,,,,,,,0.0,0.0,1.0,0.0,512.0,1.0,,,,,,,,,,,,,,,,,,,,,,,,,
13408,1645651031.741937,88.0,0.0,3976.923096,4216.410156,4289.743652,4256.922852000001,4227.692383,450.0,3.0,59.0,,,,0.0,2.0,0.0,0.0,0.0,1.0,0.0,,,,,,,,44.0,0.0,0.309315,0.575439,0.12573199999999998,-0.746582,0.938491,-0.167483,-0.307622,-0.017488,-0.049726,-0.02462,,,,,,,,,,,,,,,,,,,,,,,,,,,,,,,,,,,,,,,,,,,,,,,,,,,,,,,,,,,,,,,,,
13409,1645651031.749752,89.0,0.0,3943.5898439999996,4300.512695,4337.94873,4255.384765999999,4217.436035,450.0,3.0,59.0,,,,0.0,2.0,0.0,0.0,0.0,1.0,0.0,,,,,,,,,,,,,,,,,,,,,,,,,,,,,,,,,,,,,,,,,,,,,,,,,,,,,,,,,,,,,,,,,,,,,,,,,,,,,,,,,,,,
13410,1645651031.757566,90.0,0.0,3943.076904,4136.410156,4348.205078,4256.922852000001,4183.077147999999,450.0,3.0,59.0,,,,0.0,2.0,0.0,0.0,0.0,1.0,0.0,,,,,,,,45.0,0.0,0.309315,0.575439,0.12573199999999998,-0.746582,0.951675,-0.169924,-0.30811,-0.018132,-0.049588,-0.027823,,,,,,,,,,,,,,,,,,,,,,,,,,,,,,,,,,,,,,,,,,,,,,,,,,,,,,,,,,,,,,,,,
13411,1645651031.765381,91.0,0.0,3995.384521,4336.410156,4254.358886999999,4257.436035,4178.974121,101.0,3.0,59.0,,,,0.0,2.0,0.0,0.0,0.0,1.0,0.0,,,,,,,,,,,,,,,,,,,,1.0,0.0,0.0,,,,,,,,,,,,,,,,,,,,,,,,,,,,,,,,0.0,0.0,1.0,0.0,512.0,1.0,777.852844,233.145935,149.887222,49.651527,21.845585,483.38443,282.854462,663.7322389999999,317.9953,365.5354,87.365105,93.69004100000001,19.094141,10.415627,8.391627,0.370285,0.157229,0.14113599999999998,0.182538,0.152803,50.281696000000004,16.012972,14.273708,10.349007,5.436675
13412,1645651031.773195,92.0,0.0,4001.538574,4752.820313,4220.512695,4256.922852000001,4224.615234000001,450.0,3.0,59.0,,,,0.0,2.0,0.0,0.0,0.0,1.0,0.0,,,,,,,,46.0,0.0,0.309769,0.575195,0.12573199999999998,-0.746582,0.9560690000000001,-0.17236600000000002,-0.307622,-0.0171,-0.049707,-0.030704000000000002,,,,,,,,,,,,,,,,,,,,,,,,,,,,,,,,,,,,,,,,,,,,,,,,,,,,,,,,,,,,,,,,,
13413,1645651031.781009,93.0,0.0,3988.205078,4665.128418,4179.487305,4257.94873,4257.436035,450.0,3.0,59.0,,,,0.0,2.0,0.0,0.0,0.0,1.0,0.0,,,,,,,,,,,,,,,,,,,,,,,,,,,,,,,,,,,,,,,,,,,,,,,,,,,,,,,,,,,,,,,,,,,,,,,,,,,,,,,,,,,,
13414,1645651031.788824,94.0,0.0,4009.743652,4476.922852000001,4154.871582,4255.384765999999,4252.307617,450.0,3.0,59.0,,,,0.0,2.0,0.0,0.0,0.0,1.0,0.0,,,,,,,,47.0,0.0,0.309769,0.575195,0.12573199999999998,-0.746582,0.9487450000000001,-0.184085,-0.327642,-0.017734,-0.049717000000000004,-0.033395999999999995,,,,,,,,,,,,,,,,,,,,,,,,,,,,,,,,,,,,,,,,,,,,,,,,,,,,,,,,,,,,,,,,,
13415,1645651031.796638,95.0,0.0,4028.718018,4831.282227000001,4168.205078,4254.358886999999,4313.333496,101.0,3.0,59.0,,,,0.0,2.0,0.0,0.0,0.0,1.0,0.0,,,,,,,,,,,,,,,,,,,,,,,,,,,,,,,,,,,,,,,,,,,,,,,,,,,,,,0.0,0.0,1.0,0.0,512.0,1.0,,,,,,,,,,,,,,,,,,,,,,,,,
13416,1645651031.804553,96.0,0.0,4030.256348,5023.077147999999,4167.692383,4259.487305,4375.384765999999,450.0,3.0,59.0,,,,0.0,2.0,0.0,0.0,0.0,1.0,0.0,,,,,,,,48.0,0.0,0.309769,0.575195,0.12573199999999998,-0.746582,0.953628,-0.169436,-0.31299299999999997,-0.018255,-0.049628,-0.035818,,,,,,,,,,,,,,,,,,,,,,,,,,,,,,,,,,,,,,,,,,,,,,,,,,,,,,,,,,,,,,,,,
13417,1645651031.812367,97.0,0.0,4048.205078,4782.563965,4168.205078,4265.641113000001,4374.871582,450.0,3.0,59.0,,,,0.0,2.0,0.0,0.0,0.0,1.0,0.0,,,,,,,,,,,,,,,,,,,,,,,,,,,,,,,,,,,,,,,,,,,,,,,,,,,,,,,,,,,,,,,,,,,,,,,,,,,,,,,,,,,,
13418,1645651031.8201811,98.0,0.0,3984.102539,4823.589844,4164.615234000001,4267.692383,4325.641113000001,450.0,3.0,59.0,,,,0.0,2.0,0.0,0.0,0.0,1.0,0.0,,,,,,,,49.0,0.0,0.309769,0.575195,0.12573199999999998,-0.746582,0.9521629999999999,-0.169924,-0.314458,-0.017162,-0.049548,-0.037998000000000004,,,,,,,,,,,,,,,,,,,,,,,,,,,,,,,,,,,,,,,,,,,,,,,,,,,,,,,,,,,,,,,,,
13419,1645651031.827996,99.0,0.0,3965.1281740000004,4891.282227000001,4196.410156,4269.230957,4322.05127,101.0,3.0,59.0,,,,0.0,2.0,0.0,0.0,0.0,1.0,0.0,,,,,,,,,,,,,,,,,,,,,,,,,,,,,,,,,,,,,,,,,,,,,,,,,,,,,,0.0,0.0,1.0,0.0,512.0,1.0,,,,,,,,,,,,,,,,,,,,,,,,,
13420,1645651031.83581,100.0,0.0,4028.205078,4433.333496,4274.358886999999,4271.282227000001,4292.820313,450.0,3.0,59.0,,,,0.0,2.0,0.0,0.0,0.0,1.0,0.0,,,,,,,,50.0,0.0,0.309769,0.575195,0.12573199999999998,-0.746582,0.9546040000000001,-0.16552999999999998,-0.31787600000000005,-0.017692,-0.049574,-0.033612,,,,,,,,,,,,,,,,,,,,,,,,,,,,,,,,,,,,,,,,,,,,,,,,,,,,,,,,,,,,,,,,,
13421,1645651031.843625,101.0,0.0,4089.2307130000004,4163.077147999999,4319.487305,4268.205078,4256.922852000001,450.0,3.0,59.0,,,,0.0,2.0,0.0,0.0,0.0,1.0,0.0,,,,,,,,,,,,,,,,,,,,,,,,,,,,,,,,,,,,,,,,,,,,,,,,,,,,,,,,,,,,,,,,,,,,,,,,,,,,,,,,,,,,
13422,1645651031.851439,102.0,0.0,4103.077147999999,4510.256348,4271.282227000001,4259.487305,4256.410156,450.0,3.0,59.0,,,,0.0,2.0,0.0,0.0,0.0,1.0,0.0,,,,,,,,51.0,0.0,0.309868,0.575195,0.12548800000000002,-0.746582,0.9433739999999999,-0.185061,-0.315923,-0.018316,-0.049548,-0.035818,,,,,,,,,,,,,,,,,,,,,,,,,,,,,,,,,,,,,,,,,,,,,,,,,,,,,,,,,,,,,,,,,
13423,1645651031.8593528,103.0,0.0,4081.025635,4882.05127,4282.563965,4255.897461,4296.410156,101.0,3.0,59.0,,,,0.0,2.0,0.0,0.0,0.0,1.0,0.0,,,,,,,,,,,,,,,,,,,,,,,,,,,,,,,,,,,,,,,,,,,,,,,,,,,,,,0.0,0.0,1.0,0.0,512.0,1.0,,,,,,,,,,,,,,,,,,,,,,,,,
13424,1645651031.867168,104.0,0.0,4007.6923829999996,5052.820313,4274.871582,4262.05127,4338.974121,450.0,3.0,59.0,,,,0.0,2.0,0.0,0.0,0.0,1.0,0.0,,,,,,,,52.0,0.0,0.309868,0.575195,0.12548800000000002,-0.746582,0.957046,-0.17236600000000002,-0.309575,-0.017216,-0.049476,-0.037998000000000004,,,,,,,,,,,,,,,,,,,,,,,,,,,,,,,,,,,,,,,,,,,,,,,,,,,,,,,,,,,,,,,,,
13425,1645651031.874982,105.0,0.0,4001.025635,5024.615234000001,4275.897461,4269.230957,4359.487305,450.0,3.0,59.0,,,,0.0,2.0,0.0,0.0,0.0,1.0,0.0,,,,,,,,,,,,,,,,,,,,,,,,,,,,,,,,,,,,,,,,,,,,,,,,,,,,,,,,,,,,,,,,,,,,,,,,,,,,,,,,,,,,
13426,1645651031.882797,106.0,0.0,4040.0,4597.436035,4311.282227000001,4271.282227000001,4274.358886999999,450.0,3.0,59.0,,,,0.0,2.0,0.0,0.0,0.0,1.0,0.0,,,,,,,,53.0,0.0,0.309415,0.575439,0.12548800000000002,-0.746582,0.957046,-0.166506,-0.299809,-0.016227000000000002,-0.049460000000000004,-0.039911,,,,,,,,,,,,,,,,,,,,,,,,,,,,,,,,,,,,,,,,,,,,,,,,,,,,,,,,,,,,,,,,,
13427,1645651031.890611,107.0,0.0,4031.794922,4379.487305,4324.102539,4270.769043,4218.974121,101.0,3.0,59.0,,,,0.0,2.0,0.0,0.0,0.0,1.0,0.0,,,,,,,,,,,,,,,,,,,,1.0,0.0,0.0,,,,,,,,,,,,,,,,,,,,,,,,,,,,,,,,0.0,0.0,1.0,0.0,512.0,1.0,1094.1467289999998,336.679413,186.806717,63.020019999999995,32.102036,610.8574219999999,402.72668500000003,826.635559,385.26669300000003,488.343781,77.991203,86.489471,21.205681,10.160373,10.259617,0.509181,0.205445,0.21194000000000002,0.240362,0.21338000000000001,56.837272999999996,16.748272,14.715695000000002,12.947216000000001,6.910959
13428,1645651031.898425,108.0,0.0,4023.5898439999996,4370.256348,4281.025879,4267.179688,4268.205078,450.0,3.0,59.0,,,,0.0,2.0,0.0,0.0,0.0,1.0,0.0,,,,,,,,54.0,0.0,0.309415,0.575439,0.12548800000000002,-0.746582,0.9438620000000001,-0.170413,-0.300786,-0.015337,-0.049348,-0.041535,,,,,,,,,,,,,,,,,,,,,,,,,,,,,,,,,,,,,,,,,,,,,,,,,,,,,,,,,,,,,,,,,
13429,1645651031.90624,109.0,0.0,4010.256348,4126.153809,4285.641113000001,4262.05127,4222.563965,450.0,3.0,59.0,,,,0.0,2.0,0.0,0.0,0.0,1.0,0.0,,,,,,,,,,,,,,,,,,,,,,,,,,,,,,,,,,,,,,,,,,,,,,,,,,,,,,,,,,,,,,,,,,,,,,,,,,,,,,,,,,,,
13430,1645651031.914054,110.0,0.0,4033.8461909999996,4323.077147999999,4223.077147999999,4260.512695,4178.461426,450.0,3.0,59.0,,,,0.0,2.0,0.0,0.0,0.0,1.0,0.0,,,,,,,,55.0,0.0,0.309415,0.575439,0.12548800000000002,-0.746582,0.953628,-0.17236600000000002,-0.28809,-0.014536000000000002,-0.049394,-0.042997,,,,,,,,,,,,,,,,,,,,,,,,,,,,,,,,,,,,,,,,,,,,,,,,,,,,,,,,,,,,,,,,,
13431,1645651031.921869,111.0,0.0,4069.2307130000004,4930.256348,4118.974121,4260.0,4264.615234000001,101.0,3.0,59.0,,,,0.0,2.0,0.0,0.0,0.0,1.0,0.0,,,,,,,,,,,,,,,,,,,,,,,,,,,,,,,,,,,,,,,,,,,,,,,,,,,,,,0.0,0.0,1.0,0.0,512.0,1.0,,,,,,,,,,,,,,,,,,,,,,,,,
13432,1645651031.929683,112.0,0.0,4067.179443,5008.717772999999,4109.743652,4262.563965,4341.538574,450.0,3.0,59.0,,,,0.0,2.0,0.0,0.0,0.0,1.0,0.0,,,,,,,,56.0,0.0,0.309868,0.575195,0.12548800000000002,-0.746582,0.9404440000000001,-0.160647,-0.311528,-0.013815000000000001,-0.049386,-0.044410000000000005,,,,,,,,,,,,,,,,,,,,,,,,,,,,,,,,,,,,,,,,,,,,,,,,,,,,,,,,,,,,,,,,,
13433,1645651031.937597,113.0,0.0,4010.7692869999996,4754.871582,4134.358886999999,4269.743652,4290.769043,450.0,3.0,59.0,,,,0.0,2.0,0.0,0.0,0.0,1.0,0.0,,,,,,,,,,,,,,,,,,,,,,,,,,,,,,,,,,,,,,,,,,,,,,,,,,,,,,,,,,,,,,,,,,,,,,,,,,,,,,,,,,,,
13434,1645651031.945412,114.0,0.0,4059.487061,4625.128418,4170.769043,4272.307617,4252.820313,450.0,3.0,59.0,,,,0.0,2.0,0.0,0.0,0.0,1.0,0.0,,,,,,,,57.0,0.0,0.309868,0.575195,0.12548800000000002,-0.746582,0.949722,-0.183108,-0.318364,-0.014679,-0.049428,-0.045682,,,,,,,,,,,,,,,,,,,,,,,,,,,,,,,,,,,,,,,,,,,,,,,,,,,,,,,,,,,,,,,,,
13435,1645651031.953226,115.0,0.0,4134.358886999999,4253.846191,4259.487305,4265.128418,4237.94873,101.0,3.0,59.0,,,,0.0,2.0,0.0,0.0,0.0,1.0,0.0,,,,,,,,,,,,,,,,,,,,,,,,,,,,,,,,,,,,,,,,,,,,,,,,,,,,,,0.0,0.0,1.0,0.0,512.0,1.0,,,,,,,,,,,,,,,,,,,,,,,,,
13436,1645651031.961041,116.0,0.0,4131.282227000001,4056.4101560000004,4306.153809,4259.487305,4287.692383,450.0,3.0,59.0,,,,0.0,2.0,0.0,0.0,0.0,1.0,0.0,,,,,,,,58.0,0.0,0.309967,0.575195,0.125244,-0.746582,0.94435,-0.178225,-0.309575,-0.015653,-0.049466,-0.046827,,,,,,,,,,,,,,,,,,,,,,,,,,,,,,,,,,,,,,,,,,,,,,,,,,,,,,,,,,,,,,,,,
13437,1645651031.9688551,117.0,0.0,4136.922852000001,4540.0,4260.0,4258.974121,4352.820313,450.0,3.0,59.0,,,,0.0,2.0,0.0,0.0,0.0,1.0,0.0,,,,,,,,,,,,,,,,,,,,,,,,,,,,,,,,,,,,,,,,,,,,,,,,,,,,,,,,,,,,,,,,,,,,,,,,,,,,,,,,,,,,
13438,1645651031.9766688,118.0,0.0,4175.897461,4883.589844,4306.666504,4260.512695,4333.846191,450.0,3.0,59.0,,,,0.0,2.0,0.0,0.0,0.0,1.0,0.0,,,,,,,,59.0,0.0,0.30937800000000004,0.575195,0.125244,-0.746826,0.939467,-0.17236600000000002,-0.309575,-0.016382,-0.049402,-0.047857,,,,,,,,,,,,,,,,,,,,,,,,,,,,,,,,,,,,,,,,,,,,,,,,,,,,,,,,,,,,,,,,,
13439,1645651031.984484,119.0,0.0,4090.7692869999996,4876.922852000001,4324.102539,4264.102539,4258.461426,101.0,3.0,59.0,,,,0.0,2.0,0.0,0.0,0.0,1.0,0.0,,,,,,,,,,,,,,,,,,,,,,,,,,,,,,,,,,,,,,,,,,,,,,,,,,,,,,0.0,0.0,1.0,0.0,512.0,1.0,,,,,,,,,,,,,,,,,,,,,,,,,
13440,1645651031.9922981,120.0,0.0,4008.205078,4896.410156,4287.179688,4268.717772999999,4278.974121,450.0,3.0,59.0,,,,0.0,2.0,0.0,0.0,0.0,1.0,0.0,,,,,,,,60.0,0.0,0.30937800000000004,0.575195,0.125244,-0.746826,0.9355610000000001,-0.154788,-0.31396999999999997,-0.017088,-0.049394,-0.048783999999999994,,,,,,,,,,,,,,,,,,,,,,,,,,,,,,,,,,,,,,,,,,,,,,,,,,,,,,,,,,,,,,,,,
13441,1645651032.000113,121.0,0.0,4055.897461,4602.05127,4314.358886999999,4271.282227000001,4274.358886999999,450.0,3.0,59.0,,,,0.0,2.0,0.0,0.0,0.0,1.0,0.0,,,,,,,,,,,,,,,,,,,,,,,,,,,,,,,,,,,,,,,,,,,,,,,,,,,,,,,,,,,,,,,,,,,,,,,,,,,,,,,,,,,,
13442,1645651032.007927,122.0,0.0,4092.3076170000004,4165.128418,4364.102539,4270.256348,4171.282227000001,450.0,3.0,59.0,,,,0.0,2.0,0.0,0.0,0.0,1.0,0.0,,,,,,,,61.0,0.0,0.30937800000000004,0.575195,0.125244,-0.746826,0.9521629999999999,-0.172854,-0.301762,-0.017723,-0.049435,-0.049668000000000004,,,,,,,,,,,,,,,,,,,,,,,,,,,,,,,,,,,,,,,,,,,,,,,,,,,,,,,,,,,,,,,,,
13443,1645651032.015641,123.0,0.0,4071.281982,4412.307617,4252.307617,4266.666504,4169.743652,101.0,3.0,59.0,,,,0.0,4.0,0.0,0.0,0.0,1.0,0.0,,,,,,,,,,,,,,,,,,,,1.0,0.0,0.0,,,,,,,,,,,,,,,,,,,,,,,,,,,,,,,,0.0,0.0,1.0,0.0,512.0,1.0,1304.494995,409.253754,205.079849,70.653915,42.706902,715.9697269999999,550.3399049999999,952.304016,466.78146399999997,651.815247,81.242622,89.37368000000001,22.567370999999998,11.070789,12.497026,0.6016640000000001,0.23624699999999998,0.295904,0.297481,0.28382399999999997,63.537022,19.928793,16.150902,16.421642000000002,9.682707
13444,1645651032.023456,124.0,0.0,4102.563965,4958.974121,4194.871582,4262.05127,4277.94873,450.0,3.0,59.0,,,,0.0,4.0,0.0,0.0,0.0,1.0,0.0,,,,,,,,62.0,0.0,0.309514,0.575439,0.125244,-0.746582,0.9555809999999999,-0.17969000000000002,-0.301762,-0.018294,-0.049374,-0.044164,,,,,,,,,,,,,,,,,,,,,,,,,,,,,,,,,,,,,,,,,,,,,,,,,,,,,,,,,,,,,,,,,
13445,1645651032.03127,125.0,0.0,4125.641113000001,4960.512695,4232.307617,4264.615234000001,4315.384765999999,450.0,3.0,59.0,,,,0.0,4.0,0.0,0.0,0.0,1.0,0.0,,,,,,,,,,,,,,,,,,,,,,,,,,,,,,,,,,,,,,,,,,,,,,,,,,,,,,,,,,,,,,,,,,,,,,,,,,,,,,,,,,,,
13446,1645651032.039085,126.0,0.0,4088.205078,4779.487305,4231.794922,4273.846191,4252.820313,450.0,3.0,59.0,,,,0.0,4.0,0.0,0.0,0.0,1.0,0.0,,,,,,,,63.0,0.0,0.309967,0.575195,0.125244,-0.746582,0.948257,-0.154299,-0.309087,-0.018613,-0.049319999999999996,-0.039258999999999995,,,,,,,,,,,,,,,,,,,,,,,,,,,,,,,,,,,,,,,,,,,,,,,,,,,,,,,,,,,,,,,,,
13447,1645651032.046899,127.0,0.0,4153.333496,4602.05127,4187.179688,4273.846191,4234.871582,235.0,3.0,59.0,,,,0.0,4.0,0.0,0.0,0.0,1.0,0.0,,,,,,,,,,,,,,,,,,,,,,,,,,,,,,,,,,,,,,,,,,,,,,,,,,,,,,0.0,0.0,1.0,0.0,512.0,1.0,,,,,,,,,,,,,,,,,,,,,,,,,
13448,1645651032.054714,0.0,0.0,4213.333496,4237.436035,4196.922852000001,4263.077147999999,4235.384765999999,450.0,3.0,59.0,,,,0.0,4.0,0.0,0.0,0.0,1.0,0.0,,,,,,,,0.0,0.0,0.309967,0.575195,0.125244,-0.746582,0.9521629999999999,-0.179202,-0.307134,-0.017387,-0.049124,-0.040949,,,,,,,,,,,,,,,,,,,,,,,,,,,,,,,,,,,,,,,,,,,,,,,,,,,,,,,,,,,,,,,,,
13449,1645651032.062528,1.0,0.0,4165.641113000001,4365.641113000001,4222.563965,4262.563965,4281.538574,450.0,3.0,59.0,,,,0.0,4.0,0.0,0.0,0.0,1.0,0.0,,,,,,,,,,,,,,,,,,,,,,,,,,,,,,,,,,,,,,,,,,,,,,,,,,,,,,,,,,,,,,,,,,,,,,,,,,,,,,,,,,,,
13450,1645651032.070342,2.0,0.0,4086.6667479999996,5050.256348,4171.794922,4269.743652,4363.077147999999,16124.0,3.0,59.0,,,,0.0,4.0,0.0,0.0,0.0,1.0,0.0,,,,,,,,1.0,0.0,0.309967,0.575195,0.125244,-0.746582,0.946792,-0.169924,-0.303716,-0.017943,-0.049241,-0.036317,,,,,,,,,,,,,,,,,,,,,,,,,,,,,,,,,,,,,,,,,,,,,,,,,,,,,,,,,,,,,,,,,
13451,1645651032.078257,3.0,0.0,4122.563965,5086.153809,4142.563965,4271.794922,4383.077147999999,450.0,3.0,59.0,,,,0.0,4.0,1.0,2.0,0.0,2.0,25.0,,,,,,,,,,,,,,,,,,,,,,,,,,,,,,,,,,,,,,,,,,,,,,,,,,,,,,0.0,0.0,1.0,0.0,512.0,1.0,,,,,,,,,,,,,,,,,,,,,,,,,
13452,1645651032.086071,4.0,0.0,4209.743652,4331.794922,4225.641113000001,4269.743652,4275.897461,115.0,3.0,59.0,,,,0.0,4.0,1.0,2.0,0.0,2.0,25.0,,,,,,,,2.0,0.0,0.309868,0.575195,0.12548800000000002,-0.746582,0.946792,-0.16846,-0.304692,-0.016784,-0.049298,-0.038398,,,,,,,,,,,,,,,,,,,,,,,,,,,,,,,,,,,,,,,,,,,,,,,,,,,,,,,,,,,,,,,,,
13453,1645651032.093885,5.0,0.0,4245.128418,4164.102539,4329.230957,4269.743652,4223.589844,450.0,3.0,59.0,,,,0.0,4.0,1.0,2.0,0.0,2.0,25.0,,,,,,,,,,,,,,,,,,,,,,,,,,,,,,,,,,,,,,,,,,,,,,,,,,,,,,,,,,,,,,,,,,,,,,,,,,,,,,,,,,,,
13454,1645651032.1017,6.0,0.0,4164.615234000001,4810.769043,4280.0,4269.230957,4283.077147999999,181.0,3.0,59.0,,,,0.0,4.0,1.0,2.0,0.0,2.0,25.0,,,,,,,,3.0,0.0,0.309415,0.575439,0.12548800000000002,-0.746582,0.947768,-0.16406500000000002,-0.320317,-0.015153999999999999,-0.0493,-0.040271,,,,,,,,,,,,,,,,,,,,,,,,,,,,,,,,,,,,,,,,,,,,,,,,,,,,,,,,,,,,,,,,,
13455,1645651032.109514,7.0,0.0,4104.102539,5077.436035,4248.717772999999,4269.743652,4338.461426,450.0,3.0,59.0,,,,0.0,4.0,1.0,2.0,0.0,2.0,25.0,,,,,,,,,,,,,,,,,,,,,,,,,,,,,,,,,,,,,,,,,,,,,,,,,,,,,,0.0,0.0,1.0,0.0,512.0,1.0,,,,,,,,,,,,,,,,,,,,,,,,,
13456,1645651032.117329,8.0,0.0,4130.256348,4577.436035,4301.025879,4273.846191,4259.487305,450.0,3.0,59.0,,,,0.0,4.0,1.0,2.0,0.0,2.0,25.0,,,,,,,,4.0,0.0,0.309967,0.575195,0.125244,-0.746582,0.946792,-0.169924,-0.303716,-0.01608,-0.049301,-0.03556,,,,,,,,,,,,,,,,,,,,,,,,,,,,,,,,,,,,,,,,,,,,,,,,,,,,,,,,,,,,,,,,,
13457,1645651032.125143,9.0,0.0,4148.717772999999,4155.897461,4346.153809,4274.358886999999,4179.487305,0.0,3.0,59.0,,,,0.0,4.0,1.0,2.0,0.0,2.0,25.0,,,,,,,,,,,,,,,,,,,,,,,,,,,,,,,,,,,,,,,,,,,,,,,,,,,,,,,,,,,,,,,,,,,,,,,,,,,,,,,,,,,,
13458,1645651032.132958,10.0,0.0,4165.641113000001,4476.410156,4267.179688,4268.717772999999,4226.153809,450.0,3.0,59.0,,,,0.0,4.0,1.0,2.0,0.0,2.0,25.0,,,,,,,,5.0,0.0,0.309415,0.575439,0.12548800000000002,-0.746582,0.947768,-0.16406500000000002,-0.320317,-0.014521000000000001,-0.049303,-0.037717,,,,,,,,,,,,,,,,,,,,,,,,,,,,,,,,,,,,,,,,,,,,,,,,,,,,,,,,,,,,,,,,,
13459,1645651032.140772,11.0,0.0,4212.307617,4993.333496,4218.974121,4263.589844,4325.128418,259.0,3.0,59.0,,,,0.0,4.0,1.0,2.0,0.0,2.0,25.0,-1.0,0.0,0.0,0.0,0.0,0.0,1.0,,,,,,,,,,,,,1.0,0.0,0.0,,,,,,,,,,,,,,,,,,,,,,,,,,,,,,,,0.0,0.0,1.0,0.0,512.0,1.0,1340.75293,425.11950700000006,197.74395800000002,69.74188199999999,50.537033,811.555908,699.265991,1023.386108,542.1849980000001,793.0787349999999,97.683037,100.812515,22.539064,12.476171,14.20846,0.63344,0.24129,0.377818,0.33802600000000005,0.340337,70.096748,25.201701999999997,18.87961,19.636274,12.848738
13460,1645651032.148586,12.0,0.0,4179.487305,4955.897461,4267.179688,4268.205078,4327.692383,450.0,3.0,59.0,,,,0.0,4.0,1.0,2.0,0.0,2.0,25.0,,,,,,,,6.0,0.0,0.309415,0.575439,0.12548800000000002,-0.746582,0.9511860000000001,-0.163088,-0.313481,-0.015315,-0.049304,-0.039463,,,,,,,,,,,,,,,,,,,,,,,,,,,,,,,,,,,,,,,,,,,,,,,,,,,,,,,,,,,,,,,,,
13461,1645651032.156501,13.0,0.0,4122.05127,4550.769043,4300.512695,4275.897461,4227.692383,450.0,3.0,59.0,,,,0.0,4.0,1.0,2.0,0.0,2.0,25.0,,,,,,,,,,,,,,,,,,,,,,,,,,,,,,,,,,,,,,,,,,,,,,,,,,,,,,,,,,,,,,,,,,,,,,,,,,,,,,,,,,,,
13462,1645651032.164315,14.0,0.0,4221.025879,4353.333496,4195.384765999999,4272.820313,4224.615234000001,450.0,3.0,59.0,,,,0.0,4.0,1.0,2.0,0.0,2.0,25.0,,,,,,,,7.0,0.0,0.308825,0.575439,0.12548800000000002,-0.746826,0.9472799999999999,-0.160647,-0.305669,-0.016078,-0.049257,-0.034931,,,,,,,,,,,,,,,,,,,,,,,,,,,,,,,,,,,,,,,,,,,,,,,,,,,,,,,,,,,,,,,,,
13463,1645651032.172129,15.0,0.0,4303.077147999999,4472.307617,4138.974121,4263.589844,4284.615234000001,259.0,3.0,59.0,,,,0.0,4.0,1.0,2.0,0.0,2.0,25.0,,,,,,,,,,,,,,,,,,,,,,,,,,,,,,,,,,,,,,,,,,,,,,,,,,,,,,0.0,0.0,1.0,0.0,512.0,1.0,,,,,,,,,,,,,,,,,,,,,,,,,
13464,1645651032.179944,16.0,0.0,4235.384765999999,4776.410156,4176.410156,4263.589844,4294.358886999999,0.0,3.0,59.0,,,,0.0,4.0,1.0,2.0,0.0,2.0,25.0,,,,,,,,8.0,0.0,0.309415,0.575439,0.12548800000000002,-0.746582,0.954116,-0.167483,-0.31299299999999997,-0.015203,-0.049214,-0.037297000000000004,,,,,,,,,,,,,,,,,,,,,,,,,,,,,,,,,,,,,,,,,,,,,,,,,,,,,,,,,,,,,,,,,
13465,1645651032.187758,17.0,0.0,4118.974121,5105.641113000001,4147.179688,4271.282227000001,4281.538574,0.0,3.0,59.0,,,,0.0,4.0,1.0,2.0,0.0,2.0,25.0,,,,,,,,,,,,,,,,,,,,,,,,,,,,,,,,,,,,,,,,,,,,,,,,,,,,,,,,,,,,,,,,,,,,,,,,,,,,,,,,,,,,
13466,1645651032.195573,18.0,0.0,4156.922852000001,4894.358886999999,4116.922852000001,4275.384765999999,4336.410156,0.0,3.0,59.0,,,,0.0,4.0,1.0,2.0,0.0,2.0,25.0,,,,,,,,9.0,0.0,0.309415,0.575439,0.12548800000000002,-0.746582,0.951675,-0.171878,-0.300786,-0.015929,-0.049224000000000004,-0.039085,,,,,,,,,,,,,,,,,,,,,,,,,,,,,,,,,,,,,,,,,,,,,,,,,,,,,,,,,,,,,,,,,
