,AF3_max,AF4_max,AF_max_time_diff,AF_max_diff,AF_ratio,AF_adj_max_diff,AF_adj_max_ratio,label
0,7867.692383,6775.384765999999,0.06254100799560547,1092.3076170000004,1.1612170606872956,1391.5383300000012,1.5426999022638836,blink
1,7903.589844,6857.94873,0.09377288818359375,1045.641114,1.152471410208399,1349.7437755,1.5045529366117592,blink
2,5900.0,4894.3588869999985,0.0078125,1005.6411130000015,1.2054694263780092,974.3588860000036,2.5447151681430076,blink
3,4923.0771479999985,4674.3588869999985,0.04687762260437012,248.71826099999998,1.0532090639620586,195.89794799999981,1.440093588375819,blink
4,8023.589844,5321.538574,0.04689502716064453,2702.05127,1.5077575277198394,3012.0511480000005,3.6770732132894515,blink
5,8023.077148,5315.384765999999,0.06252694129943848,2707.692382000001,1.5094066565641358,3060.5130610000006,3.666666701228775,blink
6,8067.179687999998,5215.384765999999,0.1406850814819336,2851.794921999999,1.5468043202855035,3256.922973999999,4.337361032457106,blink
7,7877.94873,5661.538574,0.0468900203704834,2216.410156,1.391485481734351,2500.512573,2.657093868966486,blink
8,7972.820312999998,5343.0771479999985,0.06252717971801758,2629.743165,1.4921776519705234,2901.794556499999,3.5580915941682028,blink
9,5043.0771479999985,4782.05127,0.031253814697265625,261.02587799999856,1.054584500094663,224.87206949999927,1.4176196448657017,blink
10,7957.436035,5285.128418,0.04689526557922363,2672.3076169999995,1.5056277550226973,2985.384520999999,3.7356667662470757,blink
11,5003.589844,4757.94873,0.02343893051147461,245.64111400000002,1.0516275243680484,208.9746100000002,1.4175210980412796,blink
12,4900.0,4680.0,0.0,220.0,1.047008547008547,216.66674799999964,1.5351489881145728,blink
13,7903.077148,5641.025879,0.04688906669616699,2262.0512690000005,1.4009999807696327,2374.1025384999994,2.712409341285895,blink
14,7858.974120999998,6750.256348000001,0.023401975631713867,1108.7177729999976,1.1642482471541238,1349.743529999997,1.5333873773485662,blink
15,6317.94873,4929.743652,0.015630245208740234,1388.205078,1.2815978225230442,1383.5898435,3.059541981071675,blink
16,7887.179687999998,6187.692383,0.06261467933654785,1699.4873049999987,1.274656075287316,1929.230712999999,1.9718417687777012,blink
17,5284.615234000001,4839.487305,0.0,445.12792900000113,1.091978323517888,443.84594650000145,1.7337851211689748,blink
18,7856.922852,5475.384765999999,0.046785831451416016,2381.5380860000005,1.4349535581112804,2624.102173000001,3.011794229544903,blink
19,8043.589844,5101.538574,0.007814645767211914,2942.05127,1.5766988188610724,3183.3332525000005,5.494929865127449,blink
20,5050.769043,4712.307617,0.015627145767211914,338.46142599999985,1.0718249854442812,300.2563479999999,1.6458909512841442,blink
21,4941.025879,4758.974121,0.07031989097595215,182.0517579999996,1.03825441226853,112.56445350000013,1.2267569511611687,blink
22,5067.692383,4704.615234000001,0.0,363.0771489999988,1.0771746744294963,297.43603599999824,1.6223178707891903,blink
23,7965.641113,5674.871582,0.07815885543823242,2290.769531,1.403668963764051,2686.6669919999995,2.76071295108732,blink
24,5036.410156,4748.205078,0.03906512260437012,288.20507799999996,1.0606976896038778,228.46166899999935,1.4477390039251397,blink
25,5012.820313,4750.256348,0.0,262.5639650000003,1.055273641202658,206.6665040000007,1.425553969880732,blink
26,7909.230956999999,5014.3588869999985,0.023447036743164062,2894.8720700000003,1.5773164895526557,3133.3336175000013,4.963672734589258,blink
27,5790.256348,4605.128418,0.007814884185791016,1185.1279299999997,1.2573495942844302,1190.7690430000002,4.588870606645391,blink
28,7869.743651999999,5886.666504,0.062419891357421875,1983.0771479999994,1.3368760820156018,2224.102539000001,2.3320023923049495,blink
29,7883.077148,5119.487305,0.007816076278686523,2763.5898430000007,1.5398176962565984,2872.308103999999,4.204234224222422,blink
30,7862.05127,6178.461426,0.046788930892944336,1683.589844,1.272493381105395,2340.5129400000005,2.185454658426546,blink
31,7980.0,4993.333496,0.023447275161743164,2986.666504,1.5981307890595577,3119.7435309999996,4.969657223494742,blink
32,7845.641113,6341.025879,0.0313570499420166,1504.6152339999999,1.237282619991023,1606.1538090000013,1.7682117924455258,blink
33,7907.692383,6168.205078,0.0937802791595459,1739.4873049999997,1.2820086691352384,2141.025879,2.0702385865139434,blink
34,7637.94873,4801.538574,0.01562976837158203,2836.410156,1.590729432303005,2868.7177735000005,6.0693243453775825,blink
35,7857.94873,5208.7177729999985,0.007814168930053711,2649.2309570000016,1.5086148016566767,2719.4877930000002,3.8282684122699155,blink
36,5139.487305,4799.487305,0.007814168930053711,340.0,1.070840899953167,302.3076169999995,1.548371781628287,blink
37,5363.0771479999985,5000.512695,0.03125309944152832,362.56445299999814,1.0725054559630507,312.56445249999797,1.4048493472492085,blink
38,7986.666504000002,4676.9228520000015,0.1797640323638916,3309.743652,1.7076754859414984,3491.7947995000004,9.349479666828081,blink
39,5129.743652,4777.436035,0.01562976837158203,352.3076170000004,1.0737440782919871,338.46142600000167,1.657042815930461,blink
40,4944.615234000001,4649.230957,0.04687857627868652,295.384277000001,1.0635340080396012,252.56396450000102,1.628990540022192,blink
41,7830.769043000001,5804.615234000001,0.03130698204040527,2026.1538090000004,1.3490591068176216,2059.230713,2.480914716136409,blink
42,7941.025879000002,5600.512695,0.1015939712524414,2340.5131840000013,1.4179105220294481,2843.5899665000015,3.0196686895694005,blink
43,4946.153809,4722.563965,0.015627145767211914,223.58984400000008,1.047345011239038,165.89746099999957,1.3819363801804738,blink
44,5013.846191,4732.820313,0.007814168930053711,281.02587799999947,1.0593781000364801,232.30761600000005,1.4718749162236204,blink
45,7872.820312999998,7058.461426000002,0.09367990493774414,814.3588869999967,1.115373427415823,1070.2562259999972,1.3656271324180598,blink
46,7908.717773,7472.307617,0.11743807792663574,436.4101559999999,1.0584036656905207,974.8718259999987,1.2877687187288323,blink
47,7927.692383,5364.615234000001,0.10160636901855469,2563.077148999999,1.4777746468666868,2859.743774999999,3.4642072312703123,blink
48,7883.077148,5963.589844,0.06251978874206543,1919.4873040000002,1.3218677598915034,2108.4616690000003,2.1282931125459936,blink
49,7975.384765999999,5270.769043,0.07815814018249512,2704.615722999999,1.5131349336188318,2994.8719484999974,3.835639964934136,blink
50,7876.410156,5161.025879,0.04688882827758789,2715.384277,1.5261326605721521,2939.7432854999997,4.1838369306901875,blink
51,5010.256348,4735.897461,0.06250524520874023,274.3588870000003,1.057931762513724,227.17919999999867,1.475831699632808,blink
52,5029.743652,4727.179688,0.1406409740447998,302.56396399999994,1.0640051751720083,232.56396399999994,1.519770303570016,blink
53,7877.436035,6248.7177729999985,0.09357905387878418,1628.7182620000012,1.2606483955856524,2022.3078615000013,1.9826813622805866,blink
54,5510.769043,4791.794922,0.015630006790161133,718.9741210000002,1.1500427569842482,714.8715819999998,2.3856854046428406,blink
55,5043.589844,4766.153809,0.023440122604370117,277.4360349999997,1.0582096269063146,222.82080049999968,1.4332010316757675,blink
56,5132.820313,4799.487305,0.007812976837158203,333.3330080000005,1.0694517949141655,286.92236350000076,1.550958430063225,blink
57,5004.615234000001,4768.205078,0.015627145767211914,236.41015600000082,1.0495805344218043,172.56420900000194,1.3572190985174113,blink
58,5015.897461,4752.820313,0.007811784744262695,263.0771479999994,1.0553517976011897,221.53857349999907,1.4392478827886201,blink
59,5074.3588869999985,4778.461426,0.015626907348632812,295.89746099999866,1.0619231661869228,258.9743654999984,1.50932942452944,blink
60,6171.2822270000015,4868.7177729999985,0.007814884185791016,1302.564454000003,1.2675374738752603,1328.4616710000028,3.2985804830819627,blink
61,7852.307617,6192.820313,0.09390711784362793,1659.4873040000002,1.2679695550856522,1918.974365,2.012994094291701,blink
62,7782.563965,5238.461426,0.20314788818359375,2544.1025390000004,1.4856583512045891,2506.410156000001,3.619941375098047,blink
63,5125.6411130000015,4746.153809,0.0,379.48730400000113,1.0799568069792407,323.07714750000105,1.6559090191911343,blink
64,6803.589844,5121.025879,0.0,1682.5639650000003,1.3285599418467615,1716.9228510000012,2.959039248091291,blink
65,5100.0,4796.410156,0.05469393730163574,303.5898440000001,1.0632952216607725,240.0,1.4708248921950282,blink
66,5083.589844,4616.9228520000015,0.0,466.6669919999986,1.1010774940278336,438.9748529999979,2.173408605828763,blink
67,4866.153809,4626.153809,0.015625953674316406,240.0,1.0518789495353764,188.97412150000036,1.4923173023067509,blink
68,5221.025879,4801.538574,0.031252145767211914,419.48730499999965,1.0873651848329398,374.1027839999997,1.6786048349761227,blink
69,5054.3588869999985,4745.6411130000015,0.05469393730163574,308.717773999997,1.06505291206162,253.84594749999542,1.5325438549365606,blink
70,7966.153809,5364.102539,0.04689478874206543,2602.05127,1.4850860420884284,2911.794923,3.5530578798160586,blink
71,7909.230956999999,5292.307617,0.06252694129943848,2616.9233399999985,1.494476800931581,2969.743896499998,3.7054433500436303,blink
72,5046.666504,4763.0771479999985,0.02343916893005371,283.5893560000013,1.0595391061677595,232.56372100000135,1.4530460661776143,blink
73,4898.461426,4589.230957,2.1256699562072754,309.2304690000001,1.067381762194454,151.28173849999985,1.573370408485204,blink
74,5204.102539,4861.538574,0.04687809944152832,342.5639650000003,1.0704641050946437,274.87158199999885,1.424890501264715,blink
75,5396.9228520000015,4773.333496,0.0,623.5893560000013,1.1306402237603055,646.1535650000014,2.323528971978455,blink
76,7851.282227,5977.94873,0.05470156669616699,1873.3334969999996,1.313373965152759,1978.9746099999998,1.9958711162049796,blink
77,7894.358887,5064.615234000001,0.04688858985900879,2829.7436529999995,1.558728259158413,2983.5898449999995,4.7559721400284,blink
78,5989.743652,5118.974121,0.03906607627868652,870.7695309999999,1.1701062577026455,822.5644530000009,1.9440854974054331,blink
79,4953.333496,4674.871582,0.03906702995300293,278.46191400000043,1.0595656819905348,282.0515135000005,1.7513669247015036,blink
80,4908.7177729999985,4677.436035,0.0,231.28173799999877,1.0494462642074376,193.58911099999932,1.4537241329415975,blink
81,7893.333495999998,6681.538574,0.04692482948303223,1211.7949219999982,1.1813646525540509,1546.410155999998,1.6150942461289173,blink
82,6931.282227,4871.2822270000015,0.0,2059.999999999998,1.4228866043897148,2013.5898439999983,4.3631675727973604,blink
83,7854.358887,6605.128418,0.07024407386779785,1249.230469,1.1891303832330729,1497.4357909999999,1.6249999490274512,blink
84,7874.358887,6996.410156,0.10149407386779785,877.9487310000004,1.1254856006758105,1460.256348500001,1.5170222367059345,blink
85,7853.846191,5397.94873,0.046890974044799805,2455.8974609999996,1.4549686526941132,2568.717895499999,3.0007987822117532,blink
86,5040.0,4747.692383,0.007814884185791016,292.3076170000004,1.061568356460217,271.2819820000004,1.554216583819269,blink
87,7534.358887,4939.487305,0.007814884185791016,2594.8715820000007,1.5253321694689528,2567.179688000002,4.7838255641670075,blink
88,5025.6411130000015,4739.487305,0.007814407348632812,286.15380800000185,1.0603765322249348,264.3591305,1.5545994792628157,blink
89,5565.6411130000015,4835.897461,0.015626907348632812,729.7436520000019,1.1509013906694996,624.6152340000026,1.9116761436102088,blink
90,7871.794922,7155.384765999999,0.06235098838806152,716.4101560000008,1.100121821457337,906.1538090000008,1.296924869514545,blink
91,4929.743652,4722.05127,0.023438692092895508,207.69238200000018,1.043983508463685,143.84594700000162,1.2965110714252202,blink
92,4980.512695,4771.794922,0.1406409740447998,208.7177730000003,1.043739887487143,126.41040000000066,1.2312386053929523,blink
93,5055.897461,4703.0771479999985,0.007815122604370117,352.8203130000011,1.075019035813614,324.3588875000023,1.7423702479303897,blink
94,7870.769043000001,7171.282227,0.062189340591430664,699.4868160000015,1.0975399926900689,778.7175290000023,1.2649623193350703,blink
95,7862.05127,6016.410156,0.08586001396179199,1845.641114,1.3067678343304758,2318.974488,2.1806790055950223,blink
96,5048.205078,4786.153809,0.007814168930053711,262.0512689999996,1.0547519531251235,211.7951654999979,1.4041103565439301,blink
97,7982.563965,5521.025879,0.06252717971801758,2461.5380860000005,1.4458479528891193,2866.6665040000007,3.1401221895119056,blink
98,7935.897461,5766.666504,0.06251978874206543,2169.2309569999998,1.3761672285878386,2357.6925054999992,2.5511137399653347,blink
99,7845.641113,5035.897461,0.02344489097595215,2809.743652,1.5579429831047547,2981.7950435000002,4.850662907804922,blink
100,4880.512695,4711.2822270000015,0.007812976837158203,169.23046799999884,1.035920256916504,117.4355459999988,1.2558650161498008,blink
101,7883.589844,5094.3588869999985,0.03907418251037598,2789.2309570000016,1.5475136359390933,2956.4106440000014,4.767975068697217,blink
102,7938.461426000002,5335.384765999999,0.07814931869506836,2603.0766600000024,1.4878892102755616,2972.8203120000026,3.7139507543598653,blink
103,7864.102539,5620.0,0.07023143768310547,2244.1025390000004,1.3993065016014237,2616.1539305000015,2.7824950218604743,blink
104,7894.358887,7277.436035,0.05439281463623047,616.9228520000006,1.084772006106681,822.6921389999998,1.2641283620049049,blink
105,4995.384765999999,4662.563965,0.031253814697265625,332.82080099999894,1.0713814981410124,285.12841799999933,1.6772238066753538,blink
106,6989.743651999999,5262.563965,0.0,1727.179686999999,1.3282011769333428,1730.769286499999,2.6998238596980233,blink
107,7854.871581999999,6615.897461,0.07820796966552734,1238.9741209999993,1.1872722677918783,1495.1279299999987,1.5954859881954573,blink
108,7852.820312999998,6281.538574,0.05460548400878906,1571.2817389999982,1.2501428146129216,1848.2048339999983,1.8371659241259422,blink
109,5100.512695,4794.3588869999985,0.015626907348632812,306.15380800000185,1.0638570902212066,243.84594700000162,1.436038188410446,blink
110,7862.563965,5882.563965,0.07043910026550293,1980.0,1.336587925227941,2431.794922,2.403789314400965,blink
111,5168.7177729999985,4802.05127,0.023440837860107422,366.66650299999856,1.0763562241183648,311.53832899999907,1.5744679199531966,blink
112,7877.436035,5914.3588869999985,0.07033467292785645,1963.0771480000012,1.3319171503634866,2129.7438955000016,2.0792622201403836,blink
113,7851.282227,5438.974121,0.06241583824157715,2412.3081059999995,1.4435226298808859,2410.5131839999995,3.0117705383919353,blink
114,7964.102539,6073.846191,0.1015927791595459,1890.2563480000008,1.3112124160800964,2534.3588875000014,2.401985709922631,blink
115,4899.487305,4617.436035,0.015630006790161133,282.05126999999993,1.0610839582534684,264.61547899999914,1.7403156175901497,blink
116,5010.769043,4736.410156,0.0,274.3588870000003,1.057925491662171,211.02539100000104,1.4229183016245763,blink
117,8002.563965,5141.025879,0.10160589218139648,2861.5380860000005,1.5566083799906116,3173.845703000001,4.486758437263746,blink
118,7880.512695,5452.307617,0.1406850814819336,2428.205078,1.445353646303629,2944.3588865,3.2666797481411423,blink
119,5013.846191,4735.384765999999,0.04687809944152832,278.4614250000004,1.0588043926228234,234.35888599999907,1.4694398103306707,blink
120,7861.025879000002,4984.615234000001,0.0,2876.410645000001,1.5770577085629476,3156.4107675000014,5.689526405275682,blink
121,7893.846191,5842.05127,0.07825493812561035,2051.7949209999997,1.3512113855515684,2389.7436519999997,2.5203915081741175,blink
122,7877.94873,5727.179688,0.07825517654418945,2150.769042,1.3755372031554112,2464.1022940000003,2.614040458920173,blink
123,7884.615234000001,5686.153809,0.0780489444732666,2198.4614250000004,1.3866341817064978,2586.1539295000002,2.6550707597256435,blink
124,7758.974120999998,6360.0,0.031260013580322266,1398.9741209999984,1.219964484433962,1494.8717039999974,1.674378261819035,blink
125,5035.897461,4702.563965,0.046880245208740234,333.3334959999993,1.0708833518227325,307.4360349999988,1.699942414514049,blink
126,7882.05127,6350.256348,0.03902578353881836,1531.794922,1.2412178088656902,1697.4359130000003,1.7954818483936916,blink
127,4991.794922,4777.436035,0.11720085144042969,214.35888700000032,1.044869022929786,161.7946780000011,1.305864874945313,blink
128,5323.0771479999985,4593.333496,0.03907513618469238,729.7436519999983,1.158870165346252,686.9233394999992,2.859125688850292,blink
129,7876.922852,5893.846191,0.023344039916992188,1983.076661,1.3364656281713274,2128.717775,2.2887300644509008,blink
130,7895.384765999999,4984.102539,0.007813453674316406,2911.282226999999,1.5841136301309147,3060.513061999999,5.0310712008827805,blink
131,5014.871582,4717.94873,0.03125190734863281,296.9228519999997,1.0629347347740254,251.0253914999994,1.539690507664681,blink
132,5007.179688,4780.0,0.02343893051147461,227.17968800000017,1.0475271313807533,180.00048799999877,1.3394593740912628,blink
133,5518.974121,4970.769043,0.007813215255737305,548.205078,1.1102857673043571,483.0771479999994,1.6638484657026422,blink
134,7989.230956999999,5560.512695,0.08597397804260254,2428.7182619999985,1.4367795552708469,2801.282592999998,3.094919360916559,blink
135,7814.358887,4868.7177729999985,0.06252694129943848,2945.641114000002,1.6050137328426333,3063.8461915000016,5.571155801698703,blink
136,7975.897461,5330.256348,0.03907918930053711,2645.6411129999997,1.4963440668276091,2895.3850099999995,3.610264585149977,blink
137,7933.333495999998,5222.563965,0.05470395088195801,2710.769530999998,1.5190495605543048,3014.8723139999984,4.022623690390692,blink
138,7823.589844,6580.0,0.07814383506774902,1243.589844,1.1889954170212766,1555.8977055000005,1.651142971736549,blink
139,4961.025879,4686.153809,0.023438692092895508,274.87206999999944,1.058656220261506,229.2309564999996,1.5073783371259546,blink
140,4952.820313,4647.179688,0.02344512939453125,305.640625,1.0657690568301519,265.1279295000004,1.6607018992146907,blink
141,4925.128418,4678.974121,0.0,246.15429700000004,1.0526086040731064,186.66699299999982,1.4477255025774534,blink
142,7977.94873,5195.384765999999,0.03126382827758789,2782.563964000001,1.535583809347452,2988.9742425000013,3.999742115297204,blink
143,7872.820312999998,5419.487305,0.054704904556274414,2453.3330079999987,1.4526872875477654,2796.153442499999,3.4040997160903297,blink
144,7346.153809,4903.589844,0.0,2442.5639650000003,1.498117510376343,2456.9228514999995,4.822097511887753,blink
145,7871.282227,6902.05127,0.046827077865600586,969.2309569999998,1.1404265078720575,1349.4873044999995,1.49200714244902,blink
146,5163.589844,4798.461426,0.015625953674316406,365.12841800000024,1.0760928109209313,312.30810550000024,1.56180908259521,blink
147,7848.717773,6388.205078,0.062417030334472656,1460.5126950000003,1.228626457223451,1739.2304685000004,1.8387533696463152,blink
148,7878.461426000002,5590.769043,0.05471062660217285,2287.6923830000014,1.4091910013461098,2715.3848885000007,2.9459764118440033,blink
149,5074.871582,4794.3588869999985,0.023438692092895508,280.51269500000126,1.0585089063233495,221.02587900000253,1.3911076895456274,blink
150,7888.205078,5247.179688,0.070343017578125,2641.02539,1.5033228414189577,3113.076782,4.041332229161898,blink
151,5102.563965,4778.974121,0.03906512260437012,323.5898440000001,1.0677111521860028,246.15380899999946,1.4635443302781197,blink
152,7867.179687999998,6424.615234000001,0.07035517692565918,1442.5644539999976,1.2245370970024378,1863.0770274999986,1.8760549953066867,blink
153,7945.128418000001,5558.974121,0.054711103439331055,2386.154297000001,1.4292436419133314,2748.7183840000007,3.0139025680146365,blink
154,5115.897461,4692.307617,0.0,423.5898439999992,1.0902732468914345,357.1796874999991,1.8366375476155543,blink
155,5049.743652,4681.538574,0.02344512939453125,368.20507799999996,1.0786504419818115,413.8461915000007,1.945518377852969,blink
156,4883.589844,4632.820313,0.08594393730163574,250.76953099999992,1.05412891371943,209.4873045000004,1.5360898156713894,blink
157,4904.615234000001,4657.94873,0.007813453674316406,246.6665040000007,1.052956036723058,184.87158200000067,1.4604080254566043,blink
158,5055.897461,4777.94873,0.0,277.9487309999995,1.058173234311788,222.05126999999993,1.4482400059275138,blink
159,7950.769043000001,5320.0,0.007815837860107422,2630.769043000001,1.4945054592105265,2911.281860500001,3.5716872892036466,blink
160,5954.3588869999985,4708.7177729999985,0.03907895088195801,1245.641114,1.26453934469009,1184.1025399999999,3.327621724354426,blink
161,7994.871581999999,5047.692383,0.09379005432128906,2947.1791989999992,1.5838666415025076,3269.4870599999986,4.937924796210049,blink
162,7883.589844,5107.692383,0.015631437301635742,2775.8974610000005,1.5434738924840221,2875.384521500001,4.182178884139831,blink
163,7871.282227,6521.538574,0.07043004035949707,1349.7436529999995,1.2069670581082113,1756.4104009999996,1.721660393945576,blink
164,7883.589844,6943.077148,0.07804608345031738,940.5126959999998,1.1354604991348713,1410.769288,1.4937185892246927,blink
165,5085.6411130000015,4795.897461,0.0,289.74365200000193,1.0604148971816396,239.74365200000284,1.4700855921568692,blink
166,4996.9228520000015,4670.256348,0.04687809944152832,326.6665040000016,1.0699461613364958,276.15356500000235,1.6523313812353269,blink
167,4958.974121,4649.743652,0.0,309.2304690000001,1.0665048424480328,257.17944350000016,1.6292347935160627,blink
168,7885.128418000001,5622.05127,0.07033491134643555,2263.077148000001,1.4025358431140742,2561.5384509999994,2.838424509649176,blink
169,7866.666504000002,6893.846191,0.07805204391479492,972.820313000002,1.1411143048520622,949.2305910000023,1.3387317451932434,blink
170,5071.794922,4658.461426,0.06251978874206543,413.3334960000002,1.088727469909504,390.5131829999991,1.940705635007499,blink
171,4935.897461,4706.666504,0.0,229.23095699999976,1.048703462802216,157.94897449999917,1.3558644060842728,blink
172,7903.077148,5115.897461,0.054711103439331055,2787.1796870000007,1.5448075744769116,3022.8208000000013,4.323654542526618,blink
173,7872.820312999998,7205.128418000001,0.06243610382080078,667.6918949999972,1.0926689791304698,1024.102294999997,1.3338347419301841,blink
174,5142.563965,4825.6411130000015,0.04688119888305664,316.9228519999988,1.065674766228725,291.31396499999755,1.5571968457976961,blink
175,5030.769043,4671.794922,0.007813215255737305,358.9741210000002,1.0768385870941277,287.94873049999933,1.6814322903752552,blink
176,4975.897461,4678.461426,0.02344059944152832,297.4360349999997,1.063575609140867,259.74365200000193,1.6158055454257045,blink
177,4799.487305,4617.436035,0.02343893051147461,182.05126999999993,1.0394269175837105,140.51318400000127,1.3837545341055197,blink
178,7963.589844,5294.871582,0.0703420639038086,2668.7182620000003,1.5040194498904091,2953.590088500001,3.6633534837013593,blink
179,5015.384765999999,4732.820313,0.007812976837158203,282.56445299999905,1.0597031863271584,240.51318399999855,1.503760529586202,blink
180,4949.743652,4658.461426,0.031260013580322266,291.28222600000026,1.0625275599308999,257.179443,1.6781609035974892,blink
181,7945.641113,5171.794922,0.046895503997802734,2773.8461909999996,1.536341102621934,2951.5384514999996,3.946250162266244,blink
182,5068.205078,4791.794922,0.023440122604370117,276.4101559999999,1.0576840537834686,226.15380900000036,1.4302437602516844,blink
183,7893.846191,7329.230956999999,0.07779693603515625,564.6152340000008,1.077036081590627,892.820311500001,1.2575824091624705,blink
184,8098.974120999998,4877.436035,0.12505316734313965,3221.5380859999987,1.6604982746841905,3533.076415999997,5.985163506341242,blink
185,7925.641113,5914.3588869999985,0.07033491134643555,2011.2822260000012,1.3400676665768256,2440.769408500002,2.472845573889721,blink
186,4929.230957,4660.0,0.06250524520874023,269.23095699999976,1.0577748834763947,219.4875489999995,1.531347908524074,blink
187,7914.358887,5188.205078,0.04689502716064453,2726.1538090000004,1.5254522070763834,2927.6925055,3.9549697037718197,blink
188,7869.743651999999,6714.871581999999,0.07804465293884277,1154.8720700000003,1.1719872161212688,1569.7438960000004,1.6869391754360121,blink
189,7875.897461,6827.692383,0.06250905990600586,1048.205078,1.153522598734806,1263.0770269999998,1.481901821323068,blink
190,7908.717773,5030.769043,0.06252574920654297,2877.94873,1.5720693407709674,3067.692138,4.722464126518118,blink
191,5768.7177729999985,4803.589844,0.015629053115844727,965.1279289999984,1.2009180551094525,980.255858999999,2.562319988522813,blink
192,5207.692383,4833.333496,0.04688096046447754,374.3588869999994,1.0774535602208732,314.61547950000113,1.559762955539207,blink
193,4976.9228520000015,4715.384765999999,0.007812976837158203,261.5380860000023,1.0554648451778117,211.53808650000155,1.455045807059303,blink
194,5114.3588869999985,4789.743652,0.02343893051147461,324.6152349999984,1.067772987154428,264.8715829999983,1.4907358928975383,blink
195,7867.179687999998,6935.897461,0.06264638900756836,931.2822269999988,1.1342698954585941,1099.4873049999992,1.3948798460510083,blink
196,4940.512695,4707.179688,0.015625953674316406,233.33300700000018,1.0495695984571898,191.28124900000057,1.4085411675594206,blink
197,4927.179688,4683.589844,0.015626192092895508,243.58984400000008,1.0520092177396907,190.2563479999999,1.4406173817856984,blink
198,7991.794922,5119.487305,0.007816076278686523,2872.3076170000004,1.5610537629802756,3055.1279300000006,4.406230826817376,blink
199,7849.743651999999,5872.307617,0.05470108985900879,1977.4360349999988,1.3367391771635793,2103.333495499999,2.2172429993865483,blink
200,5227.179688,4813.846191,0.007812738418579102,413.33349700000053,1.0858634614817506,360.76904450000166,1.6184610472106888,blink
201,7946.153809,5466.153809,0.06251907348632812,2480.0,1.4537011007477854,2860.7690435000004,3.3190601458129385,blink
202,7795.897461,4938.974121,0.0,2856.9233399999994,1.5784446870965898,2836.410644999999,5.225365423243492,blink
203,7792.820312999998,4925.6411130000015,0.023447513580322266,2867.179199999997,1.5820925914461759,2908.974121999998,5.034494729188427,blink
204,8045.641113,5637.94873,0.06252694129943848,2407.6923829999996,1.4270511312365197,2740.5126960000016,2.875745486282211,blink
205,7958.461426000002,5153.846191,0.04689502716064453,2804.615235000002,1.5441790715247992,3143.076783000003,4.285445837031153,blink
206,7947.692383,5496.410156,0.07033371925354004,2451.2822269999997,1.4459787674913829,2802.307739499999,3.175791375183159,blink
207,4988.7177729999985,4665.128418,0.06250810623168945,323.58935499999825,1.069363439975512,282.8200679999982,1.7084121685483382,blink
208,5018.974121,4707.179688,0.06250500679016113,311.794433,1.0662380562600695,232.5637200000001,1.5052914483840794,blink
209,7920.0,5548.7177729999985,0.0703420639038086,2371.2822270000015,1.4273567919670802,2745.6413580000008,2.9881179432913996,blink
210,7851.794922,5634.871582,0.06241917610168457,2216.9233400000003,1.3934292570360836,2294.8719485,2.509784176644737,blink
211,5114.871582,4800.512695,0.023439884185791016,314.3588869999994,1.0654844403030996,252.56396499999846,1.4760752520728997,blink
212,4932.307617,4715.897461,0.023440122604370117,216.41015600000082,1.0458894956452491,169.74365200000193,1.3609598312110454,blink
213,7876.922852,5065.128418,0.03907895088195801,2811.7944339999995,1.5551279655630637,2938.9738775000005,4.3662247193532115,blink
214,5016.9228520000015,4731.794922,0.03906679153442383,285.12793000000147,1.060257879874364,271.28173850000076,1.545079144801781,blink
215,4902.05127,4663.0771479999985,0.03125286102294922,238.97412200000144,1.0512481596197691,189.9997570000014,1.4523801115367734,blink
216,7821.538573999998,5189.230957,0.01563119888305664,2632.3076169999986,1.5072635307259072,2718.974364999998,3.7730122219361055,blink
217,5581.025879,4517.94873,0.007815122604370117,1063.0771489999997,1.2353008439296742,1101.026124,6.748333124101927,blink
218,4901.025879,4614.871582,0.007812976837158203,286.15429700000004,1.0620069902088123,231.5390625,1.6450021016974643,blink
219,7859.487305,7080.512695,0.07028603553771973,778.9746099999993,1.11001669562009,1094.6156009999986,1.371508222903369,blink
220,5802.05127,4794.3588869999985,0.007814884185791016,1007.6923830000014,1.2101829268001567,963.0766610000028,2.7971286133785305,blink
221,7884.615234000001,5437.94873,0.06251883506774902,2446.6665040000007,1.4499245258606916,2849.999633500001,3.402203852478031,blink
222,7881.538573999998,5474.3588869999985,0.101593017578125,2407.179687,1.4397190130731743,2774.1027825,3.2563090499250116,blink
223,7861.538573999998,5950.769043,0.046788930892944336,1910.769530999998,1.3210962343174235,2191.7951659999985,2.270889368706573,blink
224,7769.230956999999,5462.05127,0.0,2307.179686999999,1.422401689942394,2335.6416009999984,2.8820256361700807,blink
225,7862.563965,6917.94873,0.10160088539123535,944.6152350000002,1.1365455674604283,1413.5894780000008,1.5158120065347376,blink
226,7907.179687999998,6358.461426,0.06262898445129395,1548.7182619999985,1.243568083257882,1783.8465579999984,1.8631516282609661,blink
227,6635.384765999999,4912.307617,0.007815122604370117,1723.0771489999988,1.3507673548449926,1798.7182624999996,3.815009565152638,blink
228,4968.7177729999985,4700.512695,0.007812976837158203,268.20507799999814,1.0570586860206317,228.20507799999814,1.5180442711191284,blink
229,7955.384765999999,5174.871582,0.007816076278686523,2780.5131839999995,1.5373105670238445,2964.1026615,4.054968583931391,blink
230,5075.384765999999,4802.563965,0.007811546325683594,272.82080099999894,1.056807322711005,202.82080099999894,1.3795591426179439,blink
231,4997.436035,4682.563965,0.04687809944152832,314.87206999999944,1.0672435170888261,260.51293899999837,1.6109444979882832,blink
232,7873.333495999998,7050.769043000001,0.12494611740112305,822.5644529999972,1.1166630828472022,1287.436034999997,1.438515326949287,blink
233,7901.538573999998,6055.384765999999,0.0313568115234375,1846.1538079999991,1.3048780348964533,1897.6921375000002,2.0480031301410264,blink
234,4898.974121,4619.487305,0.031260013580322266,279.48681600000054,1.0605016958694728,264.10253849999935,1.7372942326946916,blink
235,7925.128418000001,6006.666504,0.07033491134643555,1918.4619140000013,1.3193887845650238,2329.1990965000014,2.294345344974492,blink
236,7846.153809,5305.128418,0.0311586856842041,2541.025391,1.478975284062577,2527.9484875000016,3.5944730319330693,blink
237,7887.692383,5125.6411130000015,0.015628814697265625,2762.051269999998,1.5388694231819497,3114.1026614999982,4.869066553088657,blink
238,7905.641113,5829.230957,0.09377765655517578,2076.410156,1.3562065341580871,2563.846313,2.578623425204805,blink
239,4821.538574,4632.820313,0.04687929153442383,188.71826099999998,1.0407350702703586,133.84667900000022,1.3452398173038935,blink
240,5023.0771479999985,4744.102539,0.0,278.97460899999805,1.0588045065861504,246.9233394999983,1.4905762504639732,blink
241,7954.358887,5085.6411130000015,0.1094217300415039,2868.717773999999,1.5640818355559802,3143.076904999999,4.809198383892045,blink
242,7830.769043000001,5325.128418,0.00791621208190918,2505.640625000001,1.4705314930115927,2501.185546500001,3.3170124696371484,blink
243,5115.897461,4847.179688,0.0,268.7177729999994,1.0554379639907419,220.5124509999996,1.3724548384483979,blink
244,7949.230956999999,5170.256348,0.10160613059997559,2778.974608999999,1.5374926158303512,3100.2565914999986,4.262547625201446,blink
245,4994.871582,4725.6411130000015,0.015625953674316406,269.23046899999827,1.0569722631410496,228.97412099999747,1.4885114556109353,blink
246,7926.666504000002,5147.179688,0.04689502716064453,2779.4868160000015,1.5400019009400476,2971.5382075000007,4.213809713324081,blink
247,4915.384765999999,4677.94873,0.07031702995300293,237.43603599999915,1.0507564425572486,195.8979500000005,1.4591359964342014,blink
248,5125.6411130000015,4756.410156,1.7896263599395752,369.2309570000016,1.0776280734608712,324.61572250000063,1.696753942722903,blink
249,5139.487305,4764.615234000001,0.007815122604370117,374.87207099999887,1.078678351260126,359.7436535000006,1.7243163188274087,blink
250,4929.743652,4681.538574,0.007812738418579102,248.20507799999996,1.0530178431890882,195.89746100000048,1.4462614852514182,blink
251,5102.05127,4806.666504,0.031253814697265625,295.3847660000001,1.0614531434111745,266.1538090000013,1.4814472311186604,blink
252,7921.538573999998,5192.820313,0.03125905990600586,2728.718260999998,1.5254790453982725,3048.7181389999987,4.123194429905667,blink
0,7739.487305,4466.666504,0.07804989814758301,3272.820801,1.7327211015349178,3415.641114,19.173259829493833,left_wink
1,7823.077148,4621.025879,0.11737799644470215,3202.0512690000005,1.692930823770442,3386.4101560000004,10.027335689614446,left_wink
2,7783.077148,4500.512695,0.0,3282.564453,1.7293756679426497,3348.2055665,15.3810715557326,left_wink
3,5938.974121,4464.102539,0.03137707710266113,1474.8715819999998,1.3303847904735595,1480.5126950000003,9.064240715842645,left_wink
4,6902.05127,4724.102539,0.015629053115844727,2177.9487309999995,1.4610290977005398,2426.6667489999995,6.489559513061813,left_wink
5,7881.538573999998,6549.230957,0.0625159740447998,1332.3076169999986,1.2034296279589882,1700.5126949999976,1.698325674502476,left_wink
6,7738.974120999998,4455.384765999999,0.07043814659118652,3283.589354999999,1.73699344219556,3403.0764154999997,18.648907160695895,left_wink
7,7308.205078,5406.666504,0.0625159740447998,1901.5385740000002,1.3517025828379077,1944.1025390000013,2.723573498006612,left_wink
8,6397.436035,4516.9228520000015,0.023443937301635742,1880.5131829999982,1.4163261681937616,1713.3334959999984,6.892420590317077,left_wink
9,7855.384765999999,6157.94873,0.0625159740447998,1697.4360359999991,1.2756495889175743,2037.6923834999989,2.039774963128697,left_wink
10,6576.9228520000015,5558.461426,0.03125786781311035,1018.4614260000017,1.1832272184594272,1006.1538090000013,1.7756475045142759,left_wink
11,6721.538573999998,4394.3588869999985,0.797083854675293,2327.179687,1.5295834379582844,2149.743652,13.588602794945803,left_wink
12,7907.179687999998,6056.410156,0.04688692092895508,1850.7695319999984,1.3055885391392237,2177.1796884999967,2.1949058325317603,left_wink
13,7860.512695,6160.0,0.04688715934753418,1700.5126950000003,1.2760572556818182,1960.0000000000005,1.9916969886285083,left_wink
14,7889.230956999999,6109.743652,0.03907299041748047,1779.4873049999987,1.2912540044814305,2237.692504999998,2.21191518456964,left_wink
15,7333.333495999998,4503.0771479999985,0.07043814659118652,2830.256348,1.6285160691188765,2910.256348,12.282305394564338,left_wink
16,7890.769043000001,4459.487305,0.007815122604370117,3431.2817380000015,1.769434130724586,3751.7945555000015,18.033744694914766,left_wink
17,6476.9228520000015,4580.512695,1.4066181182861328,1896.4101570000012,1.4140170071071052,2092.05127,7.585152783061361,left_wink
18,6417.436035,4507.179688,0.07033085823059082,1910.2563469999996,1.4238252031721526,1907.4360344999996,13.587131961571906,left_wink
19,7874.871581999999,6332.307617,0.054702043533325195,1542.5639649999985,1.243602183958777,1855.8973389999983,1.8706844783785792,left_wink
20,7876.410156,5938.974121,0.03907275199890137,1937.4360349999997,1.3262240238005576,2398.7180179999996,2.3968944064759774,left_wink
21,7884.102539,6204.102539,0.0547022819519043,1680.0,1.2707885611882213,2408.718139999999,2.2185758881101,left_wink
22,4909.743652,4577.94873,0.0,331.79492200000004,1.0724767666849777,307.94873049999933,2.0282530390670552,left_wink
23,7912.820312999998,6275.384765999999,0.04688692092895508,1637.4355469999991,1.260929904389547,1974.6149904999993,1.9215026238211323,left_wink
24,7857.94873,4543.0771479999985,0.007816076278686523,3314.8715820000016,1.729653376777744,3539.4868160000015,13.00346582841847,left_wink
25,6981.025879000002,4569.230957,0.007816076278686523,2411.794922000002,1.5278338837972645,2432.8205565000035,9.013511006975639,left_wink
26,7831.282227,4518.974121,0.054823875427246094,3312.3081059999995,1.7329778877483417,3407.1801760000008,14.642736487473966,left_wink
27,6082.563965,4509.743652,0.015629053115844727,1572.8203130000002,1.3487604694121536,1589.7434090000006,7.911927880243302,left_wink
28,7860.0,6170.769043,0.03907299041748047,1689.2309569999998,1.27374723397179,2141.281983,2.082577091368794,left_wink
29,6980.512695,4694.871582,0.0,2285.6411130000006,1.4868378342366342,2263.589599,6.569717101791967,left_wink
30,7882.563965,6076.9228520000015,0.04688715934753418,1805.6411129999988,1.2971308270608926,2118.205077999999,2.1198319610261778,left_wink
31,7514.358887,4485.128418,0.08607292175292969,3029.230469,1.675394367047084,3043.5893559999995,16.33588634038868,left_wink
32,7430.769043000001,4452.307617,0.02344489097595215,2978.4614260000008,1.6689702694008621,3041.025391000001,17.942843996364207,left_wink
33,5072.820313,4442.563965,0.16392111778259277,630.2563479999999,1.1418677036426192,610.2563479999999,4.32867246581105,left_wink
34,7881.538573999998,6014.3588869999985,0.03907275199890137,1867.1796869999998,1.3104536530129418,2091.0257564999993,2.1494010856115096,left_wink
35,7835.384765999999,4518.974121,0.007815122604370117,3316.410644999999,1.7338857351690504,3487.692627,14.711699512979894,left_wink
36,7885.641113,5743.589844,0.0,2142.0512689999996,1.3729464197792045,2357.436033999998,2.5106804578025654,left_wink
37,7893.846191,5731.2822270000015,0.023442983627319336,2162.563963999998,1.37732637799831,2427.692259999998,2.623178340102507,left_wink
38,6637.436035,4680.0,0.007815122604370117,1957.4360349999997,1.418255563034188,2093.589599500002,5.725113016887093,left_wink
39,6730.769043000001,5506.153809,0.03125786781311035,1224.6152340000008,1.2224084681394705,1223.0766600000006,1.9718825183919462,left_wink
40,7327.692383,4475.384765999999,0.05460619926452637,2852.3076170000004,1.6373323783620353,2897.435545999999,15.561835532684341,left_wink
41,6231.794922,5346.153809,0.03125810623168945,885.6411129999997,1.1656594899138637,933.8461909999996,1.8603828155566782,left_wink
42,7878.461426000002,6116.9228520000015,0.054702043533325195,1761.5385740000002,1.287977896177658,2141.2818610000013,2.1037535365979387,left_wink
43,7851.794922,4489.743652,0.07805800437927246,3362.05127,1.74882922736632,3476.9228520000006,16.40908394650582,left_wink
44,6502.05127,4615.897461,0.04688692092895508,1886.1538090000004,1.408621254032662,1791.7949225000002,6.498032776941464,left_wink
45,7873.846191,6177.436035,0.03907322883605957,1696.410156,1.2746139573746311,2019.4869385000002,2.01312045503298,left_wink
46,5853.333496,5145.128418,0.0,708.205078,1.1376457535097426,714.1025385000003,1.7689119162599174,left_wink
47,7838.974120999998,4508.7177729999985,0.01562952995300293,3330.256348,1.7386260386362846,3422.050781499999,17.00239296055556,left_wink
48,7868.717773,4530.256348,0.015631914138793945,3338.4614250000004,1.7369255001372828,3579.9997550000003,14.661447834234885,left_wink
49,7872.307617,4472.820313,0.14099502563476562,3399.487304,1.7600321645203547,3613.3333730000004,18.312053994021635,left_wink
50,7824.615234000001,4479.487305,0.01553201675415039,3345.127929000001,1.7467658018064194,3478.717528500001,18.28278537230218,left_wink
51,7809.743651999999,5800.0,0.03907299041748047,2009.7436519999992,1.3465075262068964,2129.7434079999994,2.357189264269657,left_wink
52,7899.487305,6415.897461,0.07033109664916992,1483.589844,1.2312365266150564,2070.2565925,1.9266614026707394,left_wink
53,6536.410156,5711.794922,0.00781393051147461,824.6152339999999,1.144370595453952,869.9997554999991,1.5921463547681014,left_wink
54,7900.0,6167.692383,0.04688692092895508,1732.3076170000004,1.2808680312550538,2029.2308345000001,2.0227449408997646,left_wink
55,7458.461426000002,4492.307617,0.03126406669616699,2966.1538090000013,1.660273975400826,3022.051270500001,14.609700516955812,left_wink
56,7853.333495999998,5736.9228520000015,0.03125739097595215,2116.410643999997,1.3689104243858143,2587.179687499998,2.748094383445945,left_wink
57,7397.436035,4484.615234000001,0.023443937301635742,2912.820800999999,1.6495140940780202,3024.1027834999995,15.175487235284542,left_wink
58,7870.769043000001,6114.3588869999985,0.054702043533325195,1756.4101560000026,1.2872599054881095,2179.743652500002,2.115177869294359,left_wink
59,7852.820312999998,4437.436035,0.07795000076293945,3415.3842779999986,1.7696751572442664,3562.051025999999,21.25072451728003,left_wink
60,7902.05127,6594.3588869999985,0.07033085823059082,1307.6923830000014,1.1983047033697185,1712.820678500003,1.7052366054368921,left_wink
61,7744.615234000001,4450.769043,0.04689288139343262,3293.8461910000005,1.7400622587191839,3370.256591000001,19.23025775264911,left_wink
62,7877.436035,6165.128418,0.03125905990600586,1712.3076169999995,1.2777407867126767,2093.333129999999,2.0287295996941954,left_wink
63,7870.256348000001,6097.436035,0.04688692092895508,1772.820313000001,1.2907484888441312,2126.1535650000014,2.0932099842433347,left_wink
64,7842.563965,4509.743652,0.10149240493774414,3332.820313,1.7390265545408434,3428.2050789999985,14.783514694786183,left_wink
65,7899.487305,5735.384765999999,0.046887874603271484,2164.1025390000004,1.3773247353567353,2446.9230960000004,2.585215856084631,left_wink
66,7396.410156,4491.2822270000015,0.17193317413330078,2905.1279289999984,1.6468370906498362,3034.358641499998,14.018687822974778,left_wink
67,7810.256348000001,4510.256348,0.031162261962890625,3300.000000000001,1.7316657292580127,3451.2822270000006,15.22833860338652,left_wink
68,7878.974120999998,4473.846191,0.0,3405.1279299999987,1.7611186850477933,3603.3328859999983,19.10951107837081,left_wink
69,7884.615234000001,5873.846191,0.054702043533325195,2010.7690430000011,1.3423257909069757,2589.7434085000014,2.5868027296022413,left_wink
70,7926.666504000002,6180.0,0.031258344650268555,1746.6665040000016,1.2826321203883497,1946.666626000001,1.9801187688380084,left_wink
71,7304.615234000001,4464.615234000001,0.10921216011047363,2840.0,1.6361130469591547,2873.3332515,15.3666662575,left_wink
72,7805.641113,4468.7177729999985,0.06243181228637695,3336.923340000001,1.7467294891974827,3505.128907000001,18.3918934825645,left_wink
73,5701.538574,4548.205078,0.0,1153.3334960000002,1.2535799235568243,1126.6667480000006,4.861159550715488,left_wink
74,7853.333495999998,4491.2822270000015,0.04690408706665039,3362.051268999997,1.7485727013075538,3589.230956499997,16.48451072841004,left_wink
75,7376.410156,5695.384765999999,0.046888113021850586,1681.0253900000007,1.2951557197742452,1715.1281735000011,2.1813846070884675,left_wink
76,6743.077148,4787.179688,0.046887874603271484,1955.8974600000001,1.4085698861279092,2178.4616694999995,5.0380221171284045,left_wink
77,7888.717773,6132.820313,0.023443937301635742,1755.8974600000001,1.2863115777708258,2033.076782,2.0479777226804123,left_wink
78,7873.846191,6223.0771479999985,0.054702043533325195,1650.7690430000011,1.2652657204371205,1958.205078500001,1.936365763623146,left_wink
79,5215.897461,4503.0771479999985,0.03125905990600586,712.8203130000011,1.158296269322544,693.3334970000024,3.9649125095221507,left_wink
80,5660.0,4443.589844,0.007816076278686523,1216.410156,1.273744922169734,1227.435546499999,7.504063430278925,left_wink
81,7874.358887,5529.743652,0.04688715934753418,2344.615235,1.424000710078486,2669.4871834999994,3.0125653979838782,left_wink
82,7855.897461,4563.589844,0.10184001922607422,3292.3076169999995,1.7214293417118929,3491.7947994999995,12.062547463418454,left_wink
83,6797.94873,4743.589844,0.04688692092895508,2054.358886,1.4330810532867815,2172.0510244999987,5.38911620150815,left_wink
84,7809.743651999999,4485.128418,0.09358501434326172,3324.615233999999,1.74125307553234,3417.435547,17.333317000504803,left_wink
85,6580.512695,4632.307617,0.07033109664916992,1948.205078,1.4205690206864343,1902.05127,6.859402365571036,left_wink
86,7745.128418000001,5536.410156,0.046887874603271484,2208.7182620000012,1.3989441171742554,2221.538818500002,2.6978252283219506,left_wink
87,6205.128418,5585.128418,0.015629053115844727,620.0,1.1110090858433688,615.3845215000019,1.4457650449356392,left_wink
88,6675.384765999999,4707.179688,0.0,1968.205077999999,1.4181283079159988,1858.9743655000002,5.032255997282098,left_wink
89,7854.358887,4543.589844,0.09401440620422363,3310.7690430000002,1.7286681141283051,3497.9487299999987,13.469841044199935,left_wink
90,7869.743651999999,4475.897461,0.17174315452575684,3393.8461909999996,1.7582493166056021,3561.282104499999,16.982735885950458,left_wink
91,7900.512695,6258.974121,0.046888113021850586,1641.5385740000002,1.2622695895949367,1986.1538090000004,1.9383404545382132,left_wink
92,6298.461426,4500.0,1.93800687789917,1798.4614259999998,1.3996580946666666,1708.2048340000001,9.214548027740896,left_wink
93,7805.641113,4461.538574,0.015628814697265625,3344.1025389999995,1.7495402053650382,3557.4357909999994,20.513342822885708,left_wink
94,5952.307617,5375.897461,0.015630006790161133,576.4101560000008,1.1072211961224385,577.4357904999997,1.5096174745127366,left_wink
95,6245.6411130000015,4525.6411130000015,0.10158944129943848,1720.0,1.3800566498875182,1903.8464355000006,10.900005341442027,left_wink
96,5818.974121,4812.820313,0.023442983627319336,1006.153808,1.2090570066125799,1063.333250999999,2.999518411878953,left_wink
97,6665.128418,4616.410156,0.04688692092895508,2048.7182620000003,1.443790346344607,2196.6668710000004,4.807555790429919,left_wink
98,7824.615234000001,4491.2822270000015,0.04678702354431152,3333.3330069999993,1.7421784778879357,3521.0253900000002,15.670939125,left_wink
99,5816.410156,5177.436035,0.0,638.9741210000002,1.123415164703237,629.4868165000007,1.6863287805858667,left_wink
100,7842.05127,4548.7177729999985,0.03127312660217285,3293.3334970000014,1.7240135926982258,3362.820557000001,13.407769437380491,left_wink
101,7893.333495999998,6275.384765999999,0.054702043533325195,1617.9487299999992,1.2578246259521866,1996.9230949999992,1.9567566733621835,left_wink
102,7868.205078,6297.94873,0.03907203674316406,1570.256348,1.2493282202378297,1965.384644499999,1.9411837303130006,left_wink
103,7829.230956999999,4490.769043,0.007815122604370117,3338.4619139999986,1.7434053904873679,3502.051514,15.97587580547771,left_wink
104,7853.333495999998,4555.384765999999,0.03115987777709961,3297.948729999999,1.7239671069313138,3505.641112999999,12.868049799832969,left_wink
105,7257.436035,4728.205078,0.046888113021850586,2529.2309569999998,1.5349241234836304,2403.8466794999995,6.062098408533532,left_wink
106,7822.563965,4494.3588869999985,0.01563405990600586,3328.205078000002,1.740529441835828,3464.1022950000006,16.745919522727274,left_wink
107,7526.153809,4453.333496,0.07794499397277832,3072.820313,1.6900045360986367,3140.512206999999,19.01171979998207,left_wink
108,7879.487305,6052.820313,0.054702043533325195,1826.6669919999995,1.301787744809929,2241.2824710000004,2.19920465736636,left_wink
109,7394.871581999999,4438.974121,0.062417030334472656,2955.8974609999987,1.6658965293391037,2986.4104005,17.42738083187289,left_wink
110,5943.589844,5267.179688,0.023443937301635742,676.4101559999999,1.1284197988424503,678.4614259999998,1.6680129594812823,left_wink
111,7890.256348000001,4488.7177729999985,0.12483787536621094,3401.5385750000023,1.7577973815730925,3636.6669935000027,17.41553863526459,left_wink
112,7897.436035,5749.230957,0.04688715934753418,2148.205078,1.3736508576654838,2403.076661,2.5640848821143685,left_wink
113,7869.230956999999,4482.563965,0.03136301040649414,3386.6669919999986,1.7555200591543592,3612.0196529999985,17.512108260363025,left_wink
114,7885.128418000001,4787.179688,0.015633821487426758,3097.948730000001,1.647134415648866,3289.7435299999993,7.408589255191904,left_wink
115,7298.974120999998,4513.846191,0.0,2785.1279299999987,1.6170187933193576,2775.3847659999983,12.345919551355497,left_wink
116,7880.0,4579.487305,0.015632152557373047,3300.5126950000003,1.7207166381696084,3577.948485999999,12.726041479361603,left_wink
117,5452.820313,4504.615234000001,0.04699206352233887,948.2050789999994,1.210496353127593,961.5385749999996,5.0672473267180465,left_wink
118,7852.307617,4476.9228520000015,0.06262564659118652,3375.384764999999,1.753951961332569,3471.794920999999,17.19617907887336,left_wink
119,7825.641113,4578.461426,0.08597803115844727,3247.179687,1.7092294517455218,3336.6665034999987,11.99070528690017,left_wink
120,7826.153809,4503.0771479999985,0.03907418251037598,3323.076661000002,1.7379568574515576,3531.794435000002,17.016250760844674,left_wink
121,7825.641113,4615.897461,0.03127312660217285,3209.743652,1.6953671911300718,3338.4619139999995,10.969379587426447,left_wink
122,5933.846191,4898.974121,0.015629053115844727,1034.8720699999994,1.2112426080317316,982.0517570000011,2.5506088338917006,left_wink
123,7860.512695,5902.05127,0.023443937301635742,1958.4614250000004,1.3318272470716779,2196.6667475000004,2.327599735393347,left_wink
124,7853.333495999998,5526.153809,0.00781393051147461,2327.179686999998,1.4211210486414454,2643.3333729999977,3.1494995046744076,left_wink
125,7884.102539,6314.3588869999985,0.023443937301635742,1569.743652000002,1.248599054962142,1992.563964500001,1.9354760394517674,left_wink
126,7302.563965,4509.230957,0.0,2793.3330080000005,1.6194699350370845,2858.974121,12.699886594374936,left_wink
127,7873.846191,5903.0771479999985,0.03125786781311035,1970.7690430000011,1.3338545293563902,2035.1279300000006,2.187462241913175,left_wink
128,7854.871581999999,4465.128418,0.0,3389.7431639999986,1.759159165576321,3464.6152349999975,19.259452679871362,left_wink
129,7878.974120999998,4958.974121,0.007816791534423828,2919.999999999998,1.5888314656925788,3418.7180169999992,7.633337814617373,left_wink
130,7811.794922,4445.128418,0.03907895088195801,3366.666504,1.7573834066001555,3533.333008,20.35389365201341,left_wink
0,4675.897461,6878.461426000002,0.03126096725463867,-2202.563965000002,0.6797882798797857,-2245.1279300000033,0.14833188786556853,right_wink
1,4616.410156,6418.974121,0.07795000076293945,-1802.5639650000003,0.7191819236187882,-1863.0766605000017,0.14628127845306912,right_wink
2,4869.230957,4874.871582,0.007815837860107422,-5.640625,0.9988429182379229,-40.51245149999977,0.9347652252434236,right_wink
3,4741.025879,7208.205078,0.031264305114746094,-2467.179199,0.6577262755009535,-2558.974121,0.14962521735083945,right_wink
4,4653.333496,7054.871581999999,0.039073944091796875,-2401.5380859999987,0.6595915236604233,-2453.333007999998,0.12700739569684286,right_wink
5,4596.9228520000015,4577.436035,0.08596587181091309,19.486817000001793,1.0042571467631665,-16.154296499998054,0.9471461926655199,right_wink
6,4931.794922,6786.153809,0.0626220703125,-1854.3588870000003,0.7267437580709276,-1876.1538095000005,0.270633964471663,right_wink
7,4585.128418,4502.563965,0.0,82.56445299999996,1.0183372082310884,36.66699249999965,1.1561150658916222,right_wink
8,4724.615234000001,4650.256348,0.007816076278686523,74.3588860000009,1.0159902767579645,30.51293799999985,1.0800272222671476,right_wink
9,4773.846191,4763.0771479999985,0.03907608985900879,10.769043000001147,1.0022609423835436,-34.102539499997874,0.9341258618963781,right_wink
10,4720.0,4564.615234000001,0.031260013580322266,155.38476599999922,1.0340411530949203,115.64111400000002,1.3841573430068466,right_wink
11,4592.820313,4552.820313,0.0,40.0,1.0087857629447368,6.666747499998564,1.0235084343299061,right_wink
12,4731.2822270000015,4549.230957,0.015630006790161133,182.05127000000175,1.040018031997227,161.02587900000344,1.5678125730059798,right_wink
13,4570.256348,6026.153809,0.0856626033782959,-1455.8974610000005,0.758403534469095,-1535.3847660000001,0.1547147211861798,right_wink
14,4546.153809,5863.589844,0.08586263656616211,-1317.4360349999997,0.7753192037556849,-1363.3334959999993,0.15158771917520358,right_wink
15,4823.0771479999985,4767.179688,0.023445606231689453,55.89745999999832,1.0117254778838531,29.230955999997605,1.057143209636867,right_wink
16,4676.9228520000015,4455.384765999999,0.046890974044799805,221.5380860000023,1.0497236709364828,213.07666000000245,2.118436679419277,right_wink
17,4608.7177729999985,4589.743652,0.046890974044799805,18.974120999998377,1.0041340263070533,-33.33398500000294,0.8992229275192734,right_wink
18,4570.769043,4568.7177729999985,0.007814884185791016,2.0512700000017503,1.0004489815527946,-33.3334954999973,0.8891724519819971,right_wink
19,4772.820313,4562.05127,0.06252241134643555,210.76904300000024,1.0462004985314424,174.87158200000067,1.6233998834762218,right_wink
20,4606.666504,4548.205078,0.007815122604370117,58.46142599999985,1.0128537357039553,15.38427799999954,1.0530961692993348,right_wink
21,4567.692383,4503.0771479999985,0.007814884185791016,64.61523500000112,1.0143491290236277,5.640626000001248,1.0230591310888892,right_wink
22,4793.846191,6836.922852,0.046792030334472656,-2043.076661,0.7011701455132933,-2141.025391,0.20065102666145312,right_wink
23,4678.974121,6189.230957,0.11745095252990723,-1510.2568359999996,0.7559863500824923,-1609.7441409999983,0.19657002364002815,right_wink
24,4870.769043,6953.333495999998,0.015534400939941406,-2082.564452999998,0.700494093344146,-2244.359374999998,0.218412249335154,right_wink
25,4630.256348,4554.871582,0.046890974044799805,75.38476600000013,1.0165503603433974,37.43603599999915,1.1298937418444763,right_wink
26,4537.436035,7045.641113,0.02344799041748047,-2508.205078,0.644006125521767,-2660.705078,0.08429672677198237,right_wink
27,4654.871582,5529.743652,0.039175987243652344,-874.8720700000003,0.8417879516560273,-928.7182609999991,0.2703464140435165,right_wink
28,4657.94873,4648.7177729999985,0.03907585144042969,9.230957000001581,1.0019856995951906,-37.17944299999908,0.9093750937142742,right_wink
29,4715.897461,7086.153809,0.015630006790161133,-2370.256348000001,0.6655087637260174,-2397.6923835,0.14313200203849902,right_wink
30,4676.410156,5303.589844,0.007815122604370117,-627.1796880000002,0.8817443078277378,-694.359375,0.3431964469143284,right_wink
31,4536.410156,4578.461426,0.0,-42.05126999999993,0.9908154145929459,-88.97461000000021,0.7221769043591284,right_wink
32,4594.871582,5660.512695,0.085968017578125,-1065.6411130000006,0.8117412378667935,-1112.307616,0.20169291159267003,right_wink
33,4727.179688,4634.3588869999985,0.031159162521362305,92.82080100000167,1.0200288331705119,103.07714900000155,1.3116287669036852,right_wink
34,4520.512695,6204.102539,0.0782630443572998,-1683.589844,0.7286328145905585,-1787.435791500001,0.11106857462197325,right_wink
35,4766.153809,7475.384765999999,0.04678916931152344,-2709.230956999999,0.6375797311033021,-2848.7182614999992,0.14022591915084642,right_wink
36,4733.846191,5424.615234000001,0.0,-690.7690430000011,0.8726602693089732,-758.4614260000017,0.3625001278846907,right_wink
37,4556.410156,4609.230957,0.023445844650268555,-52.82080099999985,0.9885402138680464,-97.94921899999918,0.7106049013242911,right_wink
38,4762.05127,4672.820313,0.0,89.23095699999976,1.019095738980537,37.949219000000085,1.0927331219807097,right_wink
39,4727.692383,4607.692383,0.023445844650268555,120.0,1.0260434052504759,80.51269500000035,1.2343279244307366,right_wink
40,4551.794922,4574.3588869999985,0.08596611022949219,-22.56396499999846,0.9950672945526589,-69.23071249999794,0.7748124501873681,right_wink
41,4734.3588869999985,6409.230957,0.05482888221740723,-1674.8720700000013,0.7386781532391576,-1747.6923830000014,0.20243391678820855,right_wink
42,4596.410156,4495.897461,0.0859670639038086,100.51269500000035,1.022356536347171,48.974121000000196,1.190048772221569,right_wink
43,4819.487305,5475.384765999999,0.0,-655.8974609999996,0.8802097954699245,-740.5126950000003,0.4390055340909088,right_wink
44,4947.179688,4687.692383,0.02344512939453125,259.48730500000056,1.0553550198688455,259.48730500000056,1.576967130651204,right_wink
45,4653.846191,4512.307617,0.0,141.53857399999924,1.0313672262650615,133.33349599999747,1.5676867966086978,right_wink
46,4611.794922,7428.205078,0.03126072883605957,-2816.410156,0.6208491652524083,-2952.8205559999988,0.10010155414921021,right_wink
47,4811.2822270000015,5286.153809,0.03136014938354492,-474.87158199999885,0.9101669003290255,-460.0,0.5208333333333334,right_wink
48,5139.487305,4876.9228520000015,0.03126096725463867,262.56445299999814,1.053838139533481,218.71826149999833,1.345764655321641,right_wink
49,4597.94873,4462.563965,0.02344489097595215,135.3847649999998,1.0303378878290206,111.79492200000004,1.569191147121741,right_wink
50,4743.0771479999985,4536.9228520000015,0.023446083068847656,206.15429599999698,1.0454392333140772,161.53906149999693,1.615236981176673,right_wink
51,4465.128418,6023.0771479999985,0.07013201713562012,-1557.9487299999982,0.7413367466964416,-1639.7436519999974,0.09006838055631501,right_wink
52,5194.871582,4842.563965,0.007814884185791016,352.3076169999995,1.0727522898089379,296.6662594999998,1.4857255690723685,right_wink
53,4538.974121,4527.179688,0.09378218650817871,11.794433000000026,1.0026052495842528,-47.948975500000415,0.8346588445721101,right_wink
54,4568.205078,6126.666504,0.08606886863708496,-1558.4614259999998,0.7456265287195727,-1627.1792000000005,0.14034143187050616,right_wink
55,4680.0,6208.7177729999985,0.07023382186889648,-1528.7177729999985,0.7537788269829286,-1588.205078,0.20467379237777014,right_wink
56,4698.461426,4671.2822270000015,0.10159683227539062,27.179198999998334,1.0058183594309293,-21.79516600000261,0.9476271687302238,right_wink
57,4669.743652,4595.384765999999,0.015630006790161133,74.3588860000009,1.0161812100153533,54.35888600000089,1.1706919528217157,right_wink
58,4928.205078,6520.0,0.023545026779174805,-1591.794922,0.7558596745398773,-1640.0,0.284883771653593,right_wink
59,5076.410156,7068.717773,0.03897404670715332,-1992.3076170000004,0.7181514836241008,-2021.538574000002,0.28118156001850997,right_wink
60,4786.666504,4627.692383,0.031259775161743164,158.9741210000002,1.03435278489642,128.9741210000002,1.3690380713542665,right_wink
61,4644.102539,4560.512695,0.0,83.58984400000008,1.018329045348705,40.51269500000035,1.136796130379665,right_wink
62,4615.384765999999,4393.846191,0.03126025199890137,221.53857499999958,1.0504201934637087,210.76904399999967,3.0447698455917784,right_wink
63,4589.230957,7185.128418000001,0.023344039916992188,-2595.8974610000014,0.6387124474356193,-2765.128174000002,0.09400999237098856,right_wink
64,4613.333496,7014.358887,0.03917884826660156,-2401.025391,0.6576985253135651,-2564.615235000002,0.10536672772313477,right_wink
65,4672.820313,7208.205078,0.04688906669616699,-2535.384765,0.648264063304998,-2680.2568349999992,0.1211534014531661,right_wink
66,4598.974121,4616.9228520000015,0.046890974044799805,-17.948731000001317,0.9961124039592245,-74.35888800000157,0.7951978301353796,right_wink
67,4705.128418,6115.384765999999,0.04688906669616699,-1410.256347999999,0.7693920494028978,-1438.205077999999,0.21956324932974322,right_wink
68,4631.2822270000015,4623.0771479999985,0.023446083068847656,8.205079000003025,1.0017748090151497,-31.538573499997256,0.9105452257697553,right_wink
69,4718.461426,5901.025879,0.06263899803161621,-1182.564453,0.7996001920262041,-1248.7182620000003,0.2509995947119527,right_wink
70,4671.2822270000015,6040.0,0.08586406707763672,-1368.7177729999985,0.7733910971854308,-1440.2561029999997,0.20887335366809984,right_wink
71,4700.0,4600.0,0.007814645767211914,100.0,1.0217391304347827,59.486815999998726,1.1806841511565354,right_wink
72,4742.05127,4664.102539,0.007815837860107422,77.9487309999995,1.0167124822724656,40.25634799999898,1.0981862146341437,right_wink
73,4718.461426,7174.358887,0.038973093032836914,-2455.8974610000005,0.657684052375731,-2533.3332520000004,0.1536023520841676,right_wink
74,4611.2822270000015,4577.94873,0.007815122604370117,33.333497000001444,1.0072813172374697,1.0000021575251594e-06,1.0000000036516927,right_wink
75,4794.871582,5503.589844,0.03897404670715332,-708.7182620000003,0.871226184710577,-774.3593749999991,0.3788562784054204,right_wink
76,4624.615234000001,4604.615234000001,0.007815122604370117,20.0,1.0043434682342884,-14.358885999999984,0.9583954679019908,right_wink
77,4555.384765999999,4417.94873,0.0,137.43603599999915,1.0311085629099184,103.33349699999962,1.6406998437633173,right_wink
78,4477.436035,6413.846191,0.10180401802062988,-1936.410156,0.6980890875248618,-2065.8972169999997,0.07380173372757987,right_wink
79,4700.0,4698.974121,0.02344536781311035,1.0258789999998044,1.0002183197807826,-49.486815999999635,0.8913295462768038,right_wink
80,4651.2822270000015,6221.538574,0.06242799758911133,-1570.2563469999986,0.7476096421611612,-1646.6669920000004,0.1874999699013206,right_wink
81,4801.538574,5528.205078,0.04688906669616699,-726.6665039999998,0.8685529039268395,-776.6665045,0.4006728712156955,right_wink
82,4612.307617,4575.897461,0.0,36.410156000000825,1.0079569431593085,-12.56396549999954,0.9600656162758083,right_wink
83,4720.512695,7072.820312999998,0.023446083068847656,-2352.307617999998,0.6674158943814245,-2453.8461929999967,0.15008871184719003,right_wink
84,5148.7177729999985,7080.512695,0.04668784141540527,-1931.7949220000019,0.7271673669388143,-1986.6665040000016,0.305112106679331,right_wink
85,4878.461426,7212.307617,0.04678797721862793,-2333.8461910000005,0.6764078412990964,-2331.794920999999,0.20339864337769276,right_wink
86,4661.538574,4573.846191,0.0,87.69238300000052,1.0191725692859006,43.589843499999915,1.1380993847274894,right_wink
87,5749.743652,4831.2822270000015,0.007814884185791016,918.4614249999986,1.1901071769037015,928.7177719999981,2.608347443005783,right_wink
88,4821.538574,7120.0,0.023446083068847656,-2298.461426,0.6771823839887641,-2411.5385745000003,0.18017781720920578,right_wink
89,4562.05127,6458.974121,0.0702359676361084,-1896.9228510000003,0.7063120527403023,-1999.999511000001,0.11624756405733054,right_wink
90,4753.846191,6749.230956999999,0.03126120567321777,-1995.3847659999992,0.7043537584188795,-2037.436034999998,0.18602747157515934,right_wink
91,4631.2822270000015,6178.461426,0.06241798400878906,-1547.1791989999983,0.7495850354443893,-1604.615233999998,0.17134537379486967,right_wink
92,4790.256348,5607.179688,0.007815122604370117,-816.9233400000003,0.8543076224669046,-870.2568360000005,0.36537000271352593,right_wink
93,4641.538574,4543.589844,0.03907608985900879,97.94873000000007,1.0215575642527122,49.23095599999942,1.1720436857787881,right_wink
94,4624.102539,4582.563965,0.015630006790161133,41.53857400000015,1.0090644831839244,7.948730500000238,1.025833367802284,right_wink
95,4570.256348,5394.3588869999985,0.03917407989501953,-824.1025389999986,0.8472288262121336,-854.3588869999967,0.24410166904897743,right_wink
96,4660.0,4597.94873,0.023446083068847656,62.05126999999993,1.013495424512922,18.974121999998715,1.0565741917346745,right_wink
97,4566.153809,5582.05127,0.007814884185791016,-1015.8974609999996,0.8180064259782409,-1094.615478499999,0.18639224542847277,right_wink
98,4646.153809,7418.974120999998,0.04678797721862793,-2772.820311999998,0.6262528663968097,-2866.9230949999983,0.11071337088304137,right_wink
99,5275.384765999999,4927.179688,0.0,348.20507799999905,1.070670261701241,347.4355475000011,1.5743950902094122,right_wink
100,4674.871582,4623.0771479999985,0.046890974044799805,51.794434000001274,1.0112034543966908,15.896973000000798,1.0425227630579252,right_wink
101,4968.205078,5978.461426,0.015630483627319336,-1010.2563479999999,0.8310173343920142,-1066.1538090000004,0.35951937325624667,right_wink
102,4573.846191,4581.025879,0.03126120567321777,-7.179688000000169,0.9984327335863976,-35.12841850000041,0.8857374723725241,right_wink
103,4777.94873,4605.6411130000015,0.02344489097595215,172.30761699999857,1.0374122978261677,144.61523399999805,1.4385686672748963,right_wink
104,5097.436035,4797.436035,0.01563096046447754,300.0,1.0625334028033582,256.66674799999964,1.4610779230520876,right_wink
105,4637.436035,5663.0771479999985,0.08586764335632324,-1025.6411129999988,0.8188897862070942,-1111.2822259999984,0.23400498683343254,right_wink
106,4633.333496,6098.461426,0.0,-1465.1279299999997,0.7597544974616685,-1525.6406260000012,0.18649172657722357,right_wink
107,4713.846191,7006.153809,0.015631914138793945,-2292.3076180000007,0.6728151164687055,-2436.666749,0.14671814413908868,right_wink
108,4671.2822270000015,6824.102539,0.07023453712463379,-2152.820311999999,0.6845269689755465,-2283.589354499999,0.14101091232854585,right_wink
109,4611.2822270000015,4566.666504,0.007815122604370117,44.61572300000171,1.0097698666983723,0.25683650000155467,1.0008170168270447,right_wink
110,4702.563965,5470.769043,0.007815122604370117,-768.205078,0.8595800568508847,-821.0253899999998,0.3323602732383235,right_wink
111,4976.9228520000015,5434.3588869999985,0.01552891731262207,-457.436034999997,0.9158252068897641,-583.3334964999976,0.4817766611001758,right_wink
112,4725.6411130000015,4627.692383,0.0,97.94873000000189,1.0211657824015745,66.41015550000066,1.1876808540022403,right_wink
113,4948.7177729999985,4774.3588869999985,0.007814884185791016,174.35888599999998,1.0365198532675786,147.17919900000015,1.270754136826737,right_wink
114,4661.025879,4634.3588869999985,0.03126072883605957,26.6669920000013,1.005754192251879,-17.948241999999482,0.952639927094126,right_wink
115,4653.846191,4662.563965,0.01563096046447754,-8.717774000000645,0.9981302617904138,-56.9228520000006,0.8654549934283765,right_wink
116,4514.871582,5783.0771479999985,0.07827186584472656,-1268.2055659999987,0.7807040207930495,-1368.7182614999983,0.1384764091477652,right_wink
117,4562.563965,6149.230957,0.05460524559020996,-1586.6669919999995,0.7419731014991702,-1675.8974609999977,0.13773090234361235,right_wink
118,4716.410156,6225.6411130000015,0.054505109786987305,-1509.2309570000016,0.757578226947821,-1587.6923820000002,0.21181255582874312,right_wink
119,4744.102539,4413.333496,0.1797490119934082,330.76904300000024,1.0749476655910528,346.66650349999964,4.011128872629857,right_wink
120,4630.769043,4631.2822270000015,0.05470609664916992,-0.5131840000012744,0.9998891918102055,-58.71826150000288,0.8470265882525954,right_wink
121,4612.820313,4592.307617,0.0,20.512695999999778,1.0044667512960292,-26.666991000000053,0.9220380293341347,right_wink
122,4550.769043,6932.820312999998,0.08607196807861328,-2382.051269999998,0.6564094895791079,-2503.5896004999986,0.08233078072422864,right_wink
123,4695.384765999999,7168.717773,0.00791478157043457,-2473.333007000001,0.6549825107754313,-2554.8715810000012,0.13281120148496972,right_wink
124,5326.666504,4754.3588869999985,0.0,572.3076170000013,1.1203753504105214,536.4101560000017,2.0533740391720423,right_wink
125,4634.3588869999985,4636.410156,0.02344489097595215,-2.0512690000014118,0.9995575738705199,-43.077148000001216,0.904761391626086,right_wink
126,4901.538574,6976.410156,0.007815122604370117,-2074.8715819999998,0.702587500504751,-2151.5383294999983,0.22585112498104662,right_wink
127,4567.692383,4529.743652,0.09378194808959961,37.9487309999995,1.00837767739533,10.256348500000058,1.040281716494863,right_wink
128,4674.3588869999985,4609.743652,0.07033586502075195,64.61523499999839,1.0140170994046414,12.307617999997092,1.0346318109612747,right_wink
