,num_above_peaks_AF3,num_above_peaks_AF4,variance_AF3,variance_AF4,label
0,2,2,1018036.0660776398,279507.93655160686,blink
1,2,2,1231626.3292786116,349671.4118121518,blink
2,3,2,118043.75589524566,19096.522998095956,blink
3,3,2,28557.79041379477,14243.486850860754,blink
4,3,2,1103468.947052885,45363.12814437209,blink
5,3,3,1377015.4007960702,63877.82692552138,blink
6,3,3,1334505.2187102498,66149.85196959868,blink
7,2,2,730845.15398872,128897.18573439537,blink
8,3,2,1109810.348833278,51064.69000422542,blink
9,4,4,74033.32390072153,31947.563812098066,blink
10,2,2,1217167.2000590104,52003.1307091212,blink
11,2,3,28207.951054905847,15295.241964916713,blink
12,2,2,24278.68293929634,8744.315398240167,blink
13,2,2,742140.6843854942,65610.39896553008,blink
14,3,2,933950.3467798084,283618.79590631416,blink
15,1,2,118641.0947744296,17056.496821058845,blink
16,3,3,911500.6400651016,130992.03283228408,blink
17,4,4,114233.96896051061,36190.224532237495,blink
18,3,3,720894.9138720107,108241.06152038403,blink
19,3,2,453218.89276894135,19526.440290612216,blink
20,3,3,65978.27717657587,24504.239455296265,blink
21,0,3,70293.98769055617,29952.36935468652,blink
22,3,3,27218.90404038595,11227.101742232138,blink
23,3,3,1584613.5511624268,117769.42888319232,blink
24,3,3,36161.91068994477,17925.88068719916,blink
25,3,3,49363.558078115144,22282.60364738847,blink
26,3,2,971516.5563912938,26514.463629376158,blink
27,2,1,63096.05284753214,6980.947776331159,blink
28,2,2,1007230.515349829,94831.35157640651,blink
29,2,2,737629.1676341397,29180.375879108386,blink
30,3,2,1311746.5824377825,304077.63749989704,blink
31,3,3,791831.1757306906,25795.49334055373,blink
32,2,2,553565.5752294696,158377.6023784377,blink
33,3,3,1289070.018277717,182515.0355420531,blink
34,2,2,327047.6249494356,12886.186875019057,blink
35,2,1,494094.3141008534,92147.6889841286,blink
36,2,3,91370.19605604798,30894.22586585376,blink
37,2,2,49458.27157821237,27423.821874699115,blink
38,3,3,677720.9705443338,14494.035839292308,blink
39,3,3,39572.396817521294,16209.153986686608,blink
40,3,3,28928.48798550784,12558.315139242543,blink
41,2,2,512285.5836379119,89718.9287879263,blink
42,3,2,1958247.8472245324,93489.93677407068,blink
43,3,3,62328.702793326775,27001.92731735635,blink
44,2,2,26627.964441849523,11800.048355462659,blink
45,3,2,1113985.309750312,361568.36206615734,blink
46,3,2,1400505.908434189,448135.03169741266,blink
47,3,3,1385796.769194669,71525.88340395073,blink
48,3,3,1065826.691052917,148154.01129083673,blink
49,3,2,1110830.475519734,47751.129110337024,blink
50,2,2,1051836.5246882162,34056.896455611386,blink
51,3,3,39415.21285345187,16982.086597235793,blink
52,0,0,171359.5742235085,77941.91347999615,blink
53,2,2,1309119.2743995003,213280.30010300205,blink
54,2,2,56794.69121562583,10998.632984499112,blink
55,3,3,43897.00487353652,18700.76710288623,blink
56,3,3,53040.636520409826,18865.72296472054,blink
57,4,3,63522.92928870806,23516.307727757714,blink
58,3,2,34712.33453082739,15065.34833252513,blink
59,4,3,71386.27681272077,28419.666119483958,blink
60,3,3,149104.41923429325,19457.33235753136,blink
61,2,2,1016325.9013477885,153493.58394310976,blink
62,3,3,2231734.6172723216,94865.08313044035,blink
63,2,2,30508.83338506123,11765.253167928971,blink
64,2,2,223247.87458365934,73008.32942994092,blink
65,2,2,102225.44726655436,42282.883578687826,blink
66,2,2,32157.978920335263,6846.623872537141,blink
67,3,3,25729.055960090627,11632.484772464912,blink
68,2,2,40131.19062915127,16965.521175843176,blink
69,1,1,106534.96116220772,44467.148813431806,blink
70,3,2,1118458.912166606,48966.77916981297,blink
71,3,2,1282613.8325915413,52064.60466470948,blink
72,2,3,23012.40613345761,10024.06100776622,blink
73,0,0,117115.98950304817,126850.31616425964,blink
74,2,2,47914.58614704151,24399.92993461046,blink
75,2,2,49255.71049038809,10861.64306384851,blink
76,2,2,1030392.0158409579,184678.0828104879,blink
77,2,2,754376.5408294427,29523.671550391755,blink
78,2,3,88837.26562152382,34136.77033522472,blink
79,2,2,19717.450752594952,11124.585851421463,blink
80,2,2,31336.557200974956,15732.353017439675,blink
81,3,2,1331002.9593551196,338799.39123690996,blink
82,2,2,159274.0119342223,12252.967541540123,blink
83,2,2,954718.797811591,233034.44069173312,blink
84,3,2,1355229.2501687815,297372.05234705424,blink
85,3,2,693611.8617026204,74722.03051335971,blink
86,3,3,33399.053999601216,11883.769198092396,blink
87,2,3,296387.1036429928,17576.089290364605,blink
88,3,3,52144.39000718185,18127.89012079211,blink
89,2,2,87120.98447981592,23567.013687906066,blink
90,2,2,863430.6374402303,321774.33935727656,blink
91,2,2,17744.220001510508,10928.994315274724,blink
92,3,2,59510.64394057207,31458.39036719308,blink
93,3,3,31826.25900179675,11241.828593451142,blink
94,2,2,841345.7525158956,287423.01582449634,blink
95,3,3,1425510.924317379,197022.9722477646,blink
96,3,3,63804.530420339506,27388.59299834491,blink
97,3,3,1358561.1794344734,74360.35759610125,blink
98,2,2,764946.9135611751,72767.23284378435,blink
99,2,3,532304.9092412482,23237.15276738946,blink
100,2,3,31522.665161419416,14504.100604511761,blink
101,3,3,777944.4397251846,22459.822772830557,blink
102,3,2,1416567.6836113385,46298.61913895272,blink
103,3,2,1030995.1148741394,99484.6794289671,blink
104,3,2,928121.7278583774,320085.36860738194,blink
105,3,3,29922.982498977904,10286.936721550466,blink
106,2,2,256046.18764201697,46828.55759164648,blink
107,3,2,1129575.9663895501,292143.501364081,blink
108,3,2,1127299.4029624427,202321.91711397775,blink
109,3,3,66629.87530321571,27394.822831579913,blink
110,2,2,1143100.1546216046,168392.5783628747,blink
111,3,3,85839.56193812325,28196.02305395683,blink
112,3,3,1136174.5630305652,177390.47393752553,blink
113,3,2,875412.445108428,90847.7515920254,blink
114,3,3,1777992.1471903564,119817.04313766153,blink
115,3,3,26819.94121051555,8432.086595893774,blink
116,3,2,34124.18891897235,15991.340184953384,blink
117,3,3,1308857.2234595597,47863.95271873139,blink
118,4,4,2174769.687874207,108449.74260325245,blink
119,2,2,26330.440221884208,12564.237411416938,blink
120,2,2,973048.2428333751,30995.966545023195,blink
121,3,2,1539807.0897944532,157373.00632579112,blink
122,3,3,1025869.0347763874,95260.46932210447,blink
123,3,2,1133852.2111558837,122664.91661475113,blink
124,3,2,1081777.4732922364,194764.8906061033,blink
125,3,2,30321.2831608663,10967.60765814361,blink
126,2,2,808681.9030752839,171754.880082195,blink
127,0,1,89771.24814020559,38371.544790858774,blink
128,2,2,34504.931136807645,6725.717508628465,blink
129,3,3,461015.5051512602,93185.42626009614,blink
130,3,2,797702.3125979148,25299.546971175256,blink
131,2,3,26897.46021623091,11755.76933720699,blink
132,2,3,35379.994638039214,18687.74023077496,blink
133,2,2,45813.80785739664,17958.69924875022,blink
134,3,3,1261904.9625272565,80436.23624486905,blink
135,3,2,795999.8754170699,23233.194951962676,blink
136,2,2,1150190.794125136,55729.04444761436,blink
137,2,2,962231.6005827758,33086.103683072266,blink
138,3,2,1058597.8362794127,273894.7806328417,blink
139,3,4,41132.711391979756,18907.720738256303,blink
140,3,3,19255.89787848015,6705.7943686867575,blink
141,3,3,31631.605862646302,16023.910024222578,blink
142,2,2,766481.5787767676,29463.756605093145,blink
143,3,2,1433757.7931045028,56580.6405498243,blink
144,2,3,290512.75810703106,17172.84937021374,blink
145,3,3,1262249.8673749452,332197.13299470244,blink
146,2,2,34821.28418734549,16739.795989843416,blink
147,3,2,1006595.1604096182,174809.69171565087,blink
148,3,2,1481393.7706292025,89556.06457367333,blink
149,3,3,45686.06609987814,20328.543819002487,blink
150,2,1,879204.6749219385,138745.2395797326,blink
151,2,2,30073.17950276846,15898.02273770795,blink
152,3,2,902443.1893405723,196166.3569119219,blink
153,3,2,1163039.2130145493,72646.84859503976,blink
154,3,2,101082.91895717435,20485.911056855588,blink
155,2,2,39946.48249464984,10327.40599302756,blink
156,3,3,23440.905371404922,11158.037741542332,blink
157,2,2,22676.84170905534,10634.935894070113,blink
158,1,3,99338.0807125311,38231.06290074375,blink
159,3,3,990315.6396213729,49564.13131735766,blink
160,2,2,90390.71824257115,12748.907532801515,blink
161,3,2,1255496.625024737,38148.32824676512,blink
162,3,2,718470.3694149561,24824.617372158133,blink
163,3,3,1340909.8542071835,258156.7643954529,blink
164,2,2,1496753.224975707,385885.21991468937,blink
165,2,3,95172.93428527615,39790.34381128821,blink
166,2,3,33406.152716901815,14124.158668800323,blink
167,2,2,21127.84445388062,9900.511528856243,blink
168,2,2,874763.7883041272,72555.61101358732,blink
169,3,3,1301031.7820325862,386090.8072713271,blink
170,2,2,30531.531744431908,9677.738987186098,blink
171,3,3,22167.437321575435,11710.266502708246,blink
172,3,2,988181.1251273736,36061.70532920491,blink
173,3,2,1492714.6914569961,555188.6727651489,blink
174,4,4,101379.61983243047,34367.44646979822,blink
175,2,2,22013.669455562063,8819.344352868695,blink
176,2,2,27191.228830236945,10413.552942829567,blink
177,3,3,22880.913652191946,11775.239701670977,blink
178,3,2,1234941.3843424222,58609.95212157111,blink
179,3,3,43254.854460633105,17530.01146501737,blink
180,3,3,18492.5194463694,6219.216061311383,blink
181,3,2,1061356.4814139495,39209.55364647992,blink
182,3,3,56307.480979972956,22315.215658319772,blink
183,3,3,1344900.6494875983,567217.7494427025,blink
184,3,2,1222273.3103333383,33112.187918669115,blink
185,3,3,1118948.6740761036,107613.24859286504,blink
186,3,3,22148.897100816415,10782.319103599646,blink
187,3,3,883019.377287963,36998.00745142653,blink
188,3,3,1015700.2713183941,217444.45799700954,blink
189,3,2,840393.850959081,235013.35630600835,blink
190,2,2,916787.1793848521,34164.28905822815,blink
191,2,2,90824.88166919429,18972.043766658302,blink
192,4,3,89793.8372915694,31818.6964884444,blink
193,3,3,26435.2984865002,13225.946157337385,blink
194,2,3,42731.147745900416,18515.67324096143,blink
195,3,3,1031915.732286953,333729.2792173726,blink
196,2,2,26114.92986694901,12750.899291816115,blink
197,2,2,23700.334894375734,11219.12776314662,blink
198,2,2,784850.1318162018,30529.99998457136,blink
199,2,2,837420.4187559946,118038.00674138928,blink
200,2,2,30178.814935547955,12336.10320239275,blink
201,3,2,1309000.6119822566,58489.74200628589,blink
202,2,2,366856.739030124,18229.776088401435,blink
203,2,2,399757.38133417914,17974.333806622024,blink
204,3,3,1503713.9004352246,111657.26022188383,blink
205,3,2,1285361.917905281,48295.568197974484,blink
206,3,3,1363726.465135314,57997.55043173558,blink
207,3,2,23727.12067830518,8929.888370561712,blink
208,2,3,35942.007241545034,15483.893563968048,blink
209,3,3,1520351.4291805068,98213.49069506809,blink
210,3,2,750118.6121202218,148861.07383638123,blink
211,3,3,67720.58203747304,26030.563308022964,blink
212,3,3,22007.8733211252,11366.769057122552,blink
213,2,2,661679.0859751755,33535.49983210913,blink
214,2,3,95900.67251286015,33863.3808009394,blink
215,3,3,30505.815937719537,15803.172124989578,blink
216,2,3,576981.076693516,51092.18145469377,blink
217,2,0,68800.09729708334,41983.054258906785,blink
218,3,3,24193.94345489117,10057.294361824483,blink
219,3,2,1144951.4171947816,373497.3464070868,blink
220,2,3,67307.09613177627,11873.115760666115,blink
221,2,2,1299357.4504581704,53225.44144688813,blink
222,3,3,1615722.2421939548,75029.12004228999,blink
223,2,2,743150.3567239017,115910.28401539531,blink
224,2,2,403345.5802101326,52919.02097640164,blink
225,3,2,1385372.624208039,279946.11631677405,blink
226,2,2,911995.8881526784,151585.81286121867,blink
227,2,2,173634.65653423604,17623.733339143262,blink
228,2,2,33866.036823823044,18265.894687454238,blink
229,2,2,791373.6971341394,34159.12019554536,blink
230,2,3,40115.69853701098,17789.014767154087,blink
231,3,3,27116.04209284685,11850.584493090435,blink
232,2,2,1434049.661087974,321609.3810518216,blink
233,2,1,844556.0882751923,175913.82042549728,blink
234,2,2,19194.570628392783,6391.885416277869,blink
235,3,3,1197660.2798745132,135842.3195890626,blink
236,2,2,690849.8749284005,92179.72086984255,blink
237,2,2,877469.7016314329,17323.001673395134,blink
238,3,3,1941887.5653242636,114872.25521937586,blink
239,3,3,18986.126798167625,9402.499641260802,blink
240,3,3,44745.58807986142,18127.07193841803,blink
241,3,2,958082.6882117607,24647.833855424684,blink
242,2,2,454375.63057684305,62558.123512851605,blink
243,3,2,27306.44190836675,13691.73617834148,blink
244,3,2,1302416.7863555439,44072.95281994955,blink
245,3,3,31121.407745735996,15185.13604032588,blink
246,2,2,964762.3090155306,33815.839697867916,blink
247,3,2,34016.906369204175,17736.30610907078,blink
248,2,0,95422.4333353099,91605.3185218203,blink
249,2,2,40684.979624777145,12883.292502879713,blink
250,2,3,24888.038241163136,11090.322699314533,blink
251,4,4,77036.48418386928,30878.910667804656,blink
252,3,2,1281509.7747950857,53293.99986762127,blink
0,1,1,34674.47034187246,9603.351749527244,double_blink
1,4,3,1169712.2498679978,26840.73126152076,double_blink
2,3,2,30557.040702238344,12818.548305956863,double_blink
3,2,2,1439570.8805547461,48174.228790130765,double_blink
4,2,2,1057667.4913272057,28764.090241764934,double_blink
5,1,2,28815.07207056808,10818.760602655428,double_blink
6,3,3,56322.22026829919,16880.268800470574,double_blink
7,3,3,49906.06270669909,11019.156551544143,double_blink
8,3,3,54195.17355148148,20229.59095104782,double_blink
9,3,3,28042.20002571595,11683.297393733315,double_blink
10,3,2,1611396.2072401943,45239.612187133906,double_blink
11,0,3,3327618.5301526072,110009.47196263103,double_blink
12,4,3,17857.81354435564,4007.0886382889466,double_blink
13,2,4,18986.988146478994,5388.437275906188,double_blink
14,4,4,31929.87321868432,13108.873015803874,double_blink
15,2,3,18019.639377224747,5424.209747333326,double_blink
16,3,3,12676.008310416742,3466.9271868582214,double_blink
17,2,3,42554.51313891098,14043.595983540466,double_blink
18,0,0,79251.94003963741,6435.282601710852,double_blink
19,2,2,14433.85841964565,5855.066520084051,double_blink
20,3,3,24308.91602147498,9936.129225329414,double_blink
21,2,2,45567.197413155074,11580.051167637597,double_blink
22,3,3,32207.163761541025,14933.423127243677,double_blink
23,3,3,47306.265579377665,19440.58105187191,double_blink
24,2,2,37037.27540178634,9161.716058428723,double_blink
25,3,2,1500192.1516894305,40174.97257642953,double_blink
26,2,2,22968.403635356837,8234.80931572319,double_blink
27,3,3,25146.149590375917,11394.447666644892,double_blink
28,3,2,44992.07097327741,11542.501082956282,double_blink
29,2,2,69673.62546262018,19240.28797832714,double_blink
30,2,2,83528.93681967742,8464.972145139274,double_blink
31,3,2,24819.39427104776,10837.854227101096,double_blink
32,2,1,43147.154687160146,28610.32120721038,double_blink
33,2,2,92988.19776328071,6146.364632949298,double_blink
34,4,2,11542.522808641663,4434.499766967338,double_blink
35,4,3,37090.35645975367,15739.140348246745,double_blink
36,3,2,733037.8941845484,24847.933969923204,double_blink
37,2,2,160763.73106143714,14081.534130823835,double_blink
38,2,2,39811.0495312143,10079.839437258817,double_blink
39,4,3,27770.28494174096,11696.589625756598,double_blink
40,3,2,1230335.1076552463,22263.135506805564,double_blink
41,1,1,101320.9325410734,28462.245352497615,double_blink
42,2,3,114488.86873402882,7438.197270356583,double_blink
43,2,3,945468.8400633998,15967.81869971825,double_blink
44,2,2,1219191.0035171602,29816.983032257183,double_blink
45,4,3,1167649.1595833704,43252.19488743705,double_blink
46,2,2,2365933.6495705224,114163.76644169271,double_blink
47,3,2,65818.22985431904,27929.709078797332,double_blink
48,3,3,33128.804876192924,10302.448204288272,double_blink
49,4,3,12619.202895445527,3599.4846258903904,double_blink
50,2,3,63571.24793730542,20326.001366175624,double_blink
51,4,4,19589.095973131698,5655.269178260136,double_blink
52,2,2,952987.316795159,25510.397900407886,double_blink
53,3,3,20767.676317736834,7756.293584241987,double_blink
54,2,2,8391.610437215335,2415.8771809088344,double_blink
55,0,2,3193402.6610560706,78240.18713001675,double_blink
56,0,2,3034141.228543511,57673.09876355593,double_blink
57,2,1,12625.097429289237,3904.2185946576756,double_blink
58,2,2,11900.86804704678,4640.488017979395,double_blink
59,3,3,33618.4795896005,10079.286556445222,double_blink
60,3,3,16194.091733437366,5149.207900396361,double_blink
61,3,2,18282.974345355928,6306.464419275819,double_blink
62,4,4,19030.501781538514,5640.615350910714,double_blink
63,0,3,3185236.2785302424,105861.91611691866,double_blink
64,3,1,1343505.272581726,21270.933903315366,double_blink
65,3,3,26117.291608251988,10444.24363813974,double_blink
66,3,3,41296.310051036846,17637.527011606282,double_blink
67,3,3,31364.81189616704,8348.28349457495,double_blink
68,3,2,15602.855816741545,6772.324292393677,double_blink
69,2,3,57732.15771634045,20012.00052704817,double_blink
70,3,4,30497.193236013878,7314.676709579428,double_blink
71,3,3,23707.87229676471,6230.401098792272,double_blink
72,4,3,33029.03614312707,13947.856528570486,double_blink
73,2,3,50457.7560213577,15614.653444192401,double_blink
74,2,2,45350.85904901154,18365.719321653178,double_blink
75,3,2,43510.68210649496,19526.96782835115,double_blink
76,3,4,37886.46128007642,16079.926411624305,double_blink
77,2,3,60923.11370842219,22570.74242979765,double_blink
78,1,1,60931.677060892405,9985.775471850553,double_blink
79,2,2,909030.0434737817,45442.827293211696,double_blink
80,3,3,50144.12209409585,18426.816168486825,double_blink
81,2,1,48863.39368097222,29543.44189119145,double_blink
82,3,3,30072.68832036707,12416.964016142127,double_blink
83,3,3,42655.317925392024,10870.778712421072,double_blink
84,3,3,38268.44783151767,15985.850941228571,double_blink
85,2,1,30636.280116020826,16634.38982226989,double_blink
86,3,2,1669043.9552912216,63269.83875389903,double_blink
87,3,2,16738.613639359184,5389.341355529088,double_blink
88,3,1,28791.888787275097,15484.133324411223,double_blink
89,0,3,3449273.0401934963,89672.29244096333,double_blink
90,4,4,25916.0256289124,5761.936142096221,double_blink
91,3,2,1758697.1079116596,61702.09771294383,double_blink
92,4,2,1606166.1088845409,35333.771023335394,double_blink
93,3,3,25504.9289596791,10772.625527651191,double_blink
94,4,3,38515.90808869581,15377.233773163363,double_blink
95,3,3,29218.158708420917,7368.238734534193,double_blink
96,3,3,33598.054910804225,14991.835203677352,double_blink
97,4,3,50524.67904003385,17598.554244612453,double_blink
98,4,4,42404.45472114177,18058.58450448156,double_blink
99,2,0,34559.61763630555,54783.48156858167,double_blink
100,2,2,64630.27115566344,13120.62211882399,double_blink
101,3,2,1735622.6813407426,50438.18057299873,double_blink
102,3,3,37186.270370595485,9899.436552579615,double_blink
103,3,2,47402.13498906736,9776.310238353011,double_blink
104,2,2,25885.618334290026,11215.576606872966,double_blink
105,0,0,84162.10077419339,170938.6116558137,double_blink
106,0,2,2628373.457479124,88538.56093139513,double_blink
107,3,2,582493.362754786,10499.342517296238,double_blink
108,2,3,186428.26700097637,11754.830155748754,double_blink
109,2,2,479417.995888738,18544.57573540594,double_blink
110,2,2,46961.72653790111,17800.946331089664,double_blink
111,3,3,32041.965334780805,13611.805919644707,double_blink
112,3,3,40663.63406632274,9152.769057610882,double_blink
113,2,1,62123.45779877017,50493.239482666395,double_blink
114,3,3,19385.292067063132,6548.3372779421525,double_blink
115,3,4,2498881.0976892808,53528.03571981596,double_blink
116,2,2,1597256.0548733156,46458.54197105508,double_blink
117,2,3,55926.77400454036,10242.417700451497,double_blink
118,3,3,32369.901764556595,7891.75245153809,double_blink
119,3,4,49716.672154134176,21946.1388724402,double_blink
120,2,2,27239.294130342503,8614.563933205414,double_blink
121,3,3,89784.07435700436,29570.964959623514,double_blink
122,3,4,3030845.490604047,98528.89388676119,double_blink
123,3,3,57317.34210548036,15052.13994062399,double_blink
124,4,3,25129.99069977787,10422.16095402939,double_blink
125,4,3,36382.14595526761,13932.269835741621,double_blink
126,3,3,30658.51314791052,13326.039110553254,double_blink
127,2,2,66023.79267748652,26838.010642622216,double_blink
128,2,3,24054.305781024676,7346.5545396201915,double_blink
129,2,2,58182.67719553648,27121.687590098474,double_blink
130,3,3,50740.863088387814,17564.70949188556,double_blink
131,3,3,57383.18646248644,26145.782926708634,double_blink
132,2,2,42976.537060940704,14229.727281761017,double_blink
133,2,2,655591.3987436814,18628.406280180552,double_blink
134,3,3,44685.68848378114,12036.60762332249,double_blink
135,2,2,15166.611073864004,6975.799469250087,double_blink
136,3,3,34699.8956126713,6974.396867232207,double_blink
137,2,2,9898.22975504483,5348.878217673999,double_blink
138,2,2,35253.9538119149,14768.407956834613,double_blink
139,4,2,26390.926151883752,8917.010293918049,double_blink
140,3,2,56516.66902679627,11679.428969190212,double_blink
141,2,1,26012.07673308795,8509.898874206561,double_blink
142,2,2,29580.313365414,7747.860023579881,double_blink
143,3,3,32833.91043951439,12608.464709844347,double_blink
144,2,3,62689.67343604602,12371.205919462114,double_blink
145,2,2,12720.256528299613,4303.626878492973,double_blink
146,3,3,44916.845070151976,14930.377835492416,double_blink
147,2,2,22117.18179373124,6321.788080606211,double_blink
148,2,2,16938.33742465822,7527.6425414459145,double_blink
149,2,2,139977.7725854509,12647.176670505483,double_blink
150,4,3,26959.155462948387,10658.62009157937,double_blink
151,3,3,35431.864810131745,13408.817755654967,double_blink
152,2,4,39708.474973608725,9505.630881431907,double_blink
153,2,4,87750.30943937604,23367.386148863126,double_blink
154,2,4,37008.84471451551,9592.328781778144,double_blink
155,2,2,115336.20756526852,30397.4481793277,double_blink
156,3,2,50316.31744824395,8468.99561870735,double_blink
157,4,4,37505.34745852383,10385.852402969853,double_blink
158,4,2,1643197.1566375252,78663.12836565037,double_blink
159,2,4,39631.77482895199,15257.302738089487,double_blink
160,3,3,29419.644782991476,12221.590794062266,double_blink
161,3,3,20248.289099843267,6293.0778130408735,double_blink
162,2,2,32144.603971000502,8932.458256799939,double_blink
163,2,2,60409.6915970145,10492.510701040848,double_blink
164,3,2,1664578.6779340287,45377.565450462185,double_blink
165,3,3,16357.51680733173,5677.320064628232,double_blink
166,2,2,63159.8674920529,93283.30943857793,double_blink
167,3,0,37490.01960735098,21674.869150395076,double_blink
168,4,2,1052083.6908782132,40362.16034905314,double_blink
169,4,3,2248829.8596928,48244.413421182464,double_blink
170,3,0,25073.071523743958,11141.50311396315,double_blink
171,3,3,24963.62026076155,7870.382250596752,double_blink
172,3,1,641067.2288132786,15557.412898789205,double_blink
173,4,4,30457.001000636683,12495.365395604213,double_blink
174,3,2,652336.2117200161,18485.541523540556,double_blink
175,3,3,72400.16066339167,26554.84616983435,double_blink
176,2,2,1014502.8457958222,17549.781444390366,double_blink
177,2,3,28936.052070041915,10429.658031205317,double_blink
178,4,4,45893.755682337905,17653.252722813148,double_blink
179,4,1,18148.173614693867,7071.2329331086685,double_blink
180,3,3,66238.7136310152,28705.186735901378,double_blink
181,2,2,15742.933001350246,4700.952015339387,double_blink
182,3,3,40053.04014529121,15019.989934135905,double_blink
183,3,3,27072.9944385954,6285.638486113608,double_blink
184,2,3,22256.804491302908,6034.827398810182,double_blink
185,2,2,31854.60214278441,9049.960636004256,double_blink
186,2,4,33477.25509288323,8041.700255818626,double_blink
187,2,2,16110.512099113634,7496.066763521948,double_blink
188,4,4,34328.929360812814,14178.994108621506,double_blink
189,2,2,33231.967760929256,11383.68264547927,double_blink
190,3,3,62465.70376369991,10685.517987861655,double_blink
191,2,2,34813.89631760243,10465.77413541298,double_blink
192,3,4,60237.25993413915,24746.30363368748,double_blink
193,2,3,76778.0226064434,12670.634945562173,double_blink
194,0,2,3004375.5150760342,74613.26289444046,double_blink
195,3,3,42977.142272865334,18776.827687404068,double_blink
196,4,3,31004.86292864395,8625.710132213779,double_blink
197,2,2,35504.04687000989,14084.443301216781,double_blink
198,2,2,100243.57702572262,25017.507650845153,double_blink
199,2,1,73568.95866761981,20452.921846791665,double_blink
200,4,4,46348.804470026465,9769.764338572611,double_blink
201,2,1,31692.516435399142,6892.50124462447,double_blink
202,1,2,117984.07797494529,8072.2939614329725,double_blink
203,3,2,48196.30823659792,19963.93607125203,double_blink
204,3,3,37959.0221041283,14326.755714121518,double_blink
205,3,3,51729.266787844856,20657.67232303079,double_blink
206,3,2,1210591.6728707987,17065.01855916055,double_blink
207,2,2,18743.52897575554,8035.598720831546,double_blink
208,2,2,27645.1395066055,8827.956583450154,double_blink
209,3,3,37295.512905731244,14953.646041842645,double_blink
210,2,2,25932.438239153787,8360.98078999775,double_blink
211,4,3,39783.20945348993,10243.81935122788,double_blink
212,0,1,85793.23480004827,22815.971826179175,double_blink
213,2,3,21536.554655978245,5890.488212229185,double_blink
214,2,2,59443.50012160416,15670.089479524677,double_blink
215,2,2,46702.07032574808,7829.635902685291,double_blink
216,3,3,1033012.4076396329,13184.395690308002,double_blink
217,2,1,34423.08093517901,13914.330519357502,double_blink
218,3,3,19274.397017691852,5473.76285812644,double_blink
219,3,2,1820410.400353373,43008.31818292479,double_blink
220,2,4,23446.581747589196,7095.924782324147,double_blink
221,3,3,15307.670831346091,5152.676441218845,double_blink
222,3,3,28992.02921351694,8234.392241238673,double_blink
0,2,2,575474.3245119832,2235.9217189361357,left_wink
1,3,3,1136685.7540480488,7640.363581091671,left_wink
2,3,3,730798.4856335351,3794.57838692467,left_wink
3,3,3,106634.50259492834,2271.807171030892,left_wink
4,3,2,688143.2939364752,21454.103284390276,left_wink
5,4,3,2004272.4139194875,258124.13919596447,left_wink
6,2,3,663970.8753266338,2009.811719602679,left_wink
7,2,2,397551.52244958165,76373.5444860947,left_wink
8,2,0,468457.97663554957,16305.620025872058,left_wink
9,3,2,1714620.840905486,154585.0217731872,left_wink
10,2,2,209548.88895213156,64262.54063379869,left_wink
11,3,0,523807.2434413316,128821.36613745235,left_wink
12,3,2,1525267.0618460742,139439.26210901662,left_wink
13,3,2,1494692.0102119711,167246.58907178283,left_wink
14,2,2,1558802.7634615267,129543.85795702582,left_wink
15,2,2,360447.9717854525,5794.344184883104,left_wink
16,3,4,1661280.166590432,4644.694941744574,left_wink
17,3,0,524463.956183656,39709.46689981179,left_wink
18,2,0,477069.9762027599,20364.08629145188,left_wink
19,3,2,1281981.8594020407,149906.13968898042,left_wink
20,3,2,1097306.579187048,97454.90067791089,left_wink
21,3,2,1672231.8053482375,150461.75051476964,left_wink
22,2,2,15667.81971443443,5433.1306299441785,left_wink
23,3,2,2092172.8697139644,237431.9339025038,left_wink
24,2,2,926136.7838726552,3881.485837234624,left_wink
25,2,3,248637.1320289544,5434.304175092502,left_wink
26,2,3,783505.4275281351,4317.228436971266,left_wink
27,2,2,106627.42008228117,3107.2857987740144,left_wink
28,4,3,1912570.7224401473,187977.89933037543,left_wink
29,3,2,752412.0745544585,11130.656533028698,left_wink
30,2,2,1648031.3688716271,151483.92279106347,left_wink
31,3,2,585183.2315887135,4509.9998675449015,left_wink
32,2,3,473432.97984881443,2171.3381374934565,left_wink
33,2,2,25926.92983444356,2772.992929050629,left_wink
34,3,3,1680690.7122843093,171967.3841650462,left_wink
35,3,2,1097761.5254966647,3905.5549299053755,left_wink
36,3,2,1261421.0405118628,106873.051541876,left_wink
37,3,2,1017375.9246680966,72223.1693187606,left_wink
38,3,3,603264.7517098045,11392.23964355004,left_wink
39,2,2,253846.87701538918,60492.905707241785,left_wink
40,2,3,349290.67300882406,2370.6829878314184,left_wink
41,2,2,224554.60698309614,58041.67543492657,left_wink
42,3,3,1700915.803347968,150138.6835676548,left_wink
43,3,4,935693.3643026968,3689.523097282336,left_wink
44,3,0,592135.7472274656,37485.646904744644,left_wink
45,3,2,1532475.8868598528,163370.8298323055,left_wink
46,3,2,161362.58809123404,34773.08774310477,left_wink
47,2,3,659344.3470415054,3076.5899113156124,left_wink
48,3,3,1053850.5615226096,2738.5159726432844,left_wink
49,3,2,1074130.7706784056,2672.0332178986687,left_wink
50,3,3,885587.3023968708,4817.055634023289,left_wink
51,3,2,945424.1666869025,125529.78397096903,left_wink
52,3,3,1692448.049839058,180620.9546402343,left_wink
53,3,3,278066.4746319654,95791.37060961455,left_wink
54,4,3,1915112.474588652,207837.67730484635,left_wink
55,2,3,393555.4726528497,3070.4751252147757,left_wink
56,3,3,1460742.4268156565,83213.04517706735,left_wink
57,2,3,439892.4158001799,3369.7022074923752,left_wink
58,3,2,2029173.3032676692,183515.39505148615,left_wink
59,3,4,930516.2400427063,2083.9362505747495,left_wink
60,3,2,1664227.3534961974,226122.472804449,left_wink
61,3,3,794721.4871281633,2222.6095883809144,left_wink
62,3,2,1825802.2040074663,187084.14690012296,left_wink
63,3,3,1850985.8283777193,179160.7406778877,left_wink
64,2,2,659996.1146217085,3601.8860177805873,left_wink
65,3,3,1513789.1708131179,121759.51260739153,left_wink
66,4,2,686838.1493152758,3287.4272444946023,left_wink
67,3,2,1086445.2292129598,4751.838753091853,left_wink
68,2,2,887130.799005502,2267.5824979316103,left_wink
69,3,2,1595114.3461463454,106636.06785039009,left_wink
70,3,3,1264964.5528919578,152682.0055433828,left_wink
71,2,4,461967.6156904067,3079.343378373019,left_wink
72,2,3,951901.5087475708,2280.6826932511644,left_wink
73,2,2,57399.18494238321,3577.673952951631,left_wink
74,2,3,988366.2176955637,2866.4524388687587,left_wink
75,2,2,454810.74235502596,88484.63546706921,left_wink
76,3,3,737203.2767617812,24060.6875954401,left_wink
77,3,2,1315995.4391497062,132931.70058031855,left_wink
78,3,2,1987163.4843005643,199949.23204129632,left_wink
79,2,2,48420.81779350866,2293.576252476529,left_wink
80,2,3,84502.98854503351,2805.1546749420727,left_wink
81,3,3,1694496.8678751327,102120.26206704501,left_wink
82,2,2,1069896.058607004,7075.065820904828,left_wink
83,2,2,827263.3751559595,17056.05834478934,left_wink
84,3,3,910934.9823329378,2728.5557841486802,left_wink
85,2,1,466859.6209410602,10001.92167856166,left_wink
86,2,3,606599.5134401838,71795.74370981209,left_wink
87,2,2,183933.2751269523,76418.47103104462,left_wink
88,2,2,544689.5501408332,14974.437042811605,left_wink
89,2,2,1111774.3171761504,4859.456828245903,left_wink
90,2,3,1052211.2482284023,3871.6141131961895,left_wink
91,3,2,1919646.6977846203,197077.52595547395,left_wink
92,3,0,351327.96639798157,17545.753101264236,left_wink
93,3,2,772057.4384708456,3316.0086138720535,left_wink
94,3,3,186664.67443358424,63220.95956758233,left_wink
95,2,0,412196.1181255006,17414.578187309184,left_wink
96,3,1,156720.6288722471,48711.78791109082,left_wink
97,2,3,562879.7767429677,21522.78415083208,left_wink
98,3,3,890199.7098684561,3082.1560125493343,left_wink
99,2,2,124399.18665368168,31295.170328607408,left_wink
100,2,3,653691.5440266385,4248.6073905056655,left_wink
101,3,2,1904523.5475551134,189343.83184993797,left_wink
102,3,2,1503703.7072418327,156762.80279034137,left_wink
103,2,2,688784.7129794359,3031.426537908922,left_wink
104,3,2,985573.7038962864,3632.9316166959034,left_wink
105,2,3,954027.4791500573,12417.968012716085,left_wink
106,3,2,863004.6189826357,3082.361275837184,left_wink
107,2,2,441660.1474206489,1437.4466716859886,left_wink
108,3,2,1553333.4495981135,111043.28804369473,left_wink
109,2,2,319427.2578399005,2603.72086763467,left_wink
110,3,3,143762.2034234362,41307.03842195127,left_wink
111,3,3,1434150.572490655,3779.557716224286,left_wink
112,3,2,1485618.64949097,83819.55198698575,left_wink
113,3,3,861536.2001836402,2417.598969976281,left_wink
114,3,2,947697.1028128442,13261.294700463533,left_wink
115,2,3,341535.81026557344,3281.3187076993963,left_wink
116,3,3,861835.7356922731,5019.320160763957,left_wink
117,2,2,51245.5559272331,4553.803540445474,left_wink
118,3,3,772596.4612071151,3230.520442357907,left_wink
119,3,3,727391.039264368,3863.9023668437367,left_wink
120,3,2,976749.6077416106,3324.2573714901096,left_wink
121,3,3,929561.9769200912,6148.0531350222,left_wink
122,2,2,147238.69712782803,16491.739075367834,left_wink
123,3,2,1134949.3709796236,97121.86024099636,left_wink
124,4,3,1451511.288186526,76454.523450573,left_wink
125,3,2,1621234.1610149757,182586.58948788242,left_wink
126,2,2,331636.91291676013,3103.95277392313,left_wink
127,3,2,1009340.9130483653,111746.45484936918,left_wink
128,3,3,729687.3357732855,2205.236570115735,left_wink
129,3,2,1382699.7519310557,15605.408773216039,left_wink
130,2,3,893787.4681908787,2170.283472224861,left_wink
0,2,2,4835.202754125002,196106.99456540955,right_wink
1,2,2,3591.5358067129164,173781.3112850261,right_wink
2,3,3,13516.679850936765,13634.674146895148,right_wink
3,3,2,7604.836925866832,425671.198978486,right_wink
4,2,2,4104.762067034021,279968.62087806466,right_wink
5,3,2,3356.828814259301,4331.714066933192,right_wink
6,2,2,29265.381832194576,264730.2106715426,right_wink
7,2,3,1640.3321662207481,2363.4376208528756,right_wink
8,2,2,4312.6072510734575,5958.657736801532,right_wink
9,2,2,11041.478697062967,11911.86183502172,right_wink
10,2,2,5777.553305386927,4649.826841745734,right_wink
11,2,2,3719.583242835934,4392.656924151013,right_wink
12,2,3,10266.311496181674,3937.9722499696645,right_wink
13,2,3,2125.545414210468,122083.31866412303,right_wink
14,2,2,2324.8003653067512,106474.87108493286,right_wink
15,2,3,9947.824264088893,8823.471534160528,right_wink
16,3,2,8766.085585771802,2620.300672618155,right_wink
17,3,3,3139.163267392236,4810.37742410751,right_wink
18,2,2,2914.6961072671834,3466.691397624649,right_wink
19,3,3,9296.060117076031,5054.8645950894115,right_wink
20,2,2,3092.1743945449284,4178.330319682616,right_wink
21,3,3,2422.549009959058,4064.48926775365,right_wink
22,2,2,10032.962129607471,215574.202399637,right_wink
23,2,2,4756.46170108592,152956.3883263645,right_wink
24,2,2,14523.387086863804,259736.8573914407,right_wink
25,3,3,3051.416329309647,4178.742718306069,right_wink
26,2,2,1976.3047898737977,336466.13664745557,right_wink
27,2,2,4630.191971218642,59135.22268226863,right_wink
28,3,2,9904.121863411705,11951.472721923259,right_wink
29,2,2,5134.176654282162,209861.58799124768,right_wink
30,2,2,5032.667716834701,46312.43811602268,right_wink
31,2,2,1867.1672058490983,3814.8688901509868,right_wink
32,3,2,6027.71369547229,63642.21126148709,right_wink
33,2,1,7539.912187970254,11609.712410987946,right_wink
34,1,2,1394.2936666636726,143828.9208800839,right_wink
35,2,3,5939.762021047795,513313.9550377129,right_wink
36,2,2,6680.305567382669,43360.287466917354,right_wink
37,2,2,2710.5233121364913,4797.479933519526,right_wink
38,3,3,9705.934069779572,7952.367604109545,right_wink
39,2,2,4888.275121344239,4111.714821958306,right_wink
40,2,3,3300.775690697735,5873.900616774723,right_wink
41,3,2,5619.658866438535,122296.96382826028,right_wink
42,2,2,4938.066705484137,4247.304913607889,right_wink
43,3,2,12151.91570018566,60657.1516098786,right_wink
44,2,2,25105.432473856734,11963.799559729285,right_wink
45,3,2,8530.932800707045,2685.4958572837268,right_wink
46,2,3,4099.8943060799365,473657.9541404427,right_wink
47,2,2,8456.535782023653,38202.19121522535,right_wink
48,2,2,25928.183857111646,15371.811399429822,right_wink
49,3,2,6989.32765474414,2521.879725705338,right_wink
50,2,2,2906.8285041069757,3080.4645439987085,right_wink
51,1,2,1264.6309280029172,118746.00121322648,right_wink
52,2,2,47411.658779326826,26990.05803179806,right_wink
53,2,2,4207.427763217743,4225.290021942463,right_wink
54,2,2,2569.598234225671,102521.52476481072,right_wink
55,2,2,5114.054810531336,141566.23931967892,right_wink
56,2,3,6795.445534561012,10682.4010666558,right_wink
57,2,3,6070.202313902573,6298.7767045581395,right_wink
58,2,2,16611.27138867674,146338.4676802521,right_wink
59,3,2,20015.82165867271,237856.80926654802,right_wink
60,2,2,5952.925533313803,3326.9890481457587,right_wink
61,2,2,3032.9450069271124,3703.2078506328894,right_wink
62,3,1,6845.806035819952,1824.709318368106,right_wink
63,2,2,2533.1094947896,462557.0464865674,right_wink
64,2,3,3132.698271906847,478847.66933462647,right_wink
65,2,2,5857.189936406957,318069.8430648173,right_wink
66,2,2,3181.37225794027,5403.370187446448,right_wink
67,2,2,5192.867339638976,139251.03113078224,right_wink
68,2,2,6205.058207977639,7654.61704040689,right_wink
69,1,2,4418.448431049134,112403.2224511543,right_wink
70,2,3,4496.102145482307,107800.39528533106,right_wink
71,1,2,5269.922490634442,4334.021596185272,right_wink
72,2,2,8475.279255162746,7703.619136848844,right_wink
73,2,3,10386.088895371016,374554.1158773689,right_wink
74,2,2,5633.05463843863,3865.682786043346,right_wink
75,2,2,6166.883887409732,53771.12873134919,right_wink
76,3,3,5453.671620768703,6148.135569133663,right_wink
77,3,2,3460.61713117126,1230.4012519073626,right_wink
78,1,3,1812.2978503862585,209733.6182316274,right_wink
79,2,3,4959.5292462105945,9568.993015915174,right_wink
80,2,2,6238.548833186357,136864.6383393526,right_wink
81,3,2,11033.605276099592,60390.09602130777,right_wink
82,2,2,2844.12971988932,5075.337892205578,right_wink
83,2,2,6019.3731982582785,241358.6075121617,right_wink
84,2,2,20930.00377811799,408828.2381737049,right_wink
85,2,2,9472.997804499248,288834.1435547725,right_wink
86,1,3,7152.71562957558,7278.537636561251,right_wink
87,2,2,58420.15468467122,11320.37799599346,right_wink
88,2,3,10765.572040395697,434521.88674661465,right_wink
89,4,3,3788.6057439248093,241910.61133503914,right_wink
90,2,3,6872.387330283447,287598.4428279754,right_wink
91,3,2,4936.799966836835,106010.65723257356,right_wink
92,2,2,8122.852225376795,56920.54816525977,right_wink
93,3,3,4170.333412239829,4085.734091738567,right_wink
94,3,2,2850.0320792800876,3539.0213953440257,right_wink
95,2,2,3046.688508126944,42917.147753072626,right_wink
96,2,3,4840.8228219403145,4902.576173114313,right_wink
97,2,2,4821.6905754608515,56566.410224138715,right_wink
98,2,2,3809.2793263159065,405187.3497168683,right_wink
99,2,2,28284.242007033885,17196.734636475438,right_wink
100,2,2,7092.065457243186,6641.619025268325,right_wink
101,2,3,12570.550801635633,91693.22416563917,right_wink
102,2,2,2982.1156086042497,3508.8740489214965,right_wink
103,2,2,6865.6319471406205,4610.536880566162,right_wink
104,2,3,20858.660214381413,15118.229886263529,right_wink
105,2,2,3664.2422207713594,94474.20980656677,right_wink
106,2,2,3964.5972980892398,75188.88398639653,right_wink
107,1,2,7831.629385868754,375808.3058403393,right_wink
108,2,2,5271.270476835771,396824.7608893179,right_wink
109,2,3,3318.5303590381045,5920.76209289496,right_wink
110,2,3,6144.167128707693,55223.73744049945,right_wink
111,1,2,11162.146997784272,42098.999516898264,right_wink
112,2,2,6173.213275749565,4267.901437453703,right_wink
113,3,3,30299.355968677526,17518.307952926647,right_wink
114,2,2,4110.914926542797,5639.1688287276875,right_wink
115,2,3,6061.002156629328,9304.771065673978,right_wink
116,2,3,2118.4559270961977,98721.66136849327,right_wink
117,2,3,3062.3247374275165,138628.65429221102,right_wink
118,2,2,6181.2567923389615,129069.89537236233,right_wink
119,3,0,13400.91348171862,11137.52097924593,right_wink
120,2,3,3967.325204875658,8129.361577084047,right_wink
121,2,2,3452.798135536188,5045.402986044781,right_wink
122,2,2,2213.6611665323912,355366.0113887833,right_wink
123,2,2,4555.173330024412,215528.6691717504,right_wink
124,2,2,25621.067083212813,8444.600521370712,right_wink
125,2,2,11070.849267036969,15714.304660893436,right_wink
126,2,3,13701.921935578774,291734.87919820665,right_wink
127,3,2,4797.1141363324905,2992.9954367181444,right_wink
128,3,2,4154.486608392831,5820.998803857982,right_wink
0,2,2,26459.7690908887,7025.52683307028,triple_blink
1,2,1,343324.64594804833,11102.443083648455,triple_blink
2,4,3,501085.6114062406,14889.741469528073,triple_blink
3,2,2,968946.3660051211,21912.402591810045,triple_blink
4,3,2,28357.913532506405,12851.325342059969,triple_blink
5,3,3,29761.652590102454,10813.019689506447,triple_blink
6,2,1,858221.7782985768,19753.448475956648,triple_blink
7,2,2,21660.105549468622,5775.354345235974,triple_blink
8,2,2,28729.99833070507,11351.155998245238,triple_blink
9,2,2,563933.1454040114,12235.243119193341,triple_blink
10,4,2,2525169.436405014,30734.58683886028,triple_blink
11,2,1,34516.005565009444,11029.038231456123,triple_blink
12,2,2,2613513.8718567537,110864.92133102068,triple_blink
13,2,1,28805.77354136301,8453.524879247105,triple_blink
14,2,1,32255.676439546496,35163.521758949675,triple_blink
15,3,2,28122.58190352981,12038.577602307923,triple_blink
16,2,2,38750.69783210288,12330.205681413869,triple_blink
17,3,2,1832767.2321424622,23021.394722424448,triple_blink
18,2,2,38978.65324392198,17221.19102873438,triple_blink
19,0,0,28529.582031579117,6751.093268802237,triple_blink
20,4,2,26017.135198717024,9993.767922350045,triple_blink
21,3,3,30881.385919625634,14828.041109086027,triple_blink
22,3,2,28610.225719803988,11195.296285335313,triple_blink
23,1,1,35659.77918007943,12997.566497720343,triple_blink
24,2,3,22761.90546411851,6860.164144135802,triple_blink
25,2,1,40403.75807751037,17434.073057411588,triple_blink
26,2,2,28195.775899575186,8639.04382709624,triple_blink
27,2,2,28693.95846268133,11513.142130421513,triple_blink
28,2,2,37336.65412451154,15781.70943858432,triple_blink
29,2,2,59790.57944887039,40607.13585637294,triple_blink
30,2,1,29597.185016053943,25177.38826919272,triple_blink
31,1,1,30882.050135142395,11716.33244546295,triple_blink
32,2,1,33316.944638510635,11570.738361782547,triple_blink
33,1,2,46990.44667870067,17237.80240032724,triple_blink
34,3,2,30160.6627280825,11964.040664102595,triple_blink
35,3,0,10256.966471968495,132172.46467208688,triple_blink
36,2,2,33396.02140537627,12669.589277617964,triple_blink
37,2,3,31347.611791036725,12353.549140424035,triple_blink
38,2,2,1190641.5424508455,23675.702470391552,triple_blink
39,0,2,2703492.2721708943,58844.26006782792,triple_blink
40,3,3,1627199.9168658531,23698.179399944915,triple_blink
41,1,3,2848775.8713123356,145662.02479295386,triple_blink
42,2,2,443187.2536481428,11496.833486487163,triple_blink
43,2,3,30637.896819661637,12114.960464024112,triple_blink
44,2,2,36016.01864560197,13738.869495100067,triple_blink
45,0,1,45565.79303534621,10575.140621627383,triple_blink
46,2,2,785562.8194620141,20474.258095384135,triple_blink
47,2,4,36065.631393146294,11753.361521310786,triple_blink
48,3,2,854788.8367252942,17655.513607040342,triple_blink
49,2,2,30633.925002467015,9611.849883661449,triple_blink
50,1,1,31306.237275669348,11416.069257127461,triple_blink
51,2,2,49249.397840809,13333.195254672364,triple_blink
52,2,3,36553.65076908135,12851.198749611214,triple_blink
53,2,2,31874.17816669913,11134.02013832101,triple_blink
54,2,1,52123.06159741435,12307.899142454176,triple_blink
55,2,1,26465.48747769459,9446.121816907951,triple_blink
56,2,1,31159.237239469712,13239.206585166534,triple_blink
57,2,1,34203.91577939631,12360.057180345413,triple_blink
58,1,2,38175.87935462633,16090.999119610677,triple_blink
59,2,2,38448.31970654373,13827.337330401479,triple_blink
60,2,1,1638381.42332377,32250.95981805948,triple_blink
61,0,2,3028555.6240101764,79924.53836424524,triple_blink
62,2,2,182686.98520939721,8031.203407615693,triple_blink
63,3,2,33326.23384702835,12946.00267809084,triple_blink
64,1,1,19336.997272485158,6008.800025831395,triple_blink
65,2,4,33379.41239582136,11426.300317655161,triple_blink
66,1,1,47261.69996259228,12474.154784411288,triple_blink
67,2,2,41038.17718957566,17071.753180140666,triple_blink
68,2,3,21287.845983119496,5830.01740636464,triple_blink
69,1,1,51745.58930785676,21253.179160466727,triple_blink
70,1,1,80118.57268546222,16944.256010031684,triple_blink
71,2,1,35790.23026527803,14562.654476514872,triple_blink
72,0,1,2770351.0650176806,55631.54791270143,triple_blink
73,0,2,2628787.148093419,54354.98944937637,triple_blink
74,1,1,30949.977320264694,11627.856451491147,triple_blink
75,2,2,87742.6610955656,30375.06975267555,triple_blink
76,1,0,24545.986752723,13566.363783121955,triple_blink
77,2,3,67157.35279643649,27705.278515289556,triple_blink
78,3,3,1372111.1127430096,18193.63357489441,triple_blink
79,2,2,36794.100366713006,15210.446380755353,triple_blink
80,0,2,3166877.543142703,66489.79266078601,triple_blink
81,2,2,42970.374661147194,17145.519241500286,triple_blink
82,1,1,50322.09165517636,19826.249562818437,triple_blink
83,2,1,36329.33973111148,15291.010881120957,triple_blink
84,3,3,27714.60019926702,11812.469152751299,triple_blink
85,3,2,30363.308208402228,16141.447988360978,triple_blink
86,0,2,3323849.5158109297,97754.70874539901,triple_blink
87,1,2,33164.42424810449,14586.468893218644,triple_blink
88,2,1,22350.66449363176,12252.778650946982,triple_blink
89,2,2,30718.741229679523,11367.53616597958,triple_blink
90,0,2,2532001.905137069,65802.03026443857,triple_blink
91,2,2,29149.315900274974,8794.039251583807,triple_blink
92,2,2,35768.019466266116,13300.27603624053,triple_blink
93,3,2,47629.90404230627,21153.464685023137,triple_blink
94,2,2,44980.3856051015,10084.510908297918,triple_blink
95,2,2,31098.29713369591,7163.678120218997,triple_blink
96,1,1,34281.554741566026,8382.30184017981,triple_blink
97,2,1,707242.4883686744,16404.526788173356,triple_blink
98,1,1,26407.544139112535,11029.152384551277,triple_blink
99,2,2,38800.96101607491,7371.350939898567,triple_blink
100,2,3,37893.320494142405,14502.669358884164,triple_blink
101,2,3,340448.90451342217,11045.309286419953,triple_blink
102,0,2,2732266.012741757,51351.94219440918,triple_blink
103,2,2,32686.90277742445,11474.93580851579,triple_blink
104,1,1,25058.654858725495,5550.971567227057,triple_blink
105,1,2,22960.758904879887,5195.0218686186745,triple_blink
106,3,4,27507.44014359258,11145.47159072245,triple_blink
107,1,2,20285.002801425053,5831.94731742061,triple_blink
108,1,2,24955.919422153573,23523.612322737044,triple_blink
109,1,1,35098.9437124489,13669.861151423125,triple_blink
110,2,2,327591.7839477808,10716.311031167143,triple_blink
111,1,2,44691.73677300943,13352.153099698426,triple_blink
112,4,2,14269.975337924077,4641.092015693209,triple_blink
113,2,2,61423.19165658294,22570.645778444927,triple_blink
114,2,2,93015.1353890338,8809.351281354317,triple_blink
115,1,1,36914.812245826295,14398.146456762786,triple_blink
116,2,2,32752.17153730537,12513.998600927533,triple_blink
117,2,2,32095.32634192457,9421.41601345931,triple_blink
118,2,3,31337.282745125693,13612.62649303009,triple_blink
119,1,2,28022.181512666197,11728.55627006651,triple_blink
120,2,1,33965.931577567884,11813.97614712497,triple_blink
121,1,1,34775.50442233367,9340.25603385564,triple_blink
122,2,2,43274.80711185816,19812.39271527171,triple_blink
123,2,2,36570.602791751495,14037.19873934082,triple_blink
124,1,1,39243.99025113279,14753.849135919043,triple_blink
125,1,2,42168.622989216834,11679.279996748148,triple_blink
126,3,3,29247.56832552581,14410.616569200922,triple_blink
127,2,3,25219.593648648293,11280.445646498487,triple_blink
128,0,3,2791664.308534712,54386.65740493767,triple_blink
129,2,2,26971.40122413591,5425.170491649425,triple_blink
130,3,2,39290.208706324855,16267.076716823221,triple_blink
131,2,2,30703.24113771058,12602.963994718679,triple_blink
132,3,3,37916.320484936994,14769.611728891507,triple_blink
133,2,3,760941.5631806041,14843.698338000513,triple_blink
134,1,1,140422.77188393555,37928.19024912852,triple_blink
135,2,2,48116.502122260485,18587.987378693582,triple_blink
136,2,1,20203.736628148938,6978.58000318595,triple_blink
137,1,1,39514.05034320211,13597.101604085932,triple_blink
138,2,1,24444.265838502397,7183.046045364863,triple_blink
139,1,1,33701.781422379354,13950.437821001333,triple_blink
140,0,2,2417939.115638384,21197.932423792023,triple_blink
141,3,1,787028.9830881067,18507.377122247883,triple_blink
142,2,2,20542.93333735505,4814.538073511706,triple_blink
143,3,2,748401.8252893246,15210.719332964642,triple_blink
144,2,2,32573.54401115711,14479.376259656845,triple_blink
145,2,2,40642.68879386467,15474.886276096382,triple_blink
146,3,0,102408.34049365432,86104.0502645848,triple_blink
147,3,3,16569.752502079133,7870.744237488846,triple_blink
148,2,2,41625.54247587382,17352.941702403725,triple_blink
149,2,2,27587.957161430917,12025.429766639467,triple_blink
150,1,2,38155.008282374816,15520.320274006473,triple_blink
151,2,1,38781.980828387896,17689.603560811785,triple_blink
152,2,1,20079.718901153345,6019.979281985686,triple_blink
153,2,2,45808.59797916324,18696.19427156468,triple_blink
154,1,1,33849.008843371535,13457.243200494777,triple_blink
155,2,2,46983.23184913132,21543.911576383605,triple_blink
156,0,0,42755.63223846483,11197.407512861817,triple_blink
157,0,3,3266841.5535757453,37101.83321576493,triple_blink
158,3,3,64740.776993241576,23186.11981883342,triple_blink
159,2,2,29857.77908113947,12568.636716188266,triple_blink
160,2,1,964534.6848727451,19576.64064080034,triple_blink
161,2,3,525375.4616562378,13385.521087266998,triple_blink
162,3,2,1426087.2418489116,22971.608719705695,triple_blink
163,1,1,32168.767452984408,8604.887867293599,triple_blink
164,3,1,16575.338323009335,7189.156213197035,triple_blink
165,2,2,40992.00689267775,14884.415114818074,triple_blink
166,2,2,44918.78028195291,16666.514516201372,triple_blink
167,0,0,49091.699572788886,14989.776934777385,triple_blink
168,2,2,58573.833573969234,24812.385904161547,triple_blink
169,1,2,35362.35835965936,13810.195396535373,triple_blink
170,2,2,30137.457443246258,20457.26070001704,triple_blink
171,2,2,38973.56605191966,14744.028606259177,triple_blink
172,2,2,19749.150673820353,5510.181424303304,triple_blink
173,1,1,42690.24239270768,16047.276084396253,triple_blink
174,3,2,32772.61317695937,12305.36860978155,triple_blink
175,3,2,32427.541691911607,8517.350585237198,triple_blink
176,0,1,2475580.1224593227,35617.85633397827,triple_blink
177,0,2,3309306.9612907167,75548.88334256285,triple_blink
178,2,2,31081.68813501406,12785.159396637822,triple_blink
179,2,2,1271026.4289545212,25698.928549944296,triple_blink
180,2,2,677729.1102484297,14528.02599969556,triple_blink
181,2,3,24222.07856064341,9260.89652761227,triple_blink
182,3,3,377979.71136135515,10314.00790249522,triple_blink
183,1,0,25121.85998183785,24054.237735988987,triple_blink
184,0,3,2076907.9597531948,22321.03997588736,triple_blink
185,2,2,37390.670834536264,14636.547617150258,triple_blink
186,2,1,40250.49083965811,20865.48740707686,triple_blink
187,3,3,39954.34270096734,16787.464385110427,triple_blink
188,2,2,257717.3272313619,10949.022766741582,triple_blink
189,3,2,1171872.2649435832,18497.24446299173,triple_blink
190,2,2,34117.36224107637,11623.73244337455,triple_blink
191,3,2,37726.25736166995,13653.010596375221,triple_blink
192,3,2,31661.767835526745,11688.036667710681,triple_blink
193,1,2,39011.12806025667,14675.660457176238,triple_blink
194,2,2,32189.816816496594,8607.493537822838,triple_blink
195,0,2,2588380.9882553765,58905.43558311177,triple_blink
196,2,1,29162.613805083136,16893.711316254994,triple_blink
197,2,2,35348.000578244006,12797.623341807108,triple_blink
198,2,2,38042.2188970861,12537.709823803527,triple_blink
199,1,0,59067.62199920939,46743.4608566989,triple_blink
200,2,3,36834.38936951959,15286.328149556492,triple_blink
201,2,2,35780.15626455122,13842.530187909453,triple_blink
202,3,2,36376.71439986174,14979.112741782516,triple_blink
203,1,2,16115.173363407115,4124.298035015892,triple_blink
204,2,2,61681.18147607203,28427.432006375595,triple_blink
205,2,2,32584.029398622806,11472.887825761334,triple_blink
206,2,2,40237.47332817108,17734.639122536286,triple_blink
207,1,1,22553.448041184758,9838.67170898473,triple_blink
208,2,2,1455351.1568744767,37614.17290711237,triple_blink
209,1,1,30372.173662692483,10719.896423660926,triple_blink
210,2,2,32549.5402762951,11118.379333098446,triple_blink
211,0,2,2353023.4577889116,44869.56735627732,triple_blink
212,2,2,35214.27297572064,12933.563984787748,triple_blink
213,2,2,33162.863497201986,13322.442637464575,triple_blink
0,1,0,352.86296745676157,323.84536895138683,baseline
1,0,0,752.9969144296322,3750.8148301004107,baseline
2,0,2,456.6976045788243,371.04375258211854,baseline
3,1,1,590.1919930432407,513.0252937142967,baseline
4,0,0,1508.04811819075,868.9838746963036,baseline
5,0,1,681.1130152093587,735.0412323275328,baseline
6,0,0,376.98043536543224,496.74368290666655,baseline
7,1,1,454.56427007444614,480.293246072179,baseline
8,2,2,3767.1098137466856,1766.0597831735888,baseline
9,1,1,365.0670182335558,505.74364227215864,baseline
10,1,1,477.5111322979992,537.2517518138443,baseline
11,2,2,465.20274162761723,403.9755965935047,baseline
12,2,0,805.3224424061045,742.8263898534477,baseline
13,1,0,240.07057522828413,435.16441770851384,baseline
14,1,1,362.1307921317303,327.2339320245029,baseline
15,0,0,323.0919162207908,560.3090705606145,baseline
16,1,1,386.5387811841487,360.6788978414601,baseline
17,0,0,2157.417431365353,565.1889222107488,baseline
18,2,0,783.7315534780151,504.65651185105327,baseline
19,0,1,2447.315995391081,686.500938935676,baseline
20,0,1,372.30684564609277,335.4610885588649,baseline
21,0,0,31252.555039678926,32434.077606220413,baseline
22,0,0,494.2453110441461,570.446096292595,baseline
23,0,1,477.4615627033887,343.4263986011785,baseline
24,1,1,379.0304026026435,331.3523308174686,baseline
25,1,1,408.26410106789797,349.22811335610913,baseline
26,1,0,282.3428871458072,293.76379262130285,baseline
27,1,1,766.1683831904043,1569.4486190474083,baseline
28,2,0,332.9551061218661,13728.387660730114,baseline
29,2,1,561.3731879201022,704.7704186825263,baseline
30,0,1,905.0256786216534,1174.7965794628205,baseline
31,0,1,289.3899035090035,295.8074109930062,baseline
32,1,0,315.9041125589217,389.9956253553217,baseline
33,1,1,358.74369862540146,479.99281136578423,baseline
34,0,0,19649.8601769965,12553.790501987427,baseline
35,1,1,258.12354317020976,348.6854870496229,baseline
36,0,1,476.15399267512527,444.6485385768231,baseline
37,0,0,1428.3525830474803,1943.1465348239803,baseline
38,0,0,15265.969383350459,35189.71246679266,baseline
39,1,0,411.21516469113845,454.61412572572056,baseline
40,0,0,9991.526282944407,6238.647652051372,baseline
41,0,0,2684.740501371987,2437.181562730944,baseline
42,1,1,391.74333144929614,381.8611300483693,baseline
43,0,0,568.9892705735224,1225.4749950416465,baseline
44,0,0,849.4429125271898,4440.645437785074,baseline
45,1,1,487.9605454173897,555.549435238724,baseline
46,1,0,428.1785906119653,960.0691417182603,baseline
47,0,1,472.5877602119461,399.4853914064601,baseline
48,0,1,453.68227605054784,416.94790723797064,baseline
49,0,0,311.86640974696064,520.3875050659219,baseline
50,2,2,428.01863609041135,452.4396595776429,baseline
51,2,1,419.9789204100705,393.62785241810593,baseline
52,1,1,446.0280380134257,380.92150784090614,baseline
53,1,1,399.30457227063624,359.1322025446244,baseline
54,1,0,384.47069860215106,432.3195059562089,baseline
55,1,0,5097.005363937685,18393.9189748948,baseline
56,0,0,713.61758737665,1654.6249199556441,baseline
57,1,2,350.8149972603158,460.7924496772164,baseline
58,0,0,1283.1900647525554,1115.1629213358872,baseline
59,1,1,333.39239304177795,370.7068083456705,baseline
60,1,1,417.00399135818276,541.0823397487254,baseline
61,0,1,319.94360979753657,394.5544630001739,baseline
62,3,2,1283.2743206819778,1167.2418161673397,baseline
63,0,0,979.7567209195628,482.67915058597634,baseline
64,1,1,331.8012284335189,326.6878942018085,baseline
65,0,1,741.4285820536468,1452.4767470351037,baseline
66,2,0,450.44034796427246,668.1883533611732,baseline
67,0,2,381.70485536053695,357.157060484213,baseline
68,0,1,686.960919589129,711.0833773020364,baseline
69,0,1,425.94903926389196,284.9353427153813,baseline
70,2,2,1146.9077323865338,749.2284807765463,baseline
71,0,1,553.8781972743476,616.2406618910317,baseline
72,1,1,376.3856674158856,389.2149296692003,baseline
73,0,2,936.0641724795122,596.0207027500236,baseline
74,0,1,403.56675714653795,438.58037823235827,baseline
75,2,0,416.1872939961514,384.85549119506084,baseline
76,0,0,1442.5178058818524,1349.3163117552165,baseline
77,1,1,436.5263359228187,414.9332155220543,baseline
78,1,0,357.96225983544065,560.1760433863162,baseline
79,2,1,845.3155958248263,452.30317900251936,baseline
80,1,1,398.2452318262865,313.2941777924165,baseline
81,1,1,389.31671397393603,504.92873115186535,baseline
82,0,1,345.7131129604793,376.93512926380384,baseline
83,2,1,287.1179437984997,406.13921040794054,baseline
84,0,2,297.1070785140512,265.7555843588007,baseline
85,0,1,396.49727610637603,313.88337561690327,baseline
86,0,1,346.03065087131694,341.9999607913983,baseline
87,0,0,1264.1187918616192,4789.228927430768,baseline
88,1,0,453.05197718326525,1487.8371790883189,baseline
89,1,1,349.945032031566,538.065682015794,baseline
90,1,1,308.4353659125853,316.2595604368213,baseline
91,0,0,2628.508171592105,7078.234667377632,baseline
92,0,0,512.3875422224233,632.0375052546333,baseline
93,1,0,443.93947516903825,399.61616885734884,baseline
94,1,2,358.5767976838552,388.63441595557805,baseline
95,1,1,301.3444885971835,217.7592664194534,baseline
96,1,1,916.7485916704376,1342.1380528987522,baseline
97,0,0,514.7733622678087,498.8014501652486,baseline
98,0,0,384.8369937460243,478.80730798456125,baseline
99,1,1,1000.1354457465768,515.9139588675177,baseline
100,0,0,920.5728927984002,1279.8188061878477,baseline
101,0,0,1562.7365168894073,1520.3378636526365,baseline
102,1,1,366.2757405342242,377.6069839043374,baseline
103,0,1,446.9590440191652,327.5199710770249,baseline
104,1,1,342.6401100522178,330.16234839332617,baseline
105,0,1,489.9974218791252,580.9321341140183,baseline
106,2,1,838.6998482783247,682.8223429735029,baseline
107,0,0,1328.6194170758536,455.2931000382243,baseline
108,1,0,476.6637254714526,281.9782612475715,baseline
109,2,2,1246.788803435356,1478.266426088534,baseline
110,0,1,594.8836547080408,628.5454111498774,baseline
111,1,1,324.572093290121,349.9327736958449,baseline
112,0,0,872.4262537782791,1279.286490806446,baseline
113,0,1,575.9892259979187,516.3963078155369,baseline
114,1,1,284.5658267773088,269.0325192591325,baseline
115,1,1,272.78569934170156,921.1347800473351,baseline
116,1,1,292.50231359870116,393.32893140567813,baseline
117,1,0,370.68137923248474,415.1712037270418,baseline
118,1,1,283.1939665587473,431.6676488053391,baseline
119,0,0,8590.622689981219,10528.738026835814,baseline
120,1,0,298.2671726636434,290.70749378318055,baseline
121,0,0,306.9335072565583,360.75244084664473,baseline
122,1,1,358.76848755653003,362.47892445693327,baseline
123,2,1,557.6178116893041,430.7675571405323,baseline
124,0,0,491.6736015660766,364.7366620570353,baseline
125,1,1,424.3994220120172,416.4433732084251,baseline
126,0,0,910.9445665917195,4240.195161708313,baseline
127,1,1,455.48408080866636,358.72478072172413,baseline
128,0,0,579.4353894254498,11742.538148198071,baseline
129,1,1,441.87566939697103,431.2275917868075,baseline
130,0,0,314.90839771489334,441.8808255632457,baseline
131,0,0,2435.6545518855723,8233.07586442773,baseline
132,1,1,406.2713861966115,319.83746805375205,baseline
133,1,0,334.5742804000081,388.91799162936127,baseline
134,0,1,359.77761130040926,369.3677348029452,baseline
135,0,0,2658.1242704355363,2512.561110631521,baseline
136,0,0,476.0669431188817,509.9215154024263,baseline
137,0,1,401.9656082325303,354.6196720670813,baseline
138,1,1,525.9794145919841,552.1196424226881,baseline
139,1,0,782.7809305955279,3837.499871145869,baseline
140,0,2,297.82285623999724,358.9464125775993,baseline
141,1,1,334.8672742787508,439.8312161626836,baseline
142,0,2,347.78188781547243,373.6288597190867,baseline
143,2,0,725.3561585541087,1225.7091400918353,baseline
144,1,1,516.3998760512816,544.585499729828,baseline
145,0,0,591.9723778168479,562.5682236423236,baseline
146,0,1,302.334438526358,242.5023068321029,baseline
147,1,0,573.3413271307539,471.1364692813081,baseline
148,1,2,394.900093350818,449.9346542723392,baseline
149,1,0,331.1036240452556,319.01784761563385,baseline
150,0,0,2248.367407628019,6063.902178677344,baseline
151,2,1,617.4851993623525,540.4288196372195,baseline
152,1,1,262.79270801020573,351.7676546187273,baseline
153,1,0,121743.30759912549,107791.81395394575,baseline
154,2,2,3432.4153470657475,1728.4099025042544,baseline
155,3,3,3926.7420733527847,2245.548160864746,baseline
156,1,1,352.4709190355777,484.0823307989692,baseline
157,0,1,882.2420428342901,615.4783141972001,baseline
158,1,0,568.3889856061297,697.7062459104999,baseline
159,1,1,327.7706292858146,383.71969848246016,baseline
160,1,1,2047.2081779105981,748.7396199247663,baseline
161,0,0,2748.9678959481416,3131.3706200204088,baseline
162,0,0,866.3640696603635,1133.5971364899863,baseline
163,1,1,391.67652952522684,324.6406832851297,baseline
164,1,1,419.3634907241154,409.03073855396616,baseline
165,1,1,1353.9701996117624,740.5115642293864,baseline
166,0,1,12582.685255026561,344.13882889095714,baseline
167,1,0,417.9891898280243,491.4767795462777,baseline
168,1,1,1457.860573441778,1633.2797718023128,baseline
169,2,1,329.56628203725694,396.1346347590848,baseline
170,0,0,363.34033478095614,343.5451830529593,baseline
171,0,0,16520.054050065053,52584.1117400683,baseline
172,1,0,379.95838881795436,925.4671175956847,baseline
173,1,1,406.31263772674765,519.8302694548307,baseline
